warning: more than one possible gene symbols found for group N1.HOG0000010 : loc141376600, loc141377960
warning: more than one possible gene symbols found for group N1.HOG0000016 : loc141375623, loc141380632, loc141381179, loc141381666
warning: more than one possible gene symbols found for group N1.HOG0000034 : loc141376549, loc100002472
warning: more than one possible gene symbols found for group N1.HOG0000053 : loc137490430, loc137491211, loc141375313, loc141375509, loc141375882, loc141376079, loc141376124, loc141376342, loc141376513, loc141376528, loc141376632, loc141376699, loc141376813, loc141377116, loc141377164, loc141377490, loc141377531, loc141377611, loc141377754, loc141377783, loc141377798, loc141377868, loc141377999, loc141378071, loc141378159, loc141378446, loc141378493, loc141378555, loc141378558, loc110439032, loc137488938, loc141378646, loc141378820, loc141378823, loc141378968, loc141379022, loc141379047, loc141379212, loc141379219, loc141379311, loc141379375, loc141379466, loc141379554, loc141379826, loc141379939, loc141380091, loc141380113, loc141380189, loc141380278, loc141380324, loc141380595, loc141380596, loc141380730, loc141380737, loc141380764, loc141380783, loc141380825, loc108181599, loc141380999, loc141381017, loc141381022, loc141381087, loc141381132, loc141381154, zgc:174696, loc141381525, loc141381629, loc141381638, loc141381647, loc141381662, loc141381794, loc141381796, loc137491106, loc141384037, loc141385617, loc141385623, loc141385624, loc141385698, loc141385722, loc141385799, loc141385860, loc141386153, loc141386219, loc141386373
warning: more than one possible gene symbols found for group N1.HOG0000054 : loc141378815, loc141385613
warning: more than one possible gene symbols found for group N1.HOG0000055 : loc141375061, loc141377610, loc108179646, loc141379226, loc141381679, loc137490995, loc141381827
warning: more than one possible gene symbols found for group N1.HOG0000058 : si:ch211-187g4.1, si:ch211-191a16.2, nlrc11, si:ch211-233m11.1, nlrp16, si:dkey-121n8.5, si:ch211-181d7.2, loc110437818, si:ch211-181d7.1, nlrc7, loc100150280, nlrc9, loc100334612, loc108179239, loc559196, nlrc6, si:dkey-23k10.2, si:dkey-121n8.7, si:ch211-191a16.5, si:dkey-121n8.8, nlrc8, si:ch211-149a19.3, loc100536924, si:ch73-24k9.2, loc568664, si:ch73-286h23.3, loc137489052, si:ch211-196h16.5
warning: more than one possible gene symbols found for group N1.HOG0000061 : si:ch73-168d20.1, loc101886147
warning: more than one possible gene symbols found for group N1.HOG0000069 : loc794656, si:dkey-27n6.1, si:dkey-51d8.1, si:dkey-222h21.3, si:zfos-364h11.1, loc100537733, si:ch211-236p5.2, si:ch211-15j1.5, si:dkey-222h21.11, si:dkey-13n15.11, loc100147926, si:ch211-207e19.2, loc100329650, si:dkey-222h21.10, si:ch211-194e1.9, si:ch211-214b16.3, loc100334677, loc796962, si:ch211-15j1.1, si:ch211-194e1.7, si:ch73-50f9.4, loc100333840, loc101883625, si:dkey-51d8.3, si:dkey-151g22.1, loc110439446, loc137490855, si:dkey-11n14.1, loc108183675, si:dkeyp-100h4.1, loc101885873, si:dkey-29j8.1, loc137491075, si:ch211-197e7.1, loc108183819, loc137491079, loc137491115, loc137491128, loc137491176, loc108179160, loc110439622, loc137491250, loc137491252, si:ch211-227p7.5, loc103911012, si:dkey-240n22.1, loc137491427, loc108183677, loc137491444, loc137491476, loc108183426, loc137491565, zmp:0000001020, loc137495365, nlrp3, si:ch73-236c18.2, si:ch211-255g12.8, loc100333957, loc141375289, si:dkey-222h21.9, si:ch73-236c18.7, si:dkey-222h21.5, si:ch211-15j1.4, loc137495358, si:dkey-222h21.1, loc100334101, loc103908614, nlrc10, loc137495359, loc137493795, loc100334847, loc108184853, loc108186899, si:dkey-222h21.6, si:ch211-278p9.1, si:ch211-278p9.3, si:ch211-278p9.2, si:ch211-236p5.3, si:ch211-214b16.2, loc110439318, loc137490780, loc110439307, loc572555, loc141381312, loc141381313, loc100334202, si:dkey-71l4.4, loc141381538, loc108182277, loc110437835, loc137490964, loc103910514, loc110439338, loc137491077, loc110439522, loc137489479, si:dkey-165e24.1, si:dkey-261o4.8, loc110439606, loc110439479, loc103910510, loc103910520, loc108183562, loc137489887, loc137491428, loc137490942, loc137491160, loc110437820, loc141381672, zgc:194906, loc137490826, loc110439544, loc137491154, loc137491011, loc100536629, si:dkey-165o8.1, si:ch211-114l13.13, si:dkey-82i20.1, si:cabz01015815.1, loc137491375, loc141381789, loc137491382, si:ch211-133h13.1, loc108183521, loc137489839, loc110439575, loc108183350, si:ch211-232d10.1, loc110438418, loc103910919, loc110439541, loc137491076, loc101886966, si:ch211-237a4.2, loc141381790, si:ch211-203c5.3, loc137490822, loc110439559, loc137491022, loc103909906, loc141381793, loc137489749, loc137491025, si:cabz01069012.2, loc141381813, loc141381814, loc141381815, loc141381831, loc141381845, loc141381851, loc141381859, loc141381860, loc137488774, loc137490961, loc137491452, loc137491454, loc141375043
warning: more than one possible gene symbols found for group N1.HOG0000073 : si:dkey-286j15.3, zgc:171679, loc796214, si:dkey-23k10.3, si:dkey-103k4.2, loc108181107, loc141381797
warning: more than one possible gene symbols found for group N1.HOG0000106 : loc141377931, loc141378177, loc141378708
warning: more than one possible gene symbols found for group N1.HOG0000115 : loc137487946, loc137489128, loc137496479, loc141375142, loc141375180, loc141375432, loc141375653, loc141376366, loc101885677, loc141376720, loc141376721, loc141376829, loc141376844, loc141377487, loc137487592, loc141377706, loc141377842, loc141377867, loc141377915, loc141377974, loc141378472, loc141378554, loc141378560, loc141375020, loc141378721, loc141378828, loc141379013, loc141379050, loc141379074, loc141379075, loc141379097, loc141379279, loc141379480, loc141379487, loc141379495, loc141379813, loc141379874, loc141379953, loc141379987, loc141380202, loc141380521, loc141380685, loc141381000, loc141381288, loc141381359, loc141381642, loc141381643, loc141381812, loc141381996, loc141385769, loc141386186
warning: more than one possible gene symbols found for group N1.HOG0000157 : loc137490186, loc141377745, loc137488621, loc141381314, loc141381651, loc141381802
warning: more than one possible gene symbols found for group N1.HOG0000159 : loc141376137, loc141376445, loc141376694, loc141377837, loc141378070, loc141378312, loc141378660, loc141378681, loc141379172, loc141380744, loc141381792, loc141385616, loc141386185, loc141386298
warning: more than one possible gene symbols found for group N1.HOG0000174 : zgc:165409, loc141381995
warning: more than one possible gene symbols found for group N1.HOG0000175 : loc101884552, loc141378160, loc141378314, loc141379503, loc141380039, loc110438332, loc141381986
warning: more than one possible gene symbols found for group N1.HOG0000176 : loc103909885, cuzd1.1, loc137489104, loc137491412, hspa12b, im:7147916, loc141380788, loc141384361, loc101886116, loc108190122, loc141385997
warning: more than one possible gene symbols found for group N1.HOG0000178 : loc797855, loc100329885, loc101884037
warning: more than one possible gene symbols found for group N1.HOG0000186 : si:ch211-253b8.2, zgc:66443, si:ch211-86h15.1
warning: more than one possible gene symbols found for group N1.HOG0000202 : si:dkey-93n13.2, loc137490859
warning: more than one possible gene symbols found for group N1.HOG0000229 : loc101883804, loc108179085, tas2r200.1, loc101886504, loc101883153, loc101885430, loc103909475, loc101883715, loc101882673, loc101885868, loc103911812, loc103909828, loc103910115, zgc:113265, loc103910875, loc141375266, loc110440005, loc141376562, loc137496690, loc141376868, loc137489151, loc103912062, loc141378313, loc141378433, loc141378659, loc141379225, loc103911210, loc101884906, loc141380019, loc141380241, loc101885807, loc101886158, loc141380700, loc141385708, loc141385771, loc141385772, loc141385856, loc141386218
warning: more than one possible gene symbols found for group N1.HOG0000232 : loc101883771, loc101886657, loc108191338, loc101882447, loc101885155, loc108191636, loc101883824, loc108190499, loc103908683, loc101886086, loc137490966, loc137496233, loc141375141, loc141375165, loc101885620, loc141376179, loc137487287, loc141376769, loc137487776, loc103908762, loc110439066, loc141380275, loc103910221, loc141385607, loc141385716, loc101884727, loc141386269
warning: more than one possible gene symbols found for group N1.HOG0000233 : si:ch211-276i12.9, zgc:194285, loc141377595, si:cabz01069022.1
warning: more than one possible gene symbols found for group N1.HOG0000237 : loc141375459, loc141376701, loc141377013, loc141378468, loc141380084, loc141385703
warning: more than one possible gene symbols found for group N1.HOG0000238 : ftr67, ftr14, ftr64, ftr24, ftr16, loc100006950, ftr03, ftr02, loc570163, ftr65, ftr36, ftr56, ftr57, ftr26, ftr34, ftr35, loc570079, ftr29, ftr95, ftr51, loc108179111, loc100536182, ftr31, ftr20, ftr11, ftr41, ftr59, ftr12, zgc:174931, ftr23, loc108180198, ftr07, ftr06, ftr15, loc101882560, ftr27, ftr19, ftr05, ftr87, ftr33, ftr30, loc571488, ftr58, ftr22, ftr01, ftr94, ftr42, ftr37, ftr38, loc570185, ftr13
warning: more than one possible gene symbols found for group N1.HOG0000268 : btr16, btr06, btr29, zgc:173581, loc100149991, btr26, btr23, loc100535633, btr24, btr09, btr05, si:ch211-216p19.6, btr07, loc137487215, btr14, si:ch211-247l8.10, btr25, btr22, btr18
warning: more than one possible gene symbols found for group N1.HOG0000269 : loc101883768, myl2b, loc141378085, si:dkey-266f7.5
warning: more than one possible gene symbols found for group N1.HOG0000273 : loc137487491, loc137490251, loc101884285, loc101886897, loc141376733, si:ch211-152f22.4, loc141375048, loc141375054, loc141378277, loc141378278, loc141378704, loc141378747, loc141381705
warning: more than one possible gene symbols found for group N1.HOG0000274 : loc137490401, loc141375887, loc141376702, loc108183297
warning: more than one possible gene symbols found for group N1.HOG0000275 : loc103911107, loc141385746
warning: more than one possible gene symbols found for group N1.HOG0000276 : loc110439392, loc100148897, loc141378467, loc141378470, loc110438114, loc141385707
warning: more than one possible gene symbols found for group N1.HOG0000281 : parp142.2, parp14rs2.1, loc101886695, si:ch211-163c2.3
warning: more than one possible gene symbols found for group N1.HOG0000282 : zgc:195075, loc100333313, si:dkeyp-67a8.4, si:ch211-165f21.6
warning: more than one possible gene symbols found for group N1.HOG0000291 : zgc:152658, zgc:194443, loc793449, si:ch211-113e8.9
warning: more than one possible gene symbols found for group N1.HOG0000295 : zgc:171452, zgc:172091, si:dkey-1c7.3, loc100148249, loc571092, loc100535040, loc110439970, loc110439974, loc101886664, loc137495296, loc141375161, loc137495369, zgc:64012, loc141383567, loc137487289
warning: more than one possible gene symbols found for group N1.HOG0000301 : loc100148751, loc101882729, loc110438806, loc110438807, loc100330007, loc793010, loc100331050, loc100329848, loc110438610, loc103910188, loc101882166, loc571124
warning: more than one possible gene symbols found for group N1.HOG0000302 : zgc:113625, zgc:153642, si:dkey-30g5.1, loc108179126, zgc:122993, loc100151285, loc100331609, loc100537134, loc100005864, loc100005907, loc100333355
warning: more than one possible gene symbols found for group N1.HOG0000303 : si:ch211-182e10.4, zgc:171242, si:ch73-42k18.1, si:dkey-40h20.1, si:ch211-166e11.5, loc101883115, loc101882553, loc103908645, loc101885296, loc101883431, si:dkey-21n10.3, loc100320750, loc110438168, loc101885831, loc110439107, loc101886407, loc110439630, loc137490308, loc141375147, loc141376641, loc101884093, loc110440173, loc141377643, loc141377776, loc141377779, loc110438326, si:dkey-34k9.3, loc141378471, si:ch211-131e11.16, loc100332501, loc141378705, si:ch211-193k19.2, loc141379048, loc141379165, loc141380305, loc101883590, loc110437875, loc796293, loc101884202, loc141381656, loc141381657, loc137491060, loc141385576, loc141385712
warning: more than one possible gene symbols found for group N1.HOG0000312 : cldc1, loc110438754, loc141381250
warning: more than one possible gene symbols found for group N1.HOG0000313 : illr4, illr1, illr2, si:ch211-133n4.7, illr3, loc101885796
warning: more than one possible gene symbols found for group N1.HOG0000319 : asgrl1, si:ch211-170d8.8
warning: more than one possible gene symbols found for group N1.HOG0000328 : si:ch73-343l4.8, dcsignlg, loc100537240, loc110438783, loc141375100, loc141375137, loc141375154, loc141375163, loc141375505, loc141375506, loc110438686
warning: more than one possible gene symbols found for group N1.HOG0000329 : si:ch211-214k5.3, loc103911745, loc101884526, loc110440085, zmp:0000000937, si:ch73-111e15.1, loc141376267, loc100534679, loc110438856, si:ch73-122g19.1, loc101884413, zmp:0000000924, loc110438855, loc100537962, loc137496619, loc100535655, loc108183910
warning: more than one possible gene symbols found for group N1.HOG0000331 : loc103911649, loc108183307, loc103909016, loc141375458, loc141375879, loc141376165, loc141376329, loc141376343, loc141376572, loc141377699, loc141377778, loc141377968, loc141377977, loc141378084, loc141378290, loc141379561, loc141379889, loc141380667, loc141381269, loc141381532, loc141385611, loc141385704, loc141385797, loc141386115, loc141386270, loc141386304
warning: more than one possible gene symbols found for group N1.HOG0000332 : loc101885950, loc103910680, si:ch211-243p7.3, loc108179149, loc108183315, loc108183444, loc101883862, loc101885087, loc110439460, loc110439463, loc101886820, loc110439494, loc110439495, loc101884080, loc110439523, loc101886888, loc108183884, loc110439530, loc110439555, loc110439604, loc110439607, loc101883592, loc137490432, loc137490861, loc137490884, loc100007824, loc103910589, loc137491002, loc137491004, loc137491083, loc137491175, loc103910812, loc137491264, loc110439498, loc137487266, loc137491441, loc137491453, loc137491456, loc137491457, loc141375433, si:ch73-112l6.1, loc141380920, loc137489300, loc141380985, loc141380986, loc141380987, loc141380989, loc141380990, loc141380996, loc141381246, loc141381344, loc141381527, loc110439467, loc141381529, loc141381530, loc137491458, loc141381533, loc101886493, loc141381535, loc101882433, loc101883188, loc141381644, loc141381646, loc110439402, loc101883615, loc141381658, loc141381680, loc141381690, loc141381696, loc141381697, loc141381791, loc137489411, loc100003687, loc141381804, loc141381805, loc103910719, loc137490823, loc137490976, loc110439485, loc141381836, loc101884655, loc141381838, loc103910707, loc141381844, loc137491009, loc141381858, loc137491446, loc110439475, loc141381980, loc141381981, loc141381983, loc141381984, loc141381985, loc141381988, loc101886186
warning: more than one possible gene symbols found for group N1.HOG0000337 : trim35-36, trim35-29, trim35-7, trim35-24, trim35-22, trim35-23, trim35-21, trim35-31, trim35-39, trim35-34, trim35-9, trim35-33, trim35-44, trim35-4, trim35-10, trim35-45, si:ch73-106l15.3, trim35-3, loc110437850, si:ch211-175l6.2, si:ch73-144l3.1, loc110438590, si:ch73-106l15.2, trim35-20, loc799897, trim35-30, loc100002570, loc110439113, si:dkey-37m8.11, loc558300, loc141381111, trim35-19, si:ch211-175l6.1, trim35-25
warning: more than one possible gene symbols found for group N1.HOG0000343 : zgc:194252, loc110439907, nitr3r.1l, loc137490259, loc137496418, si:busm1-169i8.11, loc141375337, loc141375338
warning: more than one possible gene symbols found for group N1.HOG0000349 : si:dkeyp-94g1.1, loc141378914, loc141378916, loc141378917, loc137487486, loc141378918, loc141378919, loc141378920, loc100536834, loc103910408, loc141381522, loc100331140, loc141381558, loc141381559, loc137490819
warning: more than one possible gene symbols found for group N1.HOG0000355 : si:ch73-335d12.2, si:ch211-225k7.6, si:dkey-83f18.5, si:dkey-83f18.2, si:ch211-225k7.5, si:dkey-83f18.3, si:ch211-225k7.4, si:dkey-88n24.6, si:dkey-88n24.7, si:dkey-88n24.9, si:ch211-282j17.11, si:dkey-28d5.13, si:dkey-83f18.4, si:dkey-28d5.10, si:ch211-225k7.2, si:ch211-282j17.3, si:dkey-81n2.2, loc100334522, si:dkey-81n2.1, si:ch211-282j17.7, si:ch211-282j17.8, si:ch211-225k7.3, loc110439916, si:dkey-83f18.7, si:dkey-83f18.10, si:ch211-272h9.3, si:dkey-88n24.8, si:dkey-192d15.3, loc137496086, si:ch211-63p21.5, loc137496089, si:dkey-28d5.12, si:ch211-63p21.3, zgc:162060, si:dkey-83f18.9, si:dkey-83f18.11, si:ch211-282j17.10, si:ch211-282j17.2, loc141375259, si:ch211-63p21.4, loc141375268, si:dkey-28d5.3, si:dkey-28d5.15, si:dkey-28d5.14, si:dkey-28d5.8, loc108179137, si:dkey-28d5.7, si:dkey-28d5.9
warning: more than one possible gene symbols found for group N1.HOG0000357 : pstpip1b, loc141376605
warning: more than one possible gene symbols found for group N1.HOG0000360 : si:dkey-11o15.5, si:cabz01083838.1, loc100149796, si:dkey-11o15.4, loc141375231, loc141375233, loc141375234, loc110439979, loc141375249, loc103911305, loc141375250, loc141379827, loc137487312, loc137488858, loc141380034, loc141381826
warning: more than one possible gene symbols found for group N1.HOG0000363 : nitr8, nitr1n, nitr14b, nitr13, nitr1m, nitr1b, nitr9, nitr4a, nitr3d, nitr1l, nitr1d, nitr1a, nitr12, nitr1c, nitr3b, nitr2a, nitr3c, nitr3a, loc137487204, nitr5, nitr1k, nitr2b, loc141375324, nitr1h, loc141375325, nitr14a
warning: more than one possible gene symbols found for group N1.HOG0000366 : loc101882592, loc101884532, loc141376069, loc101883134, loc110438316
warning: more than one possible gene symbols found for group N1.HOG0000371 : smyhc1, smyhc2
warning: more than one possible gene symbols found for group N1.HOG0000373 : smyhc3, loc141375018, loc100329748
warning: more than one possible gene symbols found for group N1.HOG0000401 : myh7bb, myh7ba
warning: more than one possible gene symbols found for group N1.HOG0000406 : myhb, myhz1.1l, loc100537594, zgc:66156, loc108181090
warning: more than one possible gene symbols found for group N1.HOG0000414 : myhz1.1, myhz1.3, myhz2, myhc4, myha, myhz1.2
warning: more than one possible gene symbols found for group N1.HOG0000420 : taar14b, taar14d, taar14f, taar14e, taar14i, taar14g, taar14j, taar14h, taar14l, taar14a, si:dkey-246e3.4
warning: more than one possible gene symbols found for group N1.HOG0000421 : taar15, taar19p, taar19m, taar20u, taar19d, taar20c1, taar20q, taar19o, taar19e, taar19c, taar20b, taar16g, loc108191510, si:ch211-238p8.31, taar19t, taar19s, si:ch211-238p8.35, taar19r, taar19u, taar19h, loc108179083, loc108191519, si:ch211-139n6.11, taar19q, taar19j, taar19a, taar20r, taar20o, loc100149676, taar18g, taar19b, loc137487453, loc137487454, loc137487455, loc137496531, loc137496548, loc137496549, taar19l, taar20i, loc141376334, loc141376335, taar20j, loc141376338, loc110438877, loc137487290, loc141375035, loc137496530, taar20v, loc141376451, loc137496529, loc141376452, loc141376453, loc141376454, taar20t, loc141376455, taar19g, taar20w, loc141376456, taar16f, loc108191508, loc141376457, loc141376458, loc137487331
warning: more than one possible gene symbols found for group N1.HOG0000446 : zgc:114046, zgc:173585, ano9a, zgc:173587, si:dkey-23a13.22, si:ch73-368j24.8, si:dkey-108k21.11, si:dkey-23a13.16, loc100334869, si:ch1073-159d7.6, si:ch73-368j24.10, si:dkey-261m9.19, loc100329290, si:ch211-113a14.28, si:dkey-261m9.6, loc100329560, si:ch73-368j24.9, loc100334559, loc141375023
warning: more than one possible gene symbols found for group N1.HOG0000455 : loc103908925, loc141379803
warning: more than one possible gene symbols found for group N1.HOG0000456 : loc100150025, si:ch211-284a16.2, loc110437848, loc101886700, loc101886558, loc101883451, loc101884251, loc110437994, loc110438080, loc110438198, loc108183517, loc101882617, loc110439877, loc137487211, loc110438109, loc137487216, loc110439303, loc141375146, loc110439927, loc141375321, loc110438689, loc141375029, loc103911498, loc141376220, loc103910966, loc137496605, loc110438539, loc141377041, loc141377075, loc141377173, loc137487670, loc141375001, loc141378286, loc141378810, loc141378846, loc141379083, loc110438157, loc141379163, loc141379251, loc110438201, loc141379490, loc141379938, loc141380013, loc110438317, loc108181461, loc141380913, loc141380914, loc137489350, loc141375022, loc141381212, loc141381641, loc141381788, loc108182487, loc103909845, loc141375021
warning: more than one possible gene symbols found for group N1.HOG0000457 : loc793043, loc103909158
warning: more than one possible gene symbols found for group N1.HOG0000458 : olfce2, olfce1p
warning: more than one possible gene symbols found for group N1.HOG0000462 : olfcg3, olfcg5, olfcg2, olfcg4, olfcg1, olfcg6, olfcg7, olfcg12, olfcg8, olfcg9, loc100007225, loc100007210
warning: more than one possible gene symbols found for group N1.HOG0000463 : olfcd2, olfcd1, olfcd3
warning: more than one possible gene symbols found for group N1.HOG0000469 : olfck2, olfck3, olfck1
warning: more than one possible gene symbols found for group N1.HOG0000479 : zgc:112965, wu:fu71h07, zgc:194627, loc101886973, loc137490057, loc137488948, loc101884142, si:dkey-222p3.1, si:dkey-169i5.4, loc100535347, loc137488954, loc141381071, loc101885088, loc100333752, loc564237, loc563995, loc108179099, loc556776, loc110439013, loc100331067, loc141381138
warning: more than one possible gene symbols found for group N1.HOG0000480 : zgc:123297, zgc:162154, loc137490066
warning: more than one possible gene symbols found for group N1.HOG0000482 : cabz01076234.2, loc137487203, loc141375230
warning: more than one possible gene symbols found for group N1.HOG0000485 : loc101882128, loc101882555, loc101884777
warning: more than one possible gene symbols found for group N1.HOG0000486 : loc101884650, loc101886205, loc100536577
warning: more than one possible gene symbols found for group N1.HOG0000494 : zgc:162611, pgbd4, wu:fc11c11, loc100332396, loc103909294, loc110437782, loc110437757, loc100330143
warning: more than one possible gene symbols found for group N1.HOG0000501 : hist1h2a6, hist1h2a4
warning: more than one possible gene symbols found for group N1.HOG0000516 : hist1h2a11, h2ax2, si:dkey-23a13.20, si:ch1073-159d7.11
warning: more than one possible gene symbols found for group N1.HOG0000519 : hist1h2a3, si:dkey-108k21.19, si:dkey-108k21.15, si:ch1073-153i20.5, si:ch211-113a14.7, si:dkey-261m9.7
warning: more than one possible gene symbols found for group N1.HOG0000520 : hist1h2a2, hist1h2a7, si:dkey-23a13.6, si:ch73-368j24.13, loc570115
warning: more than one possible gene symbols found for group N1.HOG0000521 : si:dkey-261m9.11, loc100148591
warning: more than one possible gene symbols found for group N1.HOG0000523 : hist1h2a10, hist1h2a5
warning: more than one possible gene symbols found for group N1.HOG0000538 : si:ch211-160b11.4, loc137490361
warning: more than one possible gene symbols found for group N1.HOG0000543 : si:dkey-9i23.5, si:dkey-9i23.4
warning: more than one possible gene symbols found for group N1.HOG0000553 : si:dkey-241l7.6, si:dkey-241l7.2, si:dkey-241l7.4, eslec, si:ch211-125e6.14, si:ch211-125e6.11, si:dkey-241l7.5, si:dkey-241l7.3, lectin, zgc:172053, si:ch211-125e6.12, si:ch211-125e6.13, loc141376157
warning: more than one possible gene symbols found for group N1.HOG0000562 : si:cabz01036022.1, loc137496073, si:ch211-163c2.2
warning: more than one possible gene symbols found for group N1.HOG0000577 : si:dkey-23a13.2, si:cabz01036006.1, si:dkey-23a13.11, loc108190752, loc565813, loc570739, loc565947, si:dkey-10h3.1, loc141375271, loc110439918, si:ch211-8c17.3
warning: more than one possible gene symbols found for group N1.HOG0000578 : si:ch211-165f21.2, loc141375270, loc137496070, loc110439969
warning: more than one possible gene symbols found for group N1.HOG0000580 : loc793843, loc101886000, loc110438280
warning: more than one possible gene symbols found for group N1.HOG0000586 : si:ch211-286b5.9, si:ch211-286b5.8, loc100149247, loc110439716, sc:d0284, loc137495308, loc110439930, loc137495345, si:ch211-286b5.6, loc103908692, loc100149932, loc137495974, si:dkey-27j5.8, loc101884568, loc103909420, loc141375101, loc103909439, loc103909419, loc141375102, loc101884507, loc103909373, si:ch211-1f22.3, loc101882982, loc141375123, loc108190565, loc141375143, loc100006649, loc100006752, zmp:0000000971, loc141375214, loc101883531, loc141375222, loc103909463, loc100333244, loc141375242, loc103909469, loc103909461, loc101883960, cd22, zgc:172106, zgc:171470
warning: more than one possible gene symbols found for group N1.HOG0000587 : h3f3b.1, si:ch1073-429i10.3, h3f3c, h3f3d, h3f3a
warning: more than one possible gene symbols found for group N1.HOG0000590 : h3c13a, zgc:113984, hist2h3c, zgc:173552, hist2h3ca1, loc108190746, si:dkey-108k21.24, si:ch73-36p18.2, si:dkey-261m9.8, loc137489378, loc137489384, loc137496131, loc137496132, loc137496133, loc137496134, loc137496136, loc108190747, loc137496249, loc137496127, si:ch211-113a14.27, si:dkey-23a13.8
warning: more than one possible gene symbols found for group N1.HOG0000591 : loc137487580, loc137487978, loc137488299, loc137488963, loc110438592, loc137490764, loc137491259, loc137495966, loc137496465, loc137496689, loc137496072, loc141375443, loc141375453, loc141375455, loc137489725, loc141375613, loc137496372, loc137496377, loc141375921, loc141376028, loc137490684, loc137496506, loc137496561, loc137496564, loc108191548, loc141376328, loc137490700, loc137496716, loc141376700, loc141376718, loc141376775, loc137490448, loc141377007, loc141377008, loc141377159, loc137487396, loc141377199, loc141377486, loc141377503, loc141377532, loc141377612, loc141377700, loc141377771, loc141377907, loc141377913, loc141378036, loc137487928, loc137487961, loc137487860, loc141378343, loc137488123, loc141378816, loc141378923, loc137488525, loc137488539, loc141379234, loc137488624, loc141379408, loc141379482, loc137488620, loc141379890, loc141380020, loc141380038, loc141380208, loc141380212, loc141380718, loc141375024, loc141380910, loc110439335, loc141381148, loc108182811, loc137490704, loc141381835, loc141381849, loc137490010, loc141385691, loc141385753, loc137490108, loc141386250, loc141386252, loc137495980, loc137496025, loc141386389
warning: more than one possible gene symbols found for group N1.HOG0000604 : pimr64, pimr53, pimr54, pimr50, pimr46, pimr49, pimr51, pimr52, loc141376290, loc137496560, loc141376301, loc110440067, loc137496558, pimr48, pimr47, loc110438979, loc141378001, loc141378451, loc141378452, loc141374999, loc141378453, pimr60, loc141378454, loc141374998, loc141378456, loc141378457, loc110438565, loc141378458, loc100330009, loc110438567, loc137489981, loc110438564, pimr62, loc141375008, loc110438566, loc137487320, loc137489982, loc137487221, pimr63, loc141380917, loc141380918, loc141380997, loc141375002, loc100332745, loc100004921, loc100005071, loc141374986, loc141385376, loc141385379, loc141385391, loc141385403, loc141385408, loc141385411, loc141385414, loc141385416, loc141385418, loc141385425, loc141385437, loc141385440, loc100537170, loc141374995, loc141385529, loc141375006, loc110438568, loc141375003, loc110439820, loc137495530, loc141385577, loc799681, loc100537890, loc108190102, loc137495531, loc110439821, loc141385578, loc137495503, loc137495533, loc110439784, pimr58, loc137495505, loc137495618, loc137495847, loc137495898, loc137495941, loc141386220, loc137495840, loc137488052, loc137488046, loc137495850, loc137495846, loc137495853, loc141386221, loc137488147, loc137495844, loc137488148, loc137495849, loc137495842, loc141386222, loc108190384, loc141386223, loc137495937, loc141386224, loc141386225, loc137495839, loc137495942, loc137495940, loc137495945, loc137495902, loc137488149, loc137488049, loc137488146, loc137495860, loc137495946, loc137495858, loc137495952, loc137488047, loc141375044, loc141386235, loc137495955, loc141386236, loc141386237, loc137495953, loc137489744, loc137488043, loc137489963, loc137495957, loc137495843, loc137490200, loc137490198
warning: more than one possible gene symbols found for group N1.HOG0000611 : crygm1, zgc:153846
warning: more than one possible gene symbols found for group N1.HOG0000624 : crygm4, crygm3
warning: more than one possible gene symbols found for group N1.HOG0000629 : crygm2d6, crygm2d18, crygm2d13, crygm2d8, crygm2d15, crygm2c, crygm2a, crygm2d1, crygm2b, crygm2d5, crygm2d2, crygm2d7, crygm2d3, crygm2d20, crygm2d4, crygm2d17, crygm2d12, crygm2d14, crygm2d11, crygm2d10, crygm2f, crygm2d21, crygm2d9, crygm2d19, crygm2d16, crygm2e
warning: more than one possible gene symbols found for group N1.HOG0000641 : zgc:110216, zgc:110425, zgc:153405, zgc:163061, si:dkey-23a13.17, si:ch73-368j24.12, si:ch1073-159d7.5, si:ch73-368j24.11, loc569982, loc141374966, histh1l3, si:ch211-113a14.18, si:ch211-113a14.24, h1l1
warning: more than one possible gene symbols found for group N1.HOG0000646 : or64b2, or64d1, or64b3, or64f1, or64b4, or64e1, or64b1, or64a1, or64g2, or64g1, or64c1
warning: more than one possible gene symbols found for group N1.HOG0000649 : or63a2, or63b1, or63b2, or63h1
warning: more than one possible gene symbols found for group N1.HOG0000653 : zgc:113227, loc100005423
warning: more than one possible gene symbols found for group N1.HOG0000655 : zgc:194221, loc103911715, si:dkey-121j17.6, loc141375523, zmp:0000000634
warning: more than one possible gene symbols found for group N1.HOG0000659 : pcdh2g28, pcdh2g29, loc141377655
warning: more than one possible gene symbols found for group N1.HOG0000661 : pcdh1gb9, pcdh1g11, loc108192077, loc141377656
warning: more than one possible gene symbols found for group N1.HOG0000662 : pcdh1gb2, pcdh1g9, pcdh2g16, pcdh2g17
warning: more than one possible gene symbols found for group N1.HOG0000692 : tuba8l3, tuba8l5
warning: more than one possible gene symbols found for group N1.HOG0000714 : zgc:123060, loc100149327, loc100150236, si:ch211-236l14.1, si:ch211-190o19.1, si:ch211-211k8.4, loc101882356, loc795083, loc110438202, loc101882212, loc101883177, loc555422, loc110440185, loc137488715, loc137488914, loc110438678, loc100330683, zgc:158320, loc137496283, si:dkeyp-30e7.2, loc793244, loc141376409, loc101885559, loc108179108, loc570184, loc141380210, pfkfb2a, loc137490949, loc141374967, loc110438911, si:ch73-389k6.1, loc101882440, loc795194, loc103910778, loc101884613, loc141385664, loc137490194, loc559910
warning: more than one possible gene symbols found for group N1.HOG0000716 : ighd, loc137489848
warning: more than one possible gene symbols found for group N1.HOG0000720 : loc108179569, loc141379436
warning: more than one possible gene symbols found for group N1.HOG0000728 : cbln10, cbln8, cbln13, c1ql4l, cbln6, cbln14, cbln7, si:ch211-142d6.2, loc103910098, cbln9, loc137487480
warning: more than one possible gene symbols found for group N1.HOG0000729 : zgc:153409, zgc:154164, zgc:163040, si:dkey-261m9.17, si:dkey-108k21.12, si:dkey-261m9.9, si:dkey-261m9.13, loc100331412, si:dkey-108k21.28, si:dkey-23a13.7, si:ch73-368j24.3, loc570405, si:ch211-113a14.9, si:ch211-113a14.15, loc100329358, loc100150038, loc794549, loc137496128, loc137496137, loc137487299, loc137496138, loc564610, loc141381029, loc141381031, loc141381032
warning: more than one possible gene symbols found for group N1.HOG0000745 : or62c1, or62c4, or62c6, or62c2, or62c5, or62c3
warning: more than one possible gene symbols found for group N1.HOG0000746 : or62a1, or62a2, or62a3, or62b2, or62b3, or62b5, or62b4, loc108180717, or62b1
warning: more than one possible gene symbols found for group N1.HOG0000750 : mhc1ula, mhc1uma, mhc1uba, mhc1uka
warning: more than one possible gene symbols found for group N1.HOG0000759 : trem2, si:dkey-234i14.9, igl4v8, loc141381036
warning: more than one possible gene symbols found for group N1.HOG0000760 : loc101884708, loc141380984, loc141380988, loc141380991, loc141381042, loc141381695, loc108183327
warning: more than one possible gene symbols found for group N1.HOG0000766 : pigrl2.3, pigrl2.5, pigrl3.10, pigrl4.2, loc137487552, pigrl2.6, pigrl2.4, loc137487553, loc100332092, pigrl3.9, loc137487548, loc110438127, si:dkeyp-104b3.1, loc141378944, loc141378949, si:ch211-9d9.7, loc141378950, loc141378951, loc110437904
warning: more than one possible gene symbols found for group N1.HOG0000772 : loc137495984, loc103909383, loc137495978, loc137495351, loc141375264
warning: more than one possible gene symbols found for group N1.HOG0000773 : loc141375245, loc101882213, loc141375267, loc141375269, loc108179133, loc141375644
warning: more than one possible gene symbols found for group N1.HOG0000774 : si:ch211-114l13.12, loc101885706, loc101883999, loc100537163, loc101887025, loc101885769, loc141375272, loc101883825, loc141375282, loc141375283, loc141375286, loc141375328, loc137495366
warning: more than one possible gene symbols found for group N1.HOG0000778 : si:ch1073-59l16.1, loc141380795
warning: more than one possible gene symbols found for group N1.HOG0000780 : cldne, cldn28
warning: more than one possible gene symbols found for group N1.HOG0000788 : cldna, cldng
warning: more than one possible gene symbols found for group N1.HOG0000796 : or109-6, or42a5, or42a6, or42a8, or42a2, or42a7, or42c2, or42b2, or42c4, or42c5, or42d2, or42e2, or42e1, or42e3, or42c3, or42a4, or42b1, or42a9, or42a1, or42c1, or42d3, or42d1
warning: more than one possible gene symbols found for group N1.HOG0000797 : or41a2, or41a1, or41a3, or40a1
warning: more than one possible gene symbols found for group N1.HOG0000798 : olfcv3, olfcv1, loc110438105
warning: more than one possible gene symbols found for group N1.HOG0000805 : olfcq3, olfcq1, olfcq19, olfcq10, olfcq18, olfcq15, olfcq13, olfcq5, olfcq14, olfcq2, olfcq20, olfcq6, olfcq16, olfcq8, olfcq17, olfcq12, olfcq11, olfcq9, olfcq4
warning: more than one possible gene symbols found for group N1.HOG0000809 : olfcs1, olfcs2
warning: more than one possible gene symbols found for group N1.HOG0000810 : olfcx1, olfcx3, olfcx2
warning: more than one possible gene symbols found for group N1.HOG0000811 : loc108183587, loc101884942, loc101884879
warning: more than one possible gene symbols found for group N1.HOG0000841 : loc137490841, loc100536376, loc108183378, loc101885550, loc110439351, loc101885301, loc110439355
warning: more than one possible gene symbols found for group N1.HOG0000854 : si:dkey-182i3.8, loc101882640, si:dkey-182i3.9, loc101884089, zmp:0000000938
warning: more than one possible gene symbols found for group N1.HOG0000869 : ccl25b, ccl25a
warning: more than one possible gene symbols found for group N1.HOG0000870 : ccl19a.2, ccl19b
warning: more than one possible gene symbols found for group N1.HOG0000872 : ccl33.2, loc100216314, ccl33.3, ccl39.2
warning: more than one possible gene symbols found for group N1.HOG0000874 : ccl38a.5, ccl38.6, ccl38a.4, ccl36.1, ccl38a.3, ccl38.1, loc137488600
warning: more than one possible gene symbols found for group N1.HOG0000876 : ccl35.1, ccl35.2
warning: more than one possible gene symbols found for group N1.HOG0000877 : ccl39.1, ccl39.3, loc100538242, ccl39.6
warning: more than one possible gene symbols found for group N1.HOG0000881 : cxcl32b.1, ccl20l, loc141380791
warning: more than one possible gene symbols found for group N1.HOG0000887 : ccl32b.3, loc141379221, loc141379250
warning: more than one possible gene symbols found for group N1.HOG0000891 : taar12g, taar12h, taar12j, taar12e, taar12c, taar12b, taar12a, taar12f, taar12m, taar12i
warning: more than one possible gene symbols found for group N1.HOG0000893 : taar13c, taar13b, taar13e, taar13a, taar13d
warning: more than one possible gene symbols found for group N1.HOG0000894 : taar10c, taar11, taar10, taar10a, taar10d, taar10b
warning: more than one possible gene symbols found for group N1.HOG0000896 : mphosph8, loc101884513, loc101882062, loc100005990, si:ch73-269m14.4, loc101886669, loc103909690, loc110438308, loc797542, loc103912045, loc137488470, si:cabz01015814.1, loc141375404, loc137496302, loc101882501, loc141376364, loc101883185, si:dkey-38n4.2, loc141377580, loc101885896, loc141377957, loc141378053, loc110439212, loc141378664, loc141378779, loc141379015, loc137489785, loc141379950, loc141381701, si:dkey-51d8.9, si:ch211-235f1.3
warning: more than one possible gene symbols found for group N1.HOG0000897 : si:dkey-56d12.4, si:dkey-20i10.7, zmp:0000001333, zgc:113019, loc141385857
warning: more than one possible gene symbols found for group N1.HOG0000898 : si:ch73-311h14.2, loc798124, loc569077, si:dkey-60a16.1, si:ch211-69l10.4, loc101883330, loc101882464, loc101886821, si:ch211-262i1.5, loc141375624, si:cabz01071907.1, loc141381824, loc566646
warning: more than one possible gene symbols found for group N1.HOG0000899 : si:ch211-132b12.6, si:ch211-132b12.2, zgc:158427, si:ch211-132b12.3, si:ch211-132b12.1
warning: more than one possible gene symbols found for group N1.HOG0000908 : pcdh1g1, pcdh1g3, pcdh1g2, pcdh2g12, pcdh2g1, pcdh2g2, pcdh2g3, pcdh2g5, pcdh2g6, pcdh2g7, pcdh2g8, pcdh2g9, pcdh2g13
warning: more than one possible gene symbols found for group N1.HOG0000912 : loc101882465, loc100002469, zgc:113030, loc137489803, loc110437795, si:ch211-110e21.4, loc137490890, loc101884961, loc108183687, loc137490968, loc137491096, loc137491119, loc108183338, loc137491270, loc137491283, zmp:0000001228, loc141381326, loc101886363, loc137491111, loc141381688, loc137489457, loc141381694, loc137491419, loc141381698, loc141381699, loc141381700, loc137490984, loc100536422, loc103910817, loc141381830, loc141381834, loc137491230, loc141381843, loc101885985
warning: more than one possible gene symbols found for group N1.HOG0000917 : drll.1, drll.2, drll.3, loc137490316, loc137490914, loc100148474, loc110439379, loc141378182, glis2a, loc141381537, loc100535035, loc100538032, si:cabz01071909.2
warning: more than one possible gene symbols found for group N1.HOG0000923 : loc110438160, loc141379228, loc141379229
warning: more than one possible gene symbols found for group N1.HOG0000924 : harbi1, harbi2
warning: more than one possible gene symbols found for group N1.HOG0000926 : zgc:153116, loc141380968
warning: more than one possible gene symbols found for group N1.HOG0000942 : crygs2, crygs1
warning: more than one possible gene symbols found for group N1.HOG0000951 : crygm6, crygm7, si:dkey-57a22.14
warning: more than one possible gene symbols found for group N1.HOG0000953 : loc108183310, loc110439429, loc141379114
warning: more than one possible gene symbols found for group N1.HOG0000955 : si:busm1-105l16.2, loc794378, loc100332698, loc101885582, loc793338, si:dkey-88n24.5, loc100147899, si:ch211-163b2.4, si:ch211-51a19.5, loc101882691, loc103908890, si:ch211-196p9.1, loc110439297, si:dkey-207l24.2, loc110438773, loc141375017, loc100001444, loc141375549, si:ch211-277p15.1, loc100151603, zgc:174719, loc141376882, loc108191946, loc797963, loc141375065, loc110438671, loc101885158, loc100149966, loc141375034, loc108190676, loc101882859, si:dkey-286j15.1, loc141380579, sb:cb449, loc108191725, loc101883788, loc141381837, loc108183934, loc101885607, loc110439863, loc100534851
warning: more than one possible gene symbols found for group N1.HOG0000956 : zgc:174680, loc101883107, loc141375186, loc100148190, loc141376471, loc141376548, loc101883163, loc141380840, loc141380841, loc141381668, loc141381686, loc141381857, loc141381977
warning: more than one possible gene symbols found for group N1.HOG0000957 : loc108181536, loc108183760, loc110440103, loc141375109, hmmr, loc103909784, loc141379265, loc141380636, loc141380743, loc141381346
warning: more than one possible gene symbols found for group N1.HOG0000958 : loc141375533, loc141377918, loc141379804
warning: more than one possible gene symbols found for group N1.HOG0000960 : acte1, actc1b
warning: more than one possible gene symbols found for group N1.HOG0000992 : actc2, acta1a
warning: more than one possible gene symbols found for group N1.HOG0001018 : cdh12a, cdh12b
warning: more than one possible gene symbols found for group N1.HOG0001020 : cdh10a, cdh10b
warning: more than one possible gene symbols found for group N1.HOG0001022 : her15.2, her15.1, her12
warning: more than one possible gene symbols found for group N1.HOG0001023 : her4.1, her4.4, her4.3, her4.5, her4.2
warning: more than one possible gene symbols found for group N1.HOG0001027 : si:zfos-932h1.3, zgc:171422, si:dkey-14d8.1
warning: more than one possible gene symbols found for group N1.HOG0001029 : prss59.1, prss59.2
warning: more than one possible gene symbols found for group N1.HOG0001034 : loc110437909, loc141375122, loc101882029, loc101886064, loc141377865, loc141378847, loc141380544, si:dkey-29j8.3, loc137496007, loc141385859
warning: more than one possible gene symbols found for group N1.HOG0001035 : ugt5a1, ugt5b6, ugt5c2, ugt5a2, ugt5b4, ugt5a3, ugt5b1, ugt5c1, ugt5d1, ugt5a5, ugt5a4, ugt5b2, ugt5f1, ugt5b3, ugt5c3
warning: more than one possible gene symbols found for group N1.HOG0001036 : ugt5e1, ugt5g1, ugt5g2
warning: more than one possible gene symbols found for group N1.HOG0001043 : si:rp71-1i20.2, zgc:171699, zgc:171490, zgc:172133, si:dkey-19a16.4, loc100003040, loc100006764, si:ch211-209l18.4, wu:fi37e09, si:rp71-36a1.2, si:ch211-213a13.1, ceacam3, loc101882211, si:dkey-19a16.7, loc101883331, si:dkey-182g1.4, si:dkey-182g1.10, si:dkey-19a16.12, loc100006875, zgc:171497, zgc:113298, si:rp71-36a1.5, si:ch211-274k16.2, si:ch1073-188e1.1, loc103908669, zmp:0000000652, si:rp71-36a1.3, si:dkey-19a16.2, si:ch211-274k16.9, loc100151078, loc101886796, si:dkey-182g1.2, loc137489000, zgc:171500, loc101884151, loc100329818, loc100333939, si:ch73-213k20.5, loc110438269, loc100334619, loc137488996, loc100320194, loc137488999, si:ch73-27e22.4, loc101884052, si:ch73-27e22.2, zmp:0000001175, loc110438257, loc103909545, si:dkey-182g1.6, loc108181187, si:dkey-182g1.3, fgfr1bl, si:rp71-36a1.1
warning: more than one possible gene symbols found for group N1.HOG0001048 : zgc:113293, si:ch211-222k6.3, zgc:171686, zgc:171887, si:ch73-27e22.7, si:ch1073-214b20.2, si:ch211-239m17.1, si:dkey-253d23.3, loc100007813, loc100007935, loc100007948, si:ch73-170d6.3, zgc:171601, loc100538136, loc101886679, si:dkey-102c8.3, si:ch73-304f21.1, loc100330694, loc100002141, loc101884194, loc100007503, loc103911112, loc108181220, loc110438256, loc100148050, loc100538170, loc137487213, si:dkey-102c8.2, loc101883412, loc797394, loc137488899, loc110437711, loc108181196, loc137488974, loc137489027, loc137489034, loc108181082, loc137489053, si:ch211-236g6.1, si:dkey-253d23.4, loc141380086, loc141380087, loc141380089, loc137489042, loc100332737, loc137489035, si:ch73-256j6.5, si:ch73-256j6.4, loc141380138, loc137489036, loc137489037, si:ch73-256j6.2, loc137488895, loc100538212, si:dkey-222f2.7, loc110438293, loc110438292, zmp:0000001161, loc141380145, loc101884288, loc141380149, si:rp71-1i20.1, loc141380150, loc141380151, loc137489039, si:ch211-105n15.1, loc141380154, loc137487262, loc141380155, loc141380156, loc141380158, loc100006557, loc100006469, loc137489040, loc137488901, loc100535756, loc100329398, loc100006805, loc110438268, loc141380164, loc100334996, loc141380165, loc141380166, loc108181101, loc141380168, loc141380169, loc141380170, loc141380171, loc141380172, loc137489054, loc141380173, loc108181084, loc101883802, loc141380179, loc141380180, loc101882696, loc101883469, loc137488984, loc137489152
warning: more than one possible gene symbols found for group N1.HOG0001114 : loc141379156, igic1s1, loc100149821, zgc:153659
warning: more than one possible gene symbols found for group N1.HOG0001117 : si:ch1073-464p5.2, zgc:153921, zgc:172253, si:dkey-95h12.1, si:ch211-282j17.13, si:ch211-207b24.4, loc100004944, si:dkey-187j14.4, zgc:172075, zgc:172051, loc108179091, loc100005038, loc100004951, si:ch211-285c6.4, loc137487208, loc572443, loc100004848, zgc:195077, zgc:172065, zgc:66473, si:dkey-201l21.4, loc101885844, loc141375247, si:dkey-187j14.1, si:ch211-282j17.12, loc100005096, loc100149585, si:ch211-161m3.7, loc100151424, si:dkey-88n24.11, si:ch211-285c6.1
warning: more than one possible gene symbols found for group N1.HOG0001118 : si:ch73-170d6.2, loc137491186
warning: more than one possible gene symbols found for group N1.HOG0001121 : loc560278, loc100148510
warning: more than one possible gene symbols found for group N1.HOG0001122 : loc110437898, loc141378791
warning: more than one possible gene symbols found for group N1.HOG0001139 : icn2, icn
warning: more than one possible gene symbols found for group N1.HOG0001141 : ek1, epha4b
warning: more than one possible gene symbols found for group N1.HOG0001142 : epha4a, epha4l
warning: more than one possible gene symbols found for group N1.HOG0001162 : loc110437770, si:ch211-110e4.2, loc101882419, loc562960, loc103910189, loc101883092, loc108181393, loc137489838, loc100007727, gvin1l, zmp:0000000845, zmp:0000000606, loc562362, loc141380575, loc137490032, loc141381084, loc141381085, loc101884509, loc141381086, loc100149234, si:dkey-175d9.2, loc141381088, loc103910198, loc100334219, loc137490039, zmp:0000000912
warning: more than one possible gene symbols found for group N1.HOG0001167 : urgcp, si:dkey-85k7.12, si:dkey-204a24.11
warning: more than one possible gene symbols found for group N1.HOG0001172 : pcdh2aa1, pcdh2aa15, pcdh2aa3, loc100334341, loc100538188, loc108192083, loc108192084, loc108192085, loc108192086, pcdha8l, loc137487633, loc100150033, loc137487556, loc141377657, loc141377660, loc101884096
warning: more than one possible gene symbols found for group N1.HOG0001193 : ifi44d, ifi44a6, ifi44a8, ifi44a5, ifi44a3, ifi44a7, ifi44a1, loc137487232, ifi44e, loc137495402, ifi44b
warning: more than one possible gene symbols found for group N1.HOG0001197 : ifi44c2, ifi44f1, ifi44c1, ifi44f4, si:ch211-197g15.5, ifi44f3, ifi44f5, si:ch211-197g15.9
warning: more than one possible gene symbols found for group N1.HOG0001203 : or70a8, or70a3, or70c1, or70a17, or70a15, or70a16, or70a13, or70b1, or70a2, or70a12, or70a4, or70a1, or70a5, or70a11, or70a14, or70a7, or21.49
warning: more than one possible gene symbols found for group N1.HOG0001205 : dicp2.1, loc100334508, loc108180259, dicp2.2, dicp3.1, dicp3.3, dicp3.6, dicp1.19, loc110438447, im:7142016, loc137490262
warning: more than one possible gene symbols found for group N1.HOG0001216 : si:dkey-23k10.5, loc560863
warning: more than one possible gene symbols found for group N1.HOG0001221 : or90d3, or90b1, or90e2, or137-9, or90h4, or137-8, or90h1, or90b2, or90d2, or90h3, or90d1, or90g2
warning: more than one possible gene symbols found for group N1.HOG0001227 : pcdh2ab5, pcdh2ab3, pcdh2ab10, pcdh2ab12, pcdh2ab2, pcdh2ab7, pcdh2ab9, pcdh1a3, pcdh1a4, pcdh1a6, loc141377658
warning: more than one possible gene symbols found for group N1.HOG0001230 : loc141378386, loc141378388, loc100538332
warning: more than one possible gene symbols found for group N1.HOG0001233 : zgc:100868, zgc:112038, zgc:123295, zgc:163079, prss60.1, zgc:165423, prss60.2, loc100004427, si:dkeyp-93a5.3, zgc:153968, loc100004545, loc141380946, si:ch73-182e20.4, loc100535114
warning: more than one possible gene symbols found for group N1.HOG0001234 : loc141375086, loc141375873, loc141376054, loc141376717, loc141377970, loc141381227
warning: more than one possible gene symbols found for group N1.HOG0001235 : klhl10a, klhl10b.1, klhl10b.2
warning: more than one possible gene symbols found for group N1.HOG0001237 : zgc:101562, loc100148620, loc103911751, loc101885450, loc141377924
warning: more than one possible gene symbols found for group N1.HOG0001244 : loc100007471, loc137490848, loc137490996, loc137491001, loc137491267, loc101887070, loc137489472, loc137491277, loc108183465, loc137490999, loc141381839
warning: more than one possible gene symbols found for group N1.HOG0001249 : znf271, loc141375007
warning: more than one possible gene symbols found for group N1.HOG0001254 : zgc:113518, loc101886546, znf1008, loc100008030, loc110437819, loc100007966, loc101885700, znf1014
warning: more than one possible gene symbols found for group N1.HOG0001256 : g2e3, loc100536045, si:ch211-37e10.1, si:ch211-57f7.7, loc103908824, loc110439008, loc103909745, loc100536213, loc141381832, loc141381847, loc137495523
warning: more than one possible gene symbols found for group N1.HOG0001259 : cyp2v1, cyp2ae1, loc103909721
warning: more than one possible gene symbols found for group N1.HOG0001262 : cyp2p8, cyp2p7, cyp2p6, cyp2p9, cyp2p10, cyp2j20
warning: more than one possible gene symbols found for group N1.HOG0001263 : cyp2ad3, cyp2ad6, cyp2ad2
warning: more than one possible gene symbols found for group N1.HOG0001268 : tnnt2a, tnnt2b
warning: more than one possible gene symbols found for group N1.HOG0001269 : tnnt2d, tnnt2e
warning: more than one possible gene symbols found for group N1.HOG0001275 : nrxn2a, nrxn2b, nrxn3b
warning: more than one possible gene symbols found for group N1.HOG0001299 : grm6b, grm6a
warning: more than one possible gene symbols found for group N1.HOG0001300 : grm8b, grm8a
warning: more than one possible gene symbols found for group N1.HOG0001320 : gria3b, gria3a
warning: more than one possible gene symbols found for group N1.HOG0001327 : krt97, krt96
warning: more than one possible gene symbols found for group N1.HOG0001329 : krt91, krt92, cyt1l, krt17, krt1-19e, cyt1, krt15, krt1-19d
warning: more than one possible gene symbols found for group N1.HOG0001332 : loc100147849, loc101885543
warning: more than one possible gene symbols found for group N1.HOG0001334 : muc5.1, muc5.2, muc5d, loc137489326, muc2.1, loc108181583, loc100149773, loc103909816
warning: more than one possible gene symbols found for group N1.HOG0001340 : si:ch1073-376c22.1, si:ch73-359m17.2
warning: more than one possible gene symbols found for group N1.HOG0001341 : zgc:171424, loc100334521, loc137496256, loc100334579
warning: more than one possible gene symbols found for group N1.HOG0001356 : hspa1b, hsp70l, hsp70.1, hsp70.2, hsp70.3
warning: more than one possible gene symbols found for group N1.HOG0001363 : loc141381653, loc141381667, loc141381810
warning: more than one possible gene symbols found for group N1.HOG0001365 : si:dkey-222n6.2, si:dkey-222f2.1
warning: more than one possible gene symbols found for group N1.HOG0001382 : si:ch211-171h4.5, loc101884710, loc101884649, zmp:0000000650, loc103910452, si:dkeyp-28d2.4, loc137490837, loc108183407, loc137488337, loc137489218, loc141380690, loc110438348, loc108179169, si:ch73-177h5.3, loc137490835, loc141381546, loc137490836, loc141375016, loc108179161, loc108183290
warning: more than one possible gene symbols found for group N1.HOG0001383 : loc141379249, loc141379881
warning: more than one possible gene symbols found for group N1.HOG0001385 : cyp2k16, cyp2k17, cyp2k8, cyp2k6, cyp2k18, cyp2k20, cyp2k19, cyp2k22, cyp2k21
warning: more than one possible gene symbols found for group N1.HOG0001391 : col5a2a, col5a2b
warning: more than one possible gene symbols found for group N1.HOG0001411 : capn1, si:dkeyp-50d11.2
warning: more than one possible gene symbols found for group N1.HOG0001430 : igl1c1, loc141381318, loc141375070, igl1v11
warning: more than one possible gene symbols found for group N1.HOG0001435 : cxcl8b.1, loc108190774
warning: more than one possible gene symbols found for group N1.HOG0001439 : cxcl20, cxcl11.8, cxcl11.1, cxcl11.6, cxcl11.3, cxcl11.7, cxcl11.4
warning: more than one possible gene symbols found for group N1.HOG0001444 : cxcl8b.3, cxcl8a
warning: more than one possible gene symbols found for group N1.HOG0001462 : dlg4a, dlg4b
warning: more than one possible gene symbols found for group N1.HOG0001470 : zgc:198329, loc108179508, si:dkey-250k15.7, loc110437973, loc141374997, si:dkey-11o1.3, si:dkey-250k15.10
warning: more than one possible gene symbols found for group N1.HOG0001483 : si:dkey-34m19.3, loc141379121, loc137491471, loc100535121, si:ch211-40k21.9
warning: more than one possible gene symbols found for group N1.HOG0001486 : si:dkey-102g19.3, ly6m6, ly6m2, loc100535423, ly6m5, ly6m4, loc137488854, loc137488777
warning: more than one possible gene symbols found for group N1.HOG0001487 : negaly6, loc110438015
warning: more than one possible gene symbols found for group N1.HOG0001488 : loc101886293, loc103911530, loc110440169, loc110440222, loc137487904, loc137488233, loc137489364, loc110439486, loc101885558, loc137491187, loc103910818, loc137491572, loc103910819, loc137490831, loc141375166, loc141375454, loc137496361, loc141375874, loc137496381, loc137496411, loc137496567, loc141376692, loc141377691, loc137489690, loc141377914, loc141377971, si:dkey-19f23.1, loc141378709, loc110439526, loc141378811, loc110438147, loc137488604, loc110439253, loc141380711, loc110439334, loc141381523, loc141381531, loc141381534, loc103910903, loc108183630, loc137491189, loc141381649, loc108183685, loc141375009, loc110439743, loc141381650, loc108183448, loc137491197, loc137490973, loc141381990, loc103911119
warning: more than one possible gene symbols found for group N1.HOG0001489 : zgc:110286, arf4b, si:ch1073-165f9.2
warning: more than one possible gene symbols found for group N1.HOG0001491 : arf4a, arf5, zgc:77650, loc799490
warning: more than one possible gene symbols found for group N1.HOG0001524 : he1.1, he1.3, he1.2
warning: more than one possible gene symbols found for group N1.HOG0001525 : ifit8, ifit14, ifit15, ifit16
warning: more than one possible gene symbols found for group N1.HOG0001527 : ifit11, ifit12, loc572297, loc100537930, ifit10
warning: more than one possible gene symbols found for group N1.HOG0001539 : camk2b2, camk2b1
warning: more than one possible gene symbols found for group N1.HOG0001579 : pde4cb, pde4ca
warning: more than one possible gene symbols found for group N1.HOG0001584 : pde4bb, pde4ba
warning: more than one possible gene symbols found for group N1.HOG0001585 : nlgn4xa, nlgn4xb
warning: more than one possible gene symbols found for group N1.HOG0001586 : nlgn3a, nlgn3b
warning: more than one possible gene symbols found for group N1.HOG0001598 : tpm4a, tpm4b
warning: more than one possible gene symbols found for group N1.HOG0001605 : ryr3, loc101884734
warning: more than one possible gene symbols found for group N1.HOG0001607 : ryr2b, ryr2a
warning: more than one possible gene symbols found for group N1.HOG0001610 : zgc:113210, loc101885684, si:dkey-15h8.17, loc101884898, loc101883359, loc110440013, loc101886754, loc137487228, loc110439946, loc108179115, loc103911639, loc141378764, loc101884444, loc137495548, loc101882530, loc141385612
warning: more than one possible gene symbols found for group N1.HOG0001611 : ywhaqb, ywhaqa
warning: more than one possible gene symbols found for group N1.HOG0001615 : ywhag1, ywhag2
warning: more than one possible gene symbols found for group N1.HOG0001616 : ywhaz, ywhabl
warning: more than one possible gene symbols found for group N1.HOG0001617 : ywhaba, ywhabb
warning: more than one possible gene symbols found for group N1.HOG0001618 : zgc:112966, si:dkey-14o1.20, zgc:112970, loc103910820, loc110439436, loc108183559, loc100330690, loc141375915, loc141376470, loc141377777, loc110439390, loc141381702, loc141381817, loc108183976, loc141381848, loc141381976
warning: more than one possible gene symbols found for group N1.HOG0001620 : hbbe3, hbbe1.2, hbbe1.3, hbbe1.1, hbbe2
warning: more than one possible gene symbols found for group N1.HOG0001621 : ba1l, hbba1
warning: more than one possible gene symbols found for group N1.HOG0001624 : or92a2, or92a4, or92a7, si:dkey-92k1.9, or93a6, or93a5, or93a7, or93a1, or92a1, or93a9, or93a8, or93a2, or113-4, loc137488865, or92a3
warning: more than one possible gene symbols found for group N1.HOG0001627 : ponzr10, loc100537055
warning: more than one possible gene symbols found for group N1.HOG0001629 : ponzr4, ponzr3, ponzr2, ponzr5
warning: more than one possible gene symbols found for group N1.HOG0001633 : loc110439056, loc108191771, loc100537439
warning: more than one possible gene symbols found for group N1.HOG0001639 : cyth1b, cyth1a
warning: more than one possible gene symbols found for group N1.HOG0001642 : cyth3a, cyth3b
warning: more than one possible gene symbols found for group N1.HOG0001663 : kcnip1b, kcnip1a
warning: more than one possible gene symbols found for group N1.HOG0001675 : slc8a2b, slc8a2a
warning: more than one possible gene symbols found for group N1.HOG0001680 : slc8a1a, slc8a1b
warning: more than one possible gene symbols found for group N1.HOG0001710 : rhoaa, rhoac
warning: more than one possible gene symbols found for group N1.HOG0001736 : zgc:153713, rhoab
warning: more than one possible gene symbols found for group N1.HOG0001738 : si:ch211-5k11.8, hbaa1, hbaa2
warning: more than one possible gene symbols found for group N1.HOG0001742 : hbae5, hbae1.2, hbae1.3, hbae1.1, hbae3
warning: more than one possible gene symbols found for group N1.HOG0001744 : pycard, si:ch211-66k16.27
warning: more than one possible gene symbols found for group N1.HOG0001746 : loc100535728, loc100535263
warning: more than one possible gene symbols found for group N1.HOG0001751 : si:ch211-261n11.8, si:dkey-23c22.6
warning: more than one possible gene symbols found for group N1.HOG0001752 : zgc:153759, loc798191, zgc:153631, si:dkey-23c22.9, tnfrsf14, si:dkey-23c22.5
warning: more than one possible gene symbols found for group N1.HOG0001753 : c6ast4, c6ast1, npsn, c6ast3
warning: more than one possible gene symbols found for group N1.HOG0001755 : si:zfos-128g4.1, loc110439798
warning: more than one possible gene symbols found for group N1.HOG0001761 : si:ch73-59f11.3, loc110438041, si:ch211-207i20.3, zgc:152938, loc141381856
warning: more than one possible gene symbols found for group N1.HOG0001804 : nxpe3l, loc141375019, si:dkey-105h11.2, si:ch211-157j23.2, si:ch211-162k9.5, si:dkey-285b23.4, si:ch211-157j23.5
warning: more than one possible gene symbols found for group N1.HOG0001805 : tnni2a.2, tnni2a.1
warning: more than one possible gene symbols found for group N1.HOG0001807 : tnni2a.4, tnni2a.3
warning: more than one possible gene symbols found for group N1.HOG0001808 : tnni2b.2, tnni2b.1
warning: more than one possible gene symbols found for group N1.HOG0001809 : zgc:113274, si:rp71-1d10.8, loc141375875
warning: more than one possible gene symbols found for group N1.HOG0001816 : kcnh6a, kcnh6b
warning: more than one possible gene symbols found for group N1.HOG0001817 : loc101883600, kcnh7
warning: more than one possible gene symbols found for group N1.HOG0001823 : picalmb, snap91b, picalma
warning: more than one possible gene symbols found for group N1.HOG0001824 : or94a1, si:ch211-24o8.2
warning: more than one possible gene symbols found for group N1.HOG0001825 : or91a3, or91a1, or91a2
warning: more than one possible gene symbols found for group N1.HOG0001827 : cabp1b, cabp1a
warning: more than one possible gene symbols found for group N1.HOG0001834 : cabp5b, cabp5a
warning: more than one possible gene symbols found for group N1.HOG0001836 : loc100006797, pcdhb, si:ch73-233f7.7, loc103908739, loc141375058, loc137487555
warning: more than one possible gene symbols found for group N1.HOG0001838 : rbms1a, rbms1b
warning: more than one possible gene symbols found for group N1.HOG0001847 : ppp2r2bb, ppp2r2ba
warning: more than one possible gene symbols found for group N1.HOG0001848 : ppp2r2cb, ppp2r2ca
warning: more than one possible gene symbols found for group N1.HOG0001849 : ppp2r2ab, ppp2r2aa
warning: more than one possible gene symbols found for group N1.HOG0001854 : zgc:153932, loc100005948, loc108179107, si:dkey-239b22.2, si:ch73-181m17.1, loc108179123, si:ch211-226h7.3, loc108191777, loc100005685, loc137496864, loc141381094
warning: more than one possible gene symbols found for group N1.HOG0001856 : si:ch211-39f2.3, loc110437733
warning: more than one possible gene symbols found for group N1.HOG0001867 : col11a1b, col11a1a
warning: more than one possible gene symbols found for group N1.HOG0001881 : gjb9a, gjb9b
warning: more than one possible gene symbols found for group N1.HOG0001886 : si:ch73-208g10.1, si:ch211-66e2.3, si:ch211-66e2.5, icam3, sc:d0202, si:ch211-74m13.1, loc566194
warning: more than one possible gene symbols found for group N1.HOG0001897 : gna14, gna14a
warning: more than one possible gene symbols found for group N1.HOG0001905 : kcnab1a, kcnab1b
warning: more than one possible gene symbols found for group N1.HOG0001910 : kcnab2b, kcnab2a
warning: more than one possible gene symbols found for group N1.HOG0001912 : a2m3b, a2m3g, a2m2e, a2m2d, a2m2c, a2m2f, a2m2a, a2m2h, a2m3a, loc108179231, loc101886227, loc137487807, a2m3f, a2m3h, a2m3d, a2m2b
warning: more than one possible gene symbols found for group N1.HOG0001950 : rab3aa, rab3ab
warning: more than one possible gene symbols found for group N1.HOG0001951 : si:dkey-261j15.2, si:dkey-11o15.10, si:ch211-174j14.2, loc100321644, loc100329833, si:dkey-6e2.2, loc563780, loc141379190, loc141381842
warning: more than one possible gene symbols found for group N1.HOG0001956 : grk7a, grk7b
warning: more than one possible gene symbols found for group N1.HOG0001960 : chia.2, chia.3, ovgp1
warning: more than one possible gene symbols found for group N1.HOG0001961 : chia.6, chia.4, chia.5
warning: more than one possible gene symbols found for group N1.HOG0001964 : loc110438081, loc100331080, loc100535405, si:ch73-167i17.7
warning: more than one possible gene symbols found for group N1.HOG0001966 : tmtops2a, tmtops2b
warning: more than one possible gene symbols found for group N1.HOG0001967 : tmtops3a, tmtops3b
warning: more than one possible gene symbols found for group N1.HOG0001974 : opn3, tmtopsa
warning: more than one possible gene symbols found for group N1.HOG0001981 : ppp1cab, ppp1caa
warning: more than one possible gene symbols found for group N1.HOG0001994 : apnl, loc100534815
warning: more than one possible gene symbols found for group N1.HOG0001995 : dnm3a, dnm3b
warning: more than one possible gene symbols found for group N1.HOG0002011 : tle3b, tle3a
warning: more than one possible gene symbols found for group N1.HOG0002012 : si:dkey-92i17.2, loc137496680, loc141376695, loc141380200
warning: more than one possible gene symbols found for group N1.HOG0002013 : kiaa1958, si:dkeyp-13d11.1, si:dkey-6f10.5, loc100147949, loc108180305, si:ch211-127n13.2
warning: more than one possible gene symbols found for group N1.HOG0002016 : ccdc106b, ccdc106a
warning: more than one possible gene symbols found for group N1.HOG0002019 : slc12a7b, slc12a7a
warning: more than one possible gene symbols found for group N1.HOG0002026 : kif5aa, kif5bb
warning: more than one possible gene symbols found for group N1.HOG0002065 : swift, si:dkey-78l4.12, si:dkey-78l4.5, si:dkey-78l4.1, si:dkey-78l4.6, si:dkey-78l4.2, si:dkey-78l4.7, si:dkey-78l4.8, si:dkey-78l4.10, si:dkey-21e2.7, si:dkey-21e2.10, loc110439063, loc110439065, loc110439067, loc110439068, loc110439069, loc558805, si:dkey-21e2.4, si:dkey-21e2.13, loc137488920, loc137489056, loc137490598, si:dkey-21e2.14, si:dkey-21e2.11, loc141375005, loc141380111, loc141380309, loc141380312
warning: more than one possible gene symbols found for group N1.HOG0002067 : gzm3.3, gzm3.4, gzm3, gzm3.2
warning: more than one possible gene symbols found for group N1.HOG0002079 : atp2a2b, atp2a2a
warning: more than one possible gene symbols found for group N1.HOG0002084 : zgc:175135, loc100334068, loc100537499, loc100334195, loc100538023, loc110440097
warning: more than one possible gene symbols found for group N1.HOG0002092 : rarab, raraa
warning: more than one possible gene symbols found for group N1.HOG0002099 : zgc:101540, slc27a2b
warning: more than one possible gene symbols found for group N1.HOG0002107 : ube2d4, ube2d1a
warning: more than one possible gene symbols found for group N1.HOG0002120 : ube2d2l, ube2d2
warning: more than one possible gene symbols found for group N1.HOG0002123 : si:dkey-13e3.1, si:dkey-122c11.1, si:ch211-10d23.5, loc100536595, si:ch73-341k19.1, si:ch211-238e22.4, loc100332323, loc794073, si:dkey-3n22.9, loc137490821, loc137490829, loc137491207, loc101886954, loc137496231, loc137487679, loc110437863, loc141375025, si:dkey-217m5.8, loc110438158, loc141379407, si:rp71-23d18.4, si:ch211-238e22.2, loc137491465, loc137490954, loc137491451, loc137490948, loc110439618, loc137490827, loc103910575, loc141381704, loc141381706, loc101883440, loc108183854, loc108183900, loc103910632, loc101886291, loc103910688, loc137491325, loc101884392, loc108183721, loc141381982, loc108184009
warning: more than one possible gene symbols found for group N1.HOG0002128 : atp2b1b, atp2b1a
warning: more than one possible gene symbols found for group N1.HOG0002131 : clic5a, clic5b
warning: more than one possible gene symbols found for group N1.HOG0002134 : or71at1, or71aq1, or71aq2
warning: more than one possible gene symbols found for group N1.HOG0002136 : or15.37, or71al2
warning: more than one possible gene symbols found for group N1.HOG0002138 : or71as2, or71ar1, or71as1
warning: more than one possible gene symbols found for group N1.HOG0002141 : mhc2dhb, mhc2dgb, mhc2d8.45b1, mhc2d8.35b2, mhc2dbb, mhc2d4b, mhc2dcb
warning: more than one possible gene symbols found for group N1.HOG0002151 : kcna1a, kcna1b
warning: more than one possible gene symbols found for group N1.HOG0002155 : loc141375164, loc141375639, loc141376106, loc141376283, loc141376589, loc141378183, loc141379117, loc141380829, loc141381809, loc141386287
warning: more than one possible gene symbols found for group N1.HOG0002160 : inaa, inab
warning: more than one possible gene symbols found for group N1.HOG0002163 : igfn1.2, igfn1.4
warning: more than one possible gene symbols found for group N1.HOG0002164 : igfn1.3, igfn1.1
warning: more than one possible gene symbols found for group N1.HOG0002173 : loc101886156, loc110438586
warning: more than one possible gene symbols found for group N1.HOG0002174 : loc101882579, loc103910200, loc101882642
warning: more than one possible gene symbols found for group N1.HOG0002186 : dip2ba, dip2bb
warning: more than one possible gene symbols found for group N1.HOG0002194 : adora3a.1, adora3a.2
warning: more than one possible gene symbols found for group N1.HOG0002201 : mfap4.4, mfap4.10, mfap4.14, mfap4.5, loc100334800, mfap4.13, mfap4.12, mfap4.8, mfap4.11, mfap4.2, mfap4.7, loc555374, mfap4.6, mfap4.3, loc108179162, loc141375416, loc141375426, loc141375032, loc141375439, loc141375460, loc141375465, mfap4.1
warning: more than one possible gene symbols found for group N1.HOG0002215 : gabrb2a, gabrb2b
warning: more than one possible gene symbols found for group N1.HOG0002218 : tlr20.2, loc137487195, loc103911657, tlr20f, tlr20.4, loc572462, tlr19.1
warning: more than one possible gene symbols found for group N1.HOG0002229 : pde6ha, pde6hb, loc110437775
warning: more than one possible gene symbols found for group N1.HOG0002230 : rbp1.2, rbp5, rbp1.1
warning: more than one possible gene symbols found for group N1.HOG0002257 : c3a.6, c3a.3, c3a.1, c3a.2, c3a.5
warning: more than one possible gene symbols found for group N1.HOG0002260 : art4, zmp:0000000997, loc100537553, loc108182772, si:ch211-51i16.1, loc141374989, loc141374980, loc101884769, loc100329579, loc100537504, loc110438591, loc108182771, loc103909924, loc103909926, loc141381348
warning: more than one possible gene symbols found for group N1.HOG0002264 : si:ch211-114l13.9, loc110437810
warning: more than one possible gene symbols found for group N1.HOG0002269 : gja13.2, gja13.1, gja12.1, gja12.2
warning: more than one possible gene symbols found for group N1.HOG0002272 : kcnc1a, kcnc1b
warning: more than one possible gene symbols found for group N1.HOG0002280 : loc101884385, edn3b
warning: more than one possible gene symbols found for group N1.HOG0002283 : zpax1, zpax2
warning: more than one possible gene symbols found for group N1.HOG0002285 : znf1137, znf973, zgc:174650, zgc:174275, zgc:174624, si:ch211-284e13.5, loc100148466, si:dkey-57k17.1, znf1117, znf1119, znf1141, zgc:113372, si:cabz01021433.2, zgc:171599, loc108182290, znf1102, znf1136, loc108183709, loc103910729, znf1086, loc110437783, loc110437722, loc101882267, loc103910472, loc110439491, loc101886494, loc110437813, loc110437841, loc101885920, loc110439562, loc103910801, loc137487788, loc137488696, loc137488697, loc137488698, loc110438419, loc137489694, loc108183924, loc137490093, loc561361, loc137490842, loc137490843, loc137490844, loc137490847, loc137490857, loc137490858, loc137490866, znf1085, loc137490869, loc108183642, loc137490873, loc108183619, loc137490879, loc137490882, loc108183639, loc137490888, loc137490892, loc103910570, loc108183436, loc100537992, loc137490915, loc137490924, loc137490930, loc110439387, loc137490934, loc108183672, loc137490967, loc137490969, loc137490970, loc137490977, znf1069, loc101885161, loc137487280, loc137490987, loc137490990, loc137490991, loc137490992, loc137491000, loc137491005, loc137491027, loc103910690, loc137491030, loc137491031, loc137491035, loc137491036, loc137491044, loc137491045, loc137491046, loc137491048, loc137491050, loc137491051, loc110439545, loc137491084, loc137491086, loc137491094, loc137491097, loc137491098, loc137491102, loc137491109, loc137491112, si:dkey-201g16.1, loc137491118, loc137491120, loc137491126, loc103910749, loc137489915, loc137491194, loc137491200, loc137491203, loc137491210, loc137491212, loc137491213, loc137491214, loc103910821, loc137491216, loc137491223, loc137491224, loc137491226, loc137491229, loc137491232, loc110439613, loc137491234, loc108183902, loc137491244, loc137491253, loc110439406, loc137491256, loc137491257, loc103910779, loc137491258, loc137491266, loc137491280, loc110439481, loc141377561, znf1007, wu:fb44c10, loc137487318, zgc:113407, loc795918, loc101884750, loc100004591, loc137490038, zgc:173619, znf1113, zgc:173607, zgc:173720, loc141381528, loc137491049, loc137490849, loc137490874, loc137489627, loc108183502, loc141381652, loc141381655, loc137491202, loc137491199, loc137490945, loc141375039, loc110439352, loc101884055, loc137487297, loc137491174, loc101887036, loc137491092, loc137490938, loc137490865, loc137491272, loc108183930, loc137490931, loc137491206, loc141381670, loc137490932, loc137490933, loc141381671, loc137490940, loc100536608, loc137491263, loc137491231, loc110439343, loc110439401, loc141381673, loc137490868, loc137487293, loc110439532, loc141381674, loc137490935, loc137489470, wu:fe14d05, loc100007972, loc137490872, loc141375063, loc137490909, loc137491432, loc141381675, loc137490937, loc137490889, loc137491248, loc103910934, loc101883766, loc137490988, loc110437814, loc137491235, loc137490939, loc108183688, loc141381684, loc141381685, loc137490953, loc137490883, loc137491326, loc137490941, loc141381687, loc137490993, loc141381689, loc137491268, loc110438632, loc137490885, loc137491123, loc137491269, loc137490997, loc137491165, loc137490943, loc137489629, loc108183929, loc110439608, loc137491081, loc141381800, loc137489786, loc137491023, loc108182799, loc141381808, loc141374994, loc103910701, loc137489462, loc137491085, loc101884866, loc137489914, loc137489733, loc110439484, loc103910773, loc103910825, loc101883686, loc137491082, loc137491054, loc137491040, loc137491131, loc108183925, loc101885837, loc137489867, loc103910797, loc110439612, loc141375060, loc137491221, loc108183754, zgc:173615, loc141381818, loc137491103, loc137491439, loc141381819, loc137489693, loc137491480, loc137490979, loc141381820, loc141381821, loc137491346, loc137490983, loc137491130, loc137489657, loc137489753, loc110439620, loc137491041, loc137491116, loc137489621, loc108183347, loc137491261, loc137489667, loc137491074, loc137491042, loc137491278, loc141381854
warning: more than one possible gene symbols found for group N1.HOG0002287 : zp2.1, zp2l2, zp2l1, zp2.5, zp2.2, zp2.3, zp2.6, si:zfos-1505d6.3
warning: more than one possible gene symbols found for group N1.HOG0002288 : si:ch211-262h13.3, si:dkey-65l23.2, loc100331720, si:dkey-242h9.3, si:dkey-266f7.4, si:dkey-187a12.4, loc101882666, loc101882570, loc108183684, loc110439580, si:dkey-172k15.5, loc100005318, loc137487427, loc137487859, loc141378706, loc110440019, loc108182121, loc110438273, loc141380681, loc137491135, loc108183846, loc101885251
warning: more than one possible gene symbols found for group N1.HOG0002298 : loc141378913, loc101883813, loc110437901, loc141378915, loc141378922, si:ch211-209f23.6, loc141378924, loc137487487, loc141378925
warning: more than one possible gene symbols found for group N1.HOG0002304 : zp3a.1, zp3.2, zp3a.2, zp3.1, zgc:173556, zp3e, zp3, loc100536860
warning: more than one possible gene symbols found for group N1.HOG0002310 : atp1a1a.2, atp1a1a.3, atp1a1a.4, atp1a1a.5
warning: more than one possible gene symbols found for group N1.HOG0002325 : zgc:165514, zgc:162962, loc110437936, loc101884350, loc141377922, loc141377923, loc141378017, loc103908877, loc100332443, loc141378018, loc108183449
warning: more than one possible gene symbols found for group N1.HOG0002326 : zgc:112998, si:ch211-276c2.4
warning: more than one possible gene symbols found for group N1.HOG0002329 : si:ch211-241b2.4, loc100332787
warning: more than one possible gene symbols found for group N1.HOG0002370 : cacna1c, cacna1db
warning: more than one possible gene symbols found for group N1.HOG0002389 : si:ch211-125o16.4, si:ch211-69b7.6
warning: more than one possible gene symbols found for group N1.HOG0002395 : trim63a, trim63b
warning: more than one possible gene symbols found for group N1.HOG0002411 : chrna7a, loc101882451
warning: more than one possible gene symbols found for group N1.HOG0002421 : drd5a, loc567498
warning: more than one possible gene symbols found for group N1.HOG0002425 : drd1b, drd1a
warning: more than one possible gene symbols found for group N1.HOG0002429 : si:dkey-175m17.6, si:dkey-160o24.3
warning: more than one possible gene symbols found for group N1.HOG0002445 : gbgt1l4, gbgt1l1, gbgt1l3, gbgt1l2, loc100330771, gbgt1l8, gbgt1l5, gbgt1l9, loc141385806, gbgt1l6
warning: more than one possible gene symbols found for group N1.HOG0002463 : sh3gl1b, sh3gl1a
warning: more than one possible gene symbols found for group N1.HOG0002485 : adgrf3a, adgrf3b
warning: more than one possible gene symbols found for group N1.HOG0002487 : adgrf8, adgrf6, loc100535565, adgrf7
warning: more than one possible gene symbols found for group N1.HOG0002488 : zgc:101130, si:dkeyp-53d3.6, si:ch73-144d13.7, si:dkey-66i24.8
warning: more than one possible gene symbols found for group N1.HOG0002496 : akt3a, akt3b
warning: more than one possible gene symbols found for group N1.HOG0002513 : zgc:111983, loc799879, loc799643
warning: more than one possible gene symbols found for group N1.HOG0002516 : col8a1a, col8a1b
warning: more than one possible gene symbols found for group N1.HOG0002519 : adipoqb, adipoqa
warning: more than one possible gene symbols found for group N1.HOG0002527 : srgap2, srgap3
warning: more than one possible gene symbols found for group N1.HOG0002535 : epb41l3b, epb41l3a
warning: more than one possible gene symbols found for group N1.HOG0002563 : irgf1, si:ch73-171o20.1, irgf3, si:dkey-79i2.4, loc101885035
warning: more than one possible gene symbols found for group N1.HOG0002564 : loc100151419, loc100333218, loc100333286, irge4, loc565002, zmp:0000000951, irgq1
warning: more than one possible gene symbols found for group N1.HOG0002567 : zgc:162184, si:ch211-202f3.4, si:ch211-202f3.3, zgc:136872
warning: more than one possible gene symbols found for group N1.HOG0002585 : crfb4, crfb15
warning: more than one possible gene symbols found for group N1.HOG0002590 : si:dkey-96f10.1, pfkfb1
warning: more than one possible gene symbols found for group N1.HOG0002605 : apba1a, apba1b
warning: more than one possible gene symbols found for group N1.HOG0002612 : syt2a, syt2b
warning: more than one possible gene symbols found for group N1.HOG0002628 : tnikb, tnika
warning: more than one possible gene symbols found for group N1.HOG0002634 : elavl1b, elavl1a, elavl3
warning: more than one possible gene symbols found for group N1.HOG0002694 : gad1b, gad1a
warning: more than one possible gene symbols found for group N1.HOG0002696 : si:dkey-172m14.1, loc799768
warning: more than one possible gene symbols found for group N1.HOG0002698 : zgc:110626, si:ch211-130m23.2
warning: more than one possible gene symbols found for group N1.HOG0002700 : gnai2a, gnai2b
warning: more than one possible gene symbols found for group N1.HOG0002727 : celf5a, loc141378996
warning: more than one possible gene symbols found for group N1.HOG0002728 : celf3b, celf3a
warning: more than one possible gene symbols found for group N1.HOG0002743 : rab5aa, rab5ab
warning: more than one possible gene symbols found for group N1.HOG0002778 : hhla2a.1, hhla2b.1, hhla2b.2
warning: more than one possible gene symbols found for group N1.HOG0002779 : cyp3c3, cyp3c4, cyp3c1, cyp3c2
warning: more than one possible gene symbols found for group N1.HOG0002784 : il4r.1, il4r.2
warning: more than one possible gene symbols found for group N1.HOG0002794 : dpysl2a, dpysl2b
warning: more than one possible gene symbols found for group N1.HOG0002796 : si:dkey-31e10.5, si:dkey-31e10.6p
warning: more than one possible gene symbols found for group N1.HOG0002807 : tead3a, tead3b
warning: more than one possible gene symbols found for group N1.HOG0002813 : tead1b, tead1a
warning: more than one possible gene symbols found for group N1.HOG0002818 : si:dkey-211g8.7, si:dkey-211g8.6
warning: more than one possible gene symbols found for group N1.HOG0002819 : si:ch73-90p23.1, loc571502
warning: more than one possible gene symbols found for group N1.HOG0002832 : slc4a10b, slc4a10a
warning: more than one possible gene symbols found for group N1.HOG0002836 : slc17a7a, slc17a7b
warning: more than one possible gene symbols found for group N1.HOG0002837 : slc17a6a, slc17a6b
warning: more than one possible gene symbols found for group N1.HOG0002844 : hcn1, hcn2b
warning: more than one possible gene symbols found for group N1.HOG0002852 : prkag3b, prkag3a
warning: more than one possible gene symbols found for group N1.HOG0002860 : dnajb1a, dnajb1b
warning: more than one possible gene symbols found for group N1.HOG0002864 : eef1a1l2, eef1a1l1
warning: more than one possible gene symbols found for group N1.HOG0002884 : sorcs2, sorcs3b
warning: more than one possible gene symbols found for group N1.HOG0002887 : ago3b, ago3a
warning: more than one possible gene symbols found for group N1.HOG0002899 : aldoab, aldoaa
warning: more than one possible gene symbols found for group N1.HOG0002914 : pcdh1gc5, pcdh1gc6, pcdh1g26, pcdh1g29, pcdh1g30, pcdh1g31
warning: more than one possible gene symbols found for group N1.HOG0002956 : twist1b, twist1a
warning: more than one possible gene symbols found for group N1.HOG0002960 : eno1b, eno1a
warning: more than one possible gene symbols found for group N1.HOG0002969 : cry1a, cry1b
warning: more than one possible gene symbols found for group N1.HOG0002972 : zgc:56235, vdac3
warning: more than one possible gene symbols found for group N1.HOG0002975 : fam20ca, fam20cb
warning: more than one possible gene symbols found for group N1.HOG0002979 : evla, evlb
warning: more than one possible gene symbols found for group N1.HOG0002980 : loc101886255, gptl
warning: more than one possible gene symbols found for group N1.HOG0002982 : si:ch211-217a12.1, gpt
warning: more than one possible gene symbols found for group N1.HOG0002986 : apold1b, apold1a
warning: more than one possible gene symbols found for group N1.HOG0002987 : loc100535144, loc103910192, vwa10.1, vwa10.2
warning: more than one possible gene symbols found for group N1.HOG0002997 : mmp20a, loc101883213
warning: more than one possible gene symbols found for group N1.HOG0003016 : ppp3ca, ppp3cb
warning: more than one possible gene symbols found for group N1.HOG0003019 : rap2ab, rap2aa
warning: more than one possible gene symbols found for group N1.HOG0003025 : pkn2b, pkn2a
warning: more than one possible gene symbols found for group N1.HOG0003032 : pkn1a, pkn1b
warning: more than one possible gene symbols found for group N1.HOG0003045 : ppiab, ppiaa
warning: more than one possible gene symbols found for group N1.HOG0003048 : zgc:77938, adh5l
warning: more than one possible gene symbols found for group N1.HOG0003050 : adh8a, adh8b
warning: more than one possible gene symbols found for group N1.HOG0003054 : anpepla, anpeplb
warning: more than one possible gene symbols found for group N1.HOG0003056 : anpepb.1, loc100004744
warning: more than one possible gene symbols found for group N1.HOG0003092 : pbx3a, pbx3b
warning: more than one possible gene symbols found for group N1.HOG0003095 : pbx1a, pbx1b
warning: more than one possible gene symbols found for group N1.HOG0003096 : cngb1a, loc141380947
warning: more than one possible gene symbols found for group N1.HOG0003097 : cngb3.2, cngb3.1, loc141380945
warning: more than one possible gene symbols found for group N1.HOG0003100 : sult3st2, sult3st5, sult3st3, sult3st4, si:dkey-236e20.1
warning: more than one possible gene symbols found for group N1.HOG0003104 : fthl27, fthl31, zgc:173594, fthl28, fthl29, fthl30, loc558816
warning: more than one possible gene symbols found for group N1.HOG0003109 : pvalb1, pvalb4, pvalb3
warning: more than one possible gene symbols found for group N1.HOG0003115 : zp3d.2, zp3c
warning: more than one possible gene symbols found for group N1.HOG0003141 : itpkcb, itpkca
warning: more than one possible gene symbols found for group N1.HOG0003168 : loc101883913, si:zfos-741a10.4, loc110437825, si:zfos-741a10.3, loc110440201, loc110440216
warning: more than one possible gene symbols found for group N1.HOG0003169 : loc565422, b3galt11, b3galt10.1, si:dkeyp-98a7.1, loc100536819, loc100331460, loc100537407
warning: more than one possible gene symbols found for group N1.HOG0003172 : si:ch211-103f14.3, si:ch211-229d2.5
warning: more than one possible gene symbols found for group N1.HOG0003173 : crestin, loc799796, loc100334495, loc101882511, loc110438103, loc141375077, loc101883064, loc141377581, loc141378174, loc137487239, loc103908810, loc141379055, loc110438146, loc141379133, loc792894, loc141379869, loc141380651, loc110439323, loc100001908, loc137490856, loc141381654, loc137490515, loc141381801, loc108183698, loc101885149, loc141386120
warning: more than one possible gene symbols found for group N1.HOG0003178 : flnbb, flnba
warning: more than one possible gene symbols found for group N1.HOG0003183 : si:ch211-160o17.6, zgc:195245
warning: more than one possible gene symbols found for group N1.HOG0003188 : rab8b, loc100535415
warning: more than one possible gene symbols found for group N1.HOG0003213 : snapc1b, snapc1a
warning: more than one possible gene symbols found for group N1.HOG0003227 : hmgb2b, hmgb2a
warning: more than one possible gene symbols found for group N1.HOG0003239 : ctss2.1, ctss2.2
warning: more than one possible gene symbols found for group N1.HOG0003240 : rac3a, rac3b
warning: more than one possible gene symbols found for group N1.HOG0003242 : rac1b, rac1a, loc100537765
warning: more than one possible gene symbols found for group N1.HOG0003246 : cbx1b, cbx1a
warning: more than one possible gene symbols found for group N1.HOG0003248 : ap1s3b, ap1s3a
warning: more than one possible gene symbols found for group N1.HOG0003250 : zgc:162858, ap1s2
warning: more than one possible gene symbols found for group N1.HOG0003266 : lim2.3, lim2.1
warning: more than one possible gene symbols found for group N1.HOG0003267 : or30by3, or30by1, or30bx1, or30bw1, or30by2
warning: more than one possible gene symbols found for group N1.HOG0003268 : or30bt2, or30bt5, or30bt1, or30bt3, or30bt4
warning: more than one possible gene symbols found for group N1.HOG0003269 : or30bu2, or30bu1, or30bv1
warning: more than one possible gene symbols found for group N1.HOG0003270 : esrrga, esrrb, esrrgb
warning: more than one possible gene symbols found for group N1.HOG0003281 : mat2ab, mat2aa
warning: more than one possible gene symbols found for group N1.HOG0003284 : cdk5r2b, cdk5r2a
warning: more than one possible gene symbols found for group N1.HOG0003286 : cdk5r1b, cdk5r1a
warning: more than one possible gene symbols found for group N1.HOG0003289 : tafa4b, loc103909673
warning: more than one possible gene symbols found for group N1.HOG0003294 : tafa3a, tafa3b
warning: more than one possible gene symbols found for group N1.HOG0003300 : zp3f.2, zp3f.1, loc137489883
warning: more than one possible gene symbols found for group N1.HOG0003304 : si:dkey-239i20.2, fmo5
warning: more than one possible gene symbols found for group N1.HOG0003334 : loc101884816, loc137490453, loc101883850, loc110439304, loc108182217
warning: more than one possible gene symbols found for group N1.HOG0003338 : si:ch73-211l2.1, zgc:194839, loc100331417, si:dkey-56i24.1
warning: more than one possible gene symbols found for group N1.HOG0003341 : adora2ab, adora2b
warning: more than one possible gene symbols found for group N1.HOG0003357 : btbd3b, btbd3a
warning: more than one possible gene symbols found for group N1.HOG0003358 : btbd6a, btbd6b
warning: more than one possible gene symbols found for group N1.HOG0003359 : hcar1-1, hcar1-2
warning: more than one possible gene symbols found for group N1.HOG0003366 : ptprma, loc100334269
warning: more than one possible gene symbols found for group N1.HOG0003375 : actn3a, actn3b
warning: more than one possible gene symbols found for group N1.HOG0003392 : ppp1r3ca, ppp1r3cb
warning: more than one possible gene symbols found for group N1.HOG0003397 : loc101885697, zgc:112183
warning: more than one possible gene symbols found for group N1.HOG0003405 : si:dkey-148a17.6, si:dkey-148a17.5
warning: more than one possible gene symbols found for group N1.HOG0003406 : loc108190082, loc141375429, zgc:194202, loc100005512, loc100334739
warning: more than one possible gene symbols found for group N1.HOG0003441 : si:ch211-89o9.4, znf638
warning: more than one possible gene symbols found for group N1.HOG0003462 : ctrl, zgc:171592
warning: more than one possible gene symbols found for group N1.HOG0003464 : ctrb.2, ctrb.1
warning: more than one possible gene symbols found for group N1.HOG0003484 : ext1a, ext1b
warning: more than one possible gene symbols found for group N1.HOG0003485 : mical2b, mical2a, mical3b
warning: more than one possible gene symbols found for group N1.HOG0003491 : slc22a7b.3, loc141375012
warning: more than one possible gene symbols found for group N1.HOG0003504 : ifnphi4, ifnphi1
warning: more than one possible gene symbols found for group N1.HOG0003506 : mhc2dga, mhc2dca, mhc2d8.35a1, zgc:123107, loc100332267, mhc2daa, mhc2d8.46a
warning: more than one possible gene symbols found for group N1.HOG0003511 : si:dkey-112m2.1, si:dkeyp-14d3.1
warning: more than one possible gene symbols found for group N1.HOG0003512 : zgc:113426, zgc:171459, si:dkeyp-38g8.5, si:ch73-193c12.2
warning: more than one possible gene symbols found for group N1.HOG0003513 : si:dkey-49o11.1, loc141377763, loc141377764, loc141377765, loc793824, loc141375031, loc141379164, loc137490193, si:dkey-21o22.2
warning: more than one possible gene symbols found for group N1.HOG0003544 : synpo2a, synpo2b
warning: more than one possible gene symbols found for group N1.HOG0003551 : si:ch211-286b5.5, si:dkey-204f11.64
warning: more than one possible gene symbols found for group N1.HOG0003577 : twf1b, twf1a
warning: more than one possible gene symbols found for group N1.HOG0003579 : twf2, twf2b
warning: more than one possible gene symbols found for group N1.HOG0003593 : fgfbp1b, fgfbp1a
warning: more than one possible gene symbols found for group N1.HOG0003619 : si:ch211-284e13.11, si:ch211-284e13.9, loc141380980
warning: more than one possible gene symbols found for group N1.HOG0003620 : si:ch211-212k18.15, wu:fj30f06
warning: more than one possible gene symbols found for group N1.HOG0003621 : casp8l1, casp8
warning: more than one possible gene symbols found for group N1.HOG0003622 : loc795066, casp20
warning: more than one possible gene symbols found for group N1.HOG0003626 : si:ch211-202h22.8, si:ch211-202h22.7
warning: more than one possible gene symbols found for group N1.HOG0003633 : serpinb1l1, zgc:173729, serpinb1l3, serpinb1l4
warning: more than one possible gene symbols found for group N1.HOG0003647 : loc556668, xirp1
warning: more than one possible gene symbols found for group N1.HOG0003648 : limd2, lima1b
warning: more than one possible gene symbols found for group N1.HOG0003649 : loc137488873, loc100330916, mslnb, loc141380040, loc141380041, mslna
warning: more than one possible gene symbols found for group N1.HOG0003650 : ctbp2a, ctbp2l
warning: more than one possible gene symbols found for group N1.HOG0003660 : lrrfip1a, lrrfip1b
warning: more than one possible gene symbols found for group N1.HOG0003668 : chd4b, chd4a
warning: more than one possible gene symbols found for group N1.HOG0003671 : fhod3b, fhod3a
warning: more than one possible gene symbols found for group N1.HOG0003672 : apoa4a, apoa4b.1, si:dkey-7f3.14, apoa4b.3, apoa4b.2
warning: more than one possible gene symbols found for group N1.HOG0003673 : rxrba, rxrbb
warning: more than one possible gene symbols found for group N1.HOG0003674 : rxrga, rxrgb
warning: more than one possible gene symbols found for group N1.HOG0003681 : si:ch211-108c6.2, coro1ca, coro1cb
warning: more than one possible gene symbols found for group N1.HOG0003691 : loc141379811, loc141379880, loc141379982
warning: more than one possible gene symbols found for group N1.HOG0003692 : loc101886547, loc110439854
warning: more than one possible gene symbols found for group N1.HOG0003696 : si:dkey-58f10.10, si:dkey-58f10.6, si:ch211-271e10.2, si:ch211-271e10.3, si:dkey-58f10.13, si:dkey-58f10.11, si:dkey-58f10.7, si:dkey-27b3.4, si:dkey-58f10.12, si:dkey-111e8.5, loc100150003, si:dkey-58f10.14, loc100332459, loc141385800, loc564808
warning: more than one possible gene symbols found for group N1.HOG0003697 : tas1r2.1, tas1r2.2
warning: more than one possible gene symbols found for group N1.HOG0003700 : c1r, c1s.2
warning: more than one possible gene symbols found for group N1.HOG0003704 : apodb, apoda.1
warning: more than one possible gene symbols found for group N1.HOG0003736 : rps6ka3a, rps6ka3b
warning: more than one possible gene symbols found for group N1.HOG0003738 : egfra, loc101884366, loc571431
warning: more than one possible gene symbols found for group N1.HOG0003747 : erbb4a, si:ch73-383l1.1
warning: more than one possible gene symbols found for group N1.HOG0003776 : efnb3b, efnb3a
warning: more than one possible gene symbols found for group N1.HOG0003777 : efnb2a, efnb2b
warning: more than one possible gene symbols found for group N1.HOG0003804 : brinp3a.1, brinp3b
warning: more than one possible gene symbols found for group N1.HOG0003811 : acot22, acot21, acot20
warning: more than one possible gene symbols found for group N1.HOG0003819 : nme2b.1, nme2b.2, nme2a
warning: more than one possible gene symbols found for group N1.HOG0003823 : csmd3a, csmd3b
warning: more than one possible gene symbols found for group N1.HOG0003829 : si:ch73-380l3.2, loc103908642
warning: more than one possible gene symbols found for group N1.HOG0003830 : si:ch73-380l3.4, loc101884840, loc101883854, loc137487702, loc108179342, si:dkey-238d18.10, si:ch73-380l3.3, loc141377909, loc137487688, loc141377967
warning: more than one possible gene symbols found for group N1.HOG0003858 : prkg1, prkg1a
warning: more than one possible gene symbols found for group N1.HOG0003873 : ssbp3b, ssbp3a
warning: more than one possible gene symbols found for group N1.HOG0003875 : loc103909640, loc103909641, loc141380242, loc141380243
warning: more than one possible gene symbols found for group N1.HOG0003876 : asb15a, asb15b
warning: more than one possible gene symbols found for group N1.HOG0003883 : syn2a, syn2b
warning: more than one possible gene symbols found for group N1.HOG0003887 : col23a1a, col23a1b
warning: more than one possible gene symbols found for group N1.HOG0003903 : lamb1b, lamb1a
warning: more than one possible gene symbols found for group N1.HOG0003914 : dtx3lb.2, dtex3lb.1
warning: more than one possible gene symbols found for group N1.HOG0003936 : kcnh5b, kcnh5a
warning: more than one possible gene symbols found for group N1.HOG0003937 : kcnh1b, kcnh1a
warning: more than one possible gene symbols found for group N1.HOG0003940 : slit1b, slit1a
warning: more than one possible gene symbols found for group N1.HOG0003962 : loc100004978, loc101882365, loc108185170, loc141379194, loc103911970, loc137495467, loc137487303, loc100330441, loc141385530, loc141385531, loc141385533
warning: more than one possible gene symbols found for group N1.HOG0003963 : ppp1r3ab, ppp1r3aa
warning: more than one possible gene symbols found for group N1.HOG0003976 : foxg1d, foxg1b
warning: more than one possible gene symbols found for group N1.HOG0003981 : csnk2a2a, csnk2a2b
warning: more than one possible gene symbols found for group N1.HOG0004016 : chl1b, chl1a
warning: more than one possible gene symbols found for group N1.HOG0004030 : fgd4a, fgd4b
warning: more than one possible gene symbols found for group N1.HOG0004031 : per1b, per1a
warning: more than one possible gene symbols found for group N1.HOG0004052 : ptp4a2a, ptp4a2b
warning: more than one possible gene symbols found for group N1.HOG0004067 : prkcab, prkcaa
warning: more than one possible gene symbols found for group N1.HOG0004076 : si:ch211-207g17.3, loc100005027, ccr2, ccr11.1, loc141378345
warning: more than one possible gene symbols found for group N1.HOG0004079 : si:cabz01093077.1, ccr8.1, ccr8.2
warning: more than one possible gene symbols found for group N1.HOG0004080 : si:ch73-7i4.2, si:ch211-57b15.1, loc101887144, loc101882374, loc137490960, loc137491245, loc141381707
warning: more than one possible gene symbols found for group N1.HOG0004113 : cadm2a, cadm2b
warning: more than one possible gene symbols found for group N1.HOG0004133 : tmprss13a, tmprss13b
warning: more than one possible gene symbols found for group N1.HOG0004174 : loc569071, ptprh
warning: more than one possible gene symbols found for group N1.HOG0004181 : adgra1a, adgra1b
warning: more than one possible gene symbols found for group N1.HOG0004204 : pitpnaa, pitpnab
warning: more than one possible gene symbols found for group N1.HOG0004233 : slc25a23b, slc25a23a
warning: more than one possible gene symbols found for group N1.HOG0004243 : septin5b, septin5a
warning: more than one possible gene symbols found for group N1.HOG0004246 : ntng1b, ntng1a
warning: more than one possible gene symbols found for group N1.HOG0004256 : zgc:92161, zgc:123284, zgc:158868, zgc:163083, loc137488277, zgc:112146
warning: more than one possible gene symbols found for group N1.HOG0004259 : chchd3b, chchd3a
warning: more than one possible gene symbols found for group N1.HOG0004267 : tanc1a, tanc1b
warning: more than one possible gene symbols found for group N1.HOG0004268 : tanc2a, tanc2b
warning: more than one possible gene symbols found for group N1.HOG0004274 : stk25a, stk25b
warning: more than one possible gene symbols found for group N1.HOG0004318 : scinla, scinlb
warning: more than one possible gene symbols found for group N1.HOG0004323 : bmp7b, bmp7a
warning: more than one possible gene symbols found for group N1.HOG0004330 : loc137488159, loc103909212, loc137496347, loc141376188, loc101883780, loc110438917, loc137491163, loc141377840, loc141375010, loc141378818, loc137488091, loc110438084, loc141380260, loc137490325
warning: more than one possible gene symbols found for group N1.HOG0004331 : etv5a, etv5b
warning: more than one possible gene symbols found for group N1.HOG0004345 : hkdc1, hk1
warning: more than one possible gene symbols found for group N1.HOG0004349 : sumo3b, sumo3a
warning: more than one possible gene symbols found for group N1.HOG0004365 : kcnb2a, kcnb2b
warning: more than one possible gene symbols found for group N1.HOG0004368 : loc100334711, cnga3a
warning: more than one possible gene symbols found for group N1.HOG0004399 : si:ch211-194m7.4, si:ch211-194m7.8, olfm4l2
warning: more than one possible gene symbols found for group N1.HOG0004400 : olfm4.1, olfm4.2
warning: more than one possible gene symbols found for group N1.HOG0004401 : olmf4l1, si:ch211-194m7.5, loc101883900
warning: more than one possible gene symbols found for group N1.HOG0004402 : zdhhc20b, zdhhc20a
warning: more than one possible gene symbols found for group N1.HOG0004405 : zdhhc15a, zdhhc15b
warning: more than one possible gene symbols found for group N1.HOG0004406 : nr5a1a, nr5a1b
warning: more than one possible gene symbols found for group N1.HOG0004422 : adgrl1.1, loc101884937, adgrl1a
warning: more than one possible gene symbols found for group N1.HOG0004460 : csrp1b, csrp1a
warning: more than one possible gene symbols found for group N1.HOG0004465 : nkain5, nkain4
warning: more than one possible gene symbols found for group N1.HOG0004476 : grm1a, grm1b
warning: more than one possible gene symbols found for group N1.HOG0004489 : loc100537554, dclk2a
warning: more than one possible gene symbols found for group N1.HOG0004497 : cldn10a, cldn10b
warning: more than one possible gene symbols found for group N1.HOG0004498 : cldn10d, cldn10l2
warning: more than one possible gene symbols found for group N1.HOG0004510 : fndc7b, fndc7rs1
warning: more than one possible gene symbols found for group N1.HOG0004513 : vwa5a, loc103909810, si:ch1073-340j19.1, loc100535104
warning: more than one possible gene symbols found for group N1.HOG0004521 : pax3b, pax7a, pax7b
warning: more than one possible gene symbols found for group N1.HOG0004543 : loxl5a, loxl5b
warning: more than one possible gene symbols found for group N1.HOG0004550 : zgc:113294, zgc:113119, zgc:113452, zgc:162948, zgc:165515, zgc:171727, zgc:174310, znf1068, zgc:171551, zgc:174263, znf1041, zgc:174315, zgc:172128, si:ch211-161m3.6, zgc:173705, loc100150619, si:ch73-266f23.3, zgc:174574, loc100149889, zgc:173721, zgc:173713, loc100332458, loc100330321, si:cabz01069020.1, loc100537572, loc100536900, loc100537377, loc110437784, si:cabz01071912.2, zgc:171901, si:cabz01021430.2, si:ch211-162i8.2, si:ch211-226o13.2, si:cabz01054394.6, loc101885996, zgc:171673, loc101884641, loc101886047, loc101882721, loc101882787, loc101883087, loc101884850, si:cabz01071911.4, loc103910762, znf1078, loc101883642, znf1043, loc101882667, si:cabz01021426.2, zgc:171604, si:cabz01032474.1, si:cabz01063885.1, znf995, loc108181760, loc100536649, loc108183429, znf1046, znf569l, znf1053, loc100536609, loc100534765, si:dkey-237m9.1, si:dkey-22h13.1, zgc:174703, loc108183901, loc108183928, si:ch211-212k5.4, loc101884860, loc100536348, loc101886419, im:7143333, wu:fe17e08, loc110438633, zgc:174653, loc100536850, si:cabz01054394.5, loc100149352, loc110439394, loc110439430, loc100536867, loc137489764, loc110437839, loc108184001, si:dkey-262g12.10, loc141375015, znf970, loc137487706, si:ch73-144d13.5, loc137487708, loc137487709, zgc:194215, loc557537, loc137487286, zgc:173709, zgc:174314, znf1070, znf1147, znf1059, loc137490846, loc137490877, loc796940, loc137487279, loc100536312, loc137491032, loc137487276, loc137491038, loc137491039, loc137491073, loc100537530, loc108183319, loc100331054, loc137491088, loc137487265, loc137491095, loc137491117, loc100149554, loc141375014, wu:fa05b01, loc100000752, si:ch1073-398c20.3, si:ch73-158p21.7, loc137491459, loc137487212, loc794642, zgc:162936, loc100334838, loc137487800, loc100333534, loc100536922, loc108179274, loc141377981, loc101883622, loc100004986, si:dkey-77f5.8, si:dkey-77f5.4, si:ch73-144d13.4, loc101882575, loc110437883, loc141378478, znf1140, zgc:162958, zgc:113135, znf971, znf989, zgc:174704, znf1015, zgc:173624, zgc:174702, loc141381524, loc137491424, loc108183295, loc137491463, loc137491448, loc141381536, loc110439404, loc137487275, znf1067, loc101882171, loc100537450, loc137490925, znf1065, loc103910528, loc108183650, loc141381664, loc141381665, loc137491433, loc137491105, loc110439461, loc137491093, loc137489913, loc137489469, si:ch211-223a21.4, loc137491100, loc137491006, loc100538090, loc103911588, loc103908679, loc101886704, loc110439586, loc110439610, loc108183700, si:dkey-30f3.2, loc137490936, loc137491478, loc141381682, loc101886464, si:ch73-120g24.5, si:cabz01054396.2, loc100333228, loc100537584, loc571721, si:ch73-266f23.4, loc100331219, loc103909914, loc100537853, si:cabz01021428.1, loc110439525, loc100538121, loc101886348, znf1040, loc108183690, loc137491209, loc137491464, loc108182424, loc100329790, si:dkey-262g12.12, loc141375046, loc100001832, si:dkey-262g12.3, si:dkeyp-104f11.6, znf1032, loc100329723, loc137487288, loc101885193, loc108183703, loc110439492, loc141375011, loc100537855, loc108184006, si:cabz01054394.7, loc110439579, si:ch211-161m3.4, loc103910998, loc141381822, loc137491110, loc100537868, loc108182572, loc141375013, loc100149669, loc110437815, loc101882607, loc110438637, loc137491442, si:dkey-172k15.13, loc100536441, loc141381861, loc137491415, loc137491455, loc141381989, loc108179130, loc101884295, loc569391
warning: more than one possible gene symbols found for group N1.HOG0004569 : mpp3a, mpp3b
warning: more than one possible gene symbols found for group N1.HOG0004573 : slc2a1a, slc2a1b
warning: more than one possible gene symbols found for group N1.HOG0004574 : si:dkey-23a23.2, loc101886275, loc110439462, loc137491431, loc141375556, loc141376277, loc141376731, loc141381648, si:dkeyp-87d1.1, loc101885800, loc101886371, loc108183637, loc141381798, loc141381806, loc137491061, loc103910670, loc141381852, loc141381853
warning: more than one possible gene symbols found for group N1.HOG0004579 : mitfa, mitfb
warning: more than one possible gene symbols found for group N1.HOG0004594 : si:ch73-233f7.1, loc100006777
warning: more than one possible gene symbols found for group N1.HOG0004595 : pcdh10b, pcdh10a
warning: more than one possible gene symbols found for group N1.HOG0004597 : cyp2x8, cyp2x6, cyp2x9, si:dkey-286h2.3, cyp2x7, cyp2x10.2
warning: more than one possible gene symbols found for group N1.HOG0004600 : rab1bb, rab1aa, rab1ba
warning: more than one possible gene symbols found for group N1.HOG0004603 : zgc:113436, loc141377744, loc137491018
warning: more than one possible gene symbols found for group N1.HOG0004609 : bdkrb1, si:dkey-63b1.1
warning: more than one possible gene symbols found for group N1.HOG0004613 : loc103909700, si:ch211-66i15.5
warning: more than one possible gene symbols found for group N1.HOG0004615 : zgc:136410, si:dkey-240e12.6, si:ch211-12h2.6, si:ch211-250e5.16, si:dkey-179j5.5, zgc:171776, zgc:171781, si:dkeyp-98a7.4, si:dkeyp-46h3.2, si:ch211-12h2.8, si:dkeyp-98a7.5, loc100301575, si:dkeyp-98a7.8, si:ch1073-75o15.3, loc100331909, loc100331830, si:dkey-90l23.2, si:dkey-90l23.1, si:dkeyp-46h3.3, si:dkeyp-46h3.8, loc564755, si:ch211-145c1.1, si:dkeyp-46h3.6, loc137487327, zgc:153499, si:ch1073-75o15.4, si:ch211-154a22.8, si:ch211-226h8.14, loc100535847, si:dkeyp-98a7.7
warning: more than one possible gene symbols found for group N1.HOG0004616 : slc2a11l, loc137496625
warning: more than one possible gene symbols found for group N1.HOG0004618 : loc100331510, slc2a11a
warning: more than one possible gene symbols found for group N1.HOG0004624 : brsk2b, brsk2a
warning: more than one possible gene symbols found for group N1.HOG0004625 : brsk1b, brsk1a
warning: more than one possible gene symbols found for group N1.HOG0004627 : ces3, ces2a
warning: more than one possible gene symbols found for group N1.HOG0004630 : fam163ab, fam163aa
warning: more than one possible gene symbols found for group N1.HOG0004642 : igldcp, loc101882672
warning: more than one possible gene symbols found for group N1.HOG0004643 : fut9b.1, fut9b.3, fut9b.4, fut9d, fut9b.5, ctu1, fut9b.2, fut9b.6
warning: more than one possible gene symbols found for group N1.HOG0004644 : si:ch211-208g1.1, loc137487757, loc101882414, loc141375903, loc101885205, loc101885221
warning: more than one possible gene symbols found for group N1.HOG0004650 : pcbp3, zgc:162999
warning: more than one possible gene symbols found for group N1.HOG0004652 : camk1db, camk1da
warning: more than one possible gene symbols found for group N1.HOG0004656 : camk1a, camk1b
warning: more than one possible gene symbols found for group N1.HOG0004662 : loc101882757, itgam.1, loc141376742
warning: more than one possible gene symbols found for group N1.HOG0004664 : ifi27.6, ifi27.8, ifi27.4, ifi27.7
warning: more than one possible gene symbols found for group N1.HOG0004666 : ifi27.1, ifi27.2, ifi27.3
warning: more than one possible gene symbols found for group N1.HOG0004674 : en1b, en1a
warning: more than one possible gene symbols found for group N1.HOG0004684 : dscamb, dscama
warning: more than one possible gene symbols found for group N1.HOG0004700 : kcnj12b, kcnj12a
warning: more than one possible gene symbols found for group N1.HOG0004705 : map4k3b, map4k3a
warning: more than one possible gene symbols found for group N1.HOG0004713 : gja10a, gja10b
warning: more than one possible gene symbols found for group N1.HOG0004714 : gja9b, gja9a
warning: more than one possible gene symbols found for group N1.HOG0004720 : calm3a, calm3b, calm2a, calm1b, calm1a, calm2b
warning: more than one possible gene symbols found for group N1.HOG0004731 : kcnk12l, si:ch211-261a10.5
warning: more than one possible gene symbols found for group N1.HOG0004732 : kcnk13b, kcnk13a
warning: more than one possible gene symbols found for group N1.HOG0004764 : si:ch211-133n4.4, zgc:158445, loc101885869, si:ch211-133n4.9
warning: more than one possible gene symbols found for group N1.HOG0004765 : zgc:153118, wu:fd46g04, loc103911895, loc101883376, loc137496108
warning: more than one possible gene symbols found for group N1.HOG0004775 : gls2b, gls2a
warning: more than one possible gene symbols found for group N1.HOG0004776 : glsa, glsb
warning: more than one possible gene symbols found for group N1.HOG0004783 : sult2st2, sult2st1
warning: more than one possible gene symbols found for group N1.HOG0004790 : gng12a, gng12b
warning: more than one possible gene symbols found for group N1.HOG0004845 : aldh2.1, aldh2.2
warning: more than one possible gene symbols found for group N1.HOG0004866 : slc1a3b, slc1a3a
warning: more than one possible gene symbols found for group N1.HOG0004869 : bod1, stc2b
warning: more than one possible gene symbols found for group N1.HOG0004870 : mid1ip1a, mid1ip1b
warning: more than one possible gene symbols found for group N1.HOG0004887 : wu:fc75a09, loc558721, si:ch211-198c19.1, loc108179086
warning: more than one possible gene symbols found for group N1.HOG0004889 : loc141378665, loc141379256
warning: more than one possible gene symbols found for group N1.HOG0004894 : loc100334018, slc29a2
warning: more than one possible gene symbols found for group N1.HOG0004904 : si:dkey-174i8.1, arsj, arsib
warning: more than one possible gene symbols found for group N1.HOG0004913 : abcc6b.2, loc137487238
warning: more than one possible gene symbols found for group N1.HOG0004929 : elovl8a, elovl8b
warning: more than one possible gene symbols found for group N1.HOG0004932 : apobb.2, apobb.1
warning: more than one possible gene symbols found for group N1.HOG0004951 : efna2a, efna2b
warning: more than one possible gene symbols found for group N1.HOG0004955 : adarb1b, adarb1a
warning: more than one possible gene symbols found for group N1.HOG0004960 : slc6a19a.1, slc6a19a.2, slc6a19b
warning: more than one possible gene symbols found for group N1.HOG0004961 : mep1ba, mep1bb
warning: more than one possible gene symbols found for group N1.HOG0004983 : adgrg6, adgrg2a
warning: more than one possible gene symbols found for group N1.HOG0004989 : slc44a5b, slc44a5a
warning: more than one possible gene symbols found for group N1.HOG0004993 : oclna, oclnb
warning: more than one possible gene symbols found for group N1.HOG0005009 : zgc:101783, si:dkeyp-67f1.2
warning: more than one possible gene symbols found for group N1.HOG0005015 : tsc22d1, zgc:65895
warning: more than one possible gene symbols found for group N1.HOG0005016 : aste1a, aste1b
warning: more than one possible gene symbols found for group N1.HOG0005017 : st3gal1l, st3gal1l2, st3gal1, st3gal1l3
warning: more than one possible gene symbols found for group N1.HOG0005033 : gpd1a, gpd1b
warning: more than one possible gene symbols found for group N1.HOG0005045 : gadd45ab, gadd45aa
warning: more than one possible gene symbols found for group N1.HOG0005048 : si:ch73-74h11.1, dsg2.2
warning: more than one possible gene symbols found for group N1.HOG0005053 : cers3b, cers3a
warning: more than one possible gene symbols found for group N1.HOG0005064 : syne2b, syne2a
warning: more than one possible gene symbols found for group N1.HOG0005068 : zgc:171506, si:dkey-68o6.5, sp100.1, sp100.2, sp100.4, si:dkey-68o6.8, si:dkey-68o6.6, sp100.3
warning: more than one possible gene symbols found for group N1.HOG0005076 : gabrr1, loc100330554
warning: more than one possible gene symbols found for group N1.HOG0005112 : zfand5b, zfand5a
warning: more than one possible gene symbols found for group N1.HOG0005132 : herc56.3, herc56.4, herc56.2, herc56.1
warning: more than one possible gene symbols found for group N1.HOG0005136 : taf4a, taf4b
warning: more than one possible gene symbols found for group N1.HOG0005155 : golga7ba, golga7bb
warning: more than one possible gene symbols found for group N1.HOG0005161 : rps27.1, rps27.2
warning: more than one possible gene symbols found for group N1.HOG0005167 : cst3, zgc:163030
warning: more than one possible gene symbols found for group N1.HOG0005174 : ccdc88aa, ccdc88ab
warning: more than one possible gene symbols found for group N1.HOG0005175 : slc34a1b, slc34a1a
warning: more than one possible gene symbols found for group N1.HOG0005176 : slc34a2a, slc34a2b
warning: more than one possible gene symbols found for group N1.HOG0005178 : cel.2, cel.1
warning: more than one possible gene symbols found for group N1.HOG0005191 : ackr4b, ackr4a
warning: more than one possible gene symbols found for group N1.HOG0005208 : dachb, dacha
warning: more than one possible gene symbols found for group N1.HOG0005209 : dachc, dachd
warning: more than one possible gene symbols found for group N1.HOG0005213 : pyya, pyyb
warning: more than one possible gene symbols found for group N1.HOG0005215 : pax6b, pax6a
warning: more than one possible gene symbols found for group N1.HOG0005217 : ft1, si:ch1073-440p11.2, ft2
warning: more than one possible gene symbols found for group N1.HOG0005219 : lgals8b, lgals8a
warning: more than one possible gene symbols found for group N1.HOG0005222 : fzd7a, fzd7b
warning: more than one possible gene symbols found for group N1.HOG0005229 : acot14, acot18, acot17, acot19, loc137487196, acot16
warning: more than one possible gene symbols found for group N1.HOG0005239 : tdrd15, tdrd6b
warning: more than one possible gene symbols found for group N1.HOG0005249 : fgf6a, fgf6b
warning: more than one possible gene symbols found for group N1.HOG0005251 : rarres3l, rarres3
warning: more than one possible gene symbols found for group N1.HOG0005255 : col9a1a, col9a1b
warning: more than one possible gene symbols found for group N1.HOG0005258 : abcc5, wu:fb13g09
warning: more than one possible gene symbols found for group N1.HOG0005261 : klhl29, loc100334314
warning: more than one possible gene symbols found for group N1.HOG0005264 : klhl24a, klhl24b
warning: more than one possible gene symbols found for group N1.HOG0005266 : colgalt2b, colgalt2a
warning: more than one possible gene symbols found for group N1.HOG0005283 : si:ch211-195h23.3, gbp3
warning: more than one possible gene symbols found for group N1.HOG0005284 : gig2f, gig2g, gig2i, gig2h, gig2q, gig2l, gig2d
warning: more than one possible gene symbols found for group N1.HOG0005294 : myo5ab, myo5aa
warning: more than one possible gene symbols found for group N1.HOG0005296 : si:ch211-233g6.2, loc793232
warning: more than one possible gene symbols found for group N1.HOG0005305 : mc3r, mc5rb
warning: more than one possible gene symbols found for group N1.HOG0005310 : lgals1l1, lgals2a
warning: more than one possible gene symbols found for group N1.HOG0005337 : fkbp1ab, fkbp1aa
warning: more than one possible gene symbols found for group N1.HOG0005339 : zgc:153981, loc100537679
warning: more than one possible gene symbols found for group N1.HOG0005347 : pygma, pygmb
warning: more than one possible gene symbols found for group N1.HOG0005361 : cadpsa, cadps2
warning: more than one possible gene symbols found for group N1.HOG0005366 : rca2.1, rca2.2, si:ch73-217n20.1
warning: more than one possible gene symbols found for group N1.HOG0005368 : stx11b.1, stx11b.2
warning: more than one possible gene symbols found for group N1.HOG0005370 : zgc:162171, rab38c
warning: more than one possible gene symbols found for group N1.HOG0005378 : trpc6b, trpc6a
warning: more than one possible gene symbols found for group N1.HOG0005387 : si:ch211-158d24.4, loc100535208
warning: more than one possible gene symbols found for group N1.HOG0005391 : loc100535522, loc100536005, si:rp71-45g20.4, si:dkey-27d5.13, loc110438888, loc100002202, loc100006401, loc100006815, loc100006889, loc100007007, loc100007049, loc100007069, loc100329755, loc100329825, loc100329917, loc100535429, loc100535555, loc100536964, loc101882874, loc103911535, si:busm1-37i06.3, zgc:77614, loc573060, loc141375526, loc141375534, loc141375535, loc141375536, loc141375537, loc141375538, loc141375539, loc141375540, loc141375541, loc141375542, loc141375543, loc141375544, loc141375545, loc141375546, loc141375547, loc141375548, loc141375668, loc141375669, loc141375670, loc141375671, loc141375672, loc141375673, loc141375674, loc141375675, loc141375676, loc141375677, loc141375678, loc141375056, loc141374993, loc141375679, loc141375680, loc141375681, loc141375682, loc141375683, loc141374992, loc141375051, loc141375684, loc141375685, loc141375686, loc141375687, loc141375688, loc141375689, loc141375690, loc141375691, loc141375692, loc141375693, loc141375694, loc141375695, loc141375696, loc141375697, loc141375698, loc141375699, loc141375700, loc141375701, loc141375702, loc141375703, loc141375052, loc141375053, loc141375704, loc141375705, loc141375706, loc141375707, loc141375708, loc141375709, loc141375710, loc141375711, loc141375712, loc141375713, loc141375714, loc141375715, loc141375716, loc141375717, loc141375718, loc141375719, loc141375720, loc141375721, loc141375722, loc141375723, loc141375724, loc141375725, loc141375726, loc141375727, loc141375728, loc141375729, loc141375730, loc141375731, loc141375732, loc141375733, loc110438817, loc141375734, loc141375735, loc141375736, loc141375737, loc141375738, loc141375739, loc141375740, loc141375741, loc141375742, loc141375743, loc141375744, loc141375745, loc141375746, loc141375747, loc141375748, loc141375749, loc141375067, loc141375750, loc141375751, loc141375752, loc141375753, loc141375754, loc141375755, loc141375756, loc141375757, loc141375758, loc141375759, loc141375790, loc141375791, loc141375792, loc141375793, loc141375794, loc141375798, loc141375799, loc141375800, loc141375801, loc141375802, loc110438820, loc141375803, loc141375805, loc141375806, loc141375807, loc141375808, loc141375809, loc141375810, loc141375811, loc141375812, loc141375813, loc141375814, loc141375815, loc141375816, loc141375817, loc141375818, loc141375819, loc141375050, loc141375820, loc141375821, loc141375049, loc108190973, loc141375822, loc141375823, loc141375824, loc141375825, loc141375826, loc141375827, loc141375828, loc141375829, loc141375830, loc141375831, loc141375832, loc141375833, loc141375834, loc141375844, loc141375845, loc141375846, loc141375847, loc141375848, loc110438818, loc141375851, loc141375852, loc141375853, loc141375854, loc110438815, loc141375855, loc141375857, loc141374984, loc141375858, loc141375860, loc141375861, loc110440030, loc141375862, loc141375863, loc141375864, loc100333095, loc141375865, loc141375866, loc141375867, loc100329676, loc141375871, loc141375872, loc141375891, loc141375892, loc141375893, si:rp71-45g20.11, si:rp71-45g20.10, loc110438889, loc110439291, loc108180010, zgc:173948
warning: more than one possible gene symbols found for group N1.HOG0005396 : top1a, top1b
warning: more than one possible gene symbols found for group N1.HOG0005414 : sult1st7, sult1st9, sult1st1, sult1st3, sult1st4, sult1st2
warning: more than one possible gene symbols found for group N1.HOG0005424 : sid4, adgre5a
warning: more than one possible gene symbols found for group N1.HOG0005425 : adgre5b.3, adgre5b.2, adgre5b.1
warning: more than one possible gene symbols found for group N1.HOG0005433 : hrasa, hrasb
warning: more than one possible gene symbols found for group N1.HOG0005449 : fxyd5, fxyd2
warning: more than one possible gene symbols found for group N1.HOG0005495 : cd9a, cd9b
warning: more than one possible gene symbols found for group N1.HOG0005506 : fcer1g, fcer1gl
warning: more than one possible gene symbols found for group N1.HOG0005512 : eif4a1a, eif4a1b
warning: more than one possible gene symbols found for group N1.HOG0005519 : ndst2b, ndst2a
warning: more than one possible gene symbols found for group N1.HOG0005534 : slc12a2, loc100329477
warning: more than one possible gene symbols found for group N1.HOG0005542 : si:dkeyp-2e4.7, loc110437928, si:dkeyp-2e4.8, loc100538160
warning: more than one possible gene symbols found for group N1.HOG0005544 : zfx, loc563292
warning: more than one possible gene symbols found for group N1.HOG0005551 : si:dkey-251i10.1, slc25a5
warning: more than one possible gene symbols found for group N1.HOG0005571 : nacc2l, nacc2
warning: more than one possible gene symbols found for group N1.HOG0005575 : loc100536671, loc100536887, loc100536618, wu:fj19g03, loc141375094
warning: more than one possible gene symbols found for group N1.HOG0005583 : lratb.2, si:dkey-30k22.5
warning: more than one possible gene symbols found for group N1.HOG0005584 : si:rp71-81e14.2, si:ch211-188c18.1
warning: more than one possible gene symbols found for group N1.HOG0005607 : nt5c1ba, nt5c1aa, nt5c1ab
warning: more than one possible gene symbols found for group N1.HOG0005629 : nitr10a, nitr7b, si:ch73-266m14.1, nitr11a
warning: more than one possible gene symbols found for group N1.HOG0005636 : loc793148, xcr1a.1, loc793479
warning: more than one possible gene symbols found for group N1.HOG0005670 : pclob, pcloa
warning: more than one possible gene symbols found for group N1.HOG0005685 : sdk2b, sdk2a
warning: more than one possible gene symbols found for group N1.HOG0005687 : dock4b, dock4a
warning: more than one possible gene symbols found for group N1.HOG0005690 : lama3, si:ch211-241e1.3
warning: more than one possible gene symbols found for group N1.HOG0005695 : ehd1b, ehd1a
warning: more than one possible gene symbols found for group N1.HOG0005719 : il1rapl1a, il1rapl1b
warning: more than one possible gene symbols found for group N1.HOG0005728 : ypel2a, ypel2b
warning: more than one possible gene symbols found for group N1.HOG0005739 : eef1b2, eef1db
warning: more than one possible gene symbols found for group N1.HOG0005740 : loc100330563, loc103908853, si:dkey-24p1.7, bckdhbl
warning: more than one possible gene symbols found for group N1.HOG0005741 : bmpr1bb, bmpr1ba
warning: more than one possible gene symbols found for group N1.HOG0005747 : bmpr1ab, bmpr1aa
warning: more than one possible gene symbols found for group N1.HOG0005762 : glula, glulb
warning: more than one possible gene symbols found for group N1.HOG0005770 : grb2a, grb2b
warning: more than one possible gene symbols found for group N1.HOG0005775 : calhm3, si:dkeyp-122a9.2, loc110438076
warning: more than one possible gene symbols found for group N1.HOG0005776 : slc47a2.1, slc47a2.2
warning: more than one possible gene symbols found for group N1.HOG0005778 : si:dkeyp-30d6.2, gbp4, unm_sa911, si:ch211-209n20.1, gbp1, zmp:0000000527, loc100334716
warning: more than one possible gene symbols found for group N1.HOG0005815 : ube2al, ube2a
warning: more than one possible gene symbols found for group N1.HOG0005821 : loc141378845, loc137490952
warning: more than one possible gene symbols found for group N1.HOG0005831 : kctd5a, kctd5b
warning: more than one possible gene symbols found for group N1.HOG0005872 : slc26a6.2, slc26a6l2
warning: more than one possible gene symbols found for group N1.HOG0005875 : rgs7b, rgs7a
warning: more than one possible gene symbols found for group N1.HOG0005899 : smurf1, smurf2
warning: more than one possible gene symbols found for group N1.HOG0005915 : nfixa, nfixb
warning: more than one possible gene symbols found for group N1.HOG0005918 : or55a1, or55a2, or55a4, or113-3
warning: more than one possible gene symbols found for group N1.HOG0005919 : or55d1, or55c1
warning: more than one possible gene symbols found for group N1.HOG0005923 : c1galt1lb, c1galt1a, c1galt1b
warning: more than one possible gene symbols found for group N1.HOG0005930 : igf2bp2a, igf2bp2b
warning: more than one possible gene symbols found for group N1.HOG0005931 : unc5a, unc5cb
warning: more than one possible gene symbols found for group N1.HOG0005974 : wnt6a, wnt6b
warning: more than one possible gene symbols found for group N1.HOG0005976 : hs6st1b, hs6st1a
warning: more than one possible gene symbols found for group N1.HOG0005977 : hs6st3b, hs6st3a
warning: more than one possible gene symbols found for group N1.HOG0005980 : mrc1b, mrc1a
warning: more than one possible gene symbols found for group N1.HOG0006022 : slc43a3b, slc43a3a
warning: more than one possible gene symbols found for group N1.HOG0006024 : dhrs13a.1, dhrs13l1, dhrs13b.1
warning: more than one possible gene symbols found for group N1.HOG0006027 : opn1mw1, opn1mw4, opn1mw2, opn1mw3
warning: more than one possible gene symbols found for group N1.HOG0006044 : wnk4a, wnk4b
warning: more than one possible gene symbols found for group N1.HOG0006061 : ppp2r5ea, ppp2r5eb
warning: more than one possible gene symbols found for group N1.HOG0006103 : frem2b, frem2a
warning: more than one possible gene symbols found for group N1.HOG0006130 : ldb1b, ldb1a
warning: more than one possible gene symbols found for group N1.HOG0006143 : zgc:152670, loc110438249
warning: more than one possible gene symbols found for group N1.HOG0006148 : lamp1b, lamp1a
warning: more than one possible gene symbols found for group N1.HOG0006161 : oxsr1a, oxsr1b
warning: more than one possible gene symbols found for group N1.HOG0006172 : calcrla, calcrlb
warning: more than one possible gene symbols found for group N1.HOG0006199 : grik5, si:ch211-264f5.8
warning: more than one possible gene symbols found for group N1.HOG0006225 : ldhbb, ldhba
warning: more than one possible gene symbols found for group N1.HOG0006236 : myof, myofl
warning: more than one possible gene symbols found for group N1.HOG0006245 : dnmt3ba, dnmt3bb.3, dnmt3bb.2
warning: more than one possible gene symbols found for group N1.HOG0006249 : pcsk6, pcsk5b
warning: more than one possible gene symbols found for group N1.HOG0006251 : abcg2c, abcg2b
warning: more than one possible gene symbols found for group N1.HOG0006254 : abcg2d, abcg2a
warning: more than one possible gene symbols found for group N1.HOG0006265 : clcn5a, clcn5b
warning: more than one possible gene symbols found for group N1.HOG0006269 : clip2, clip1b
warning: more than one possible gene symbols found for group N1.HOG0006276 : ppp2caa, ppp2cab
warning: more than one possible gene symbols found for group N1.HOG0006279 : tmem178bb, tmem178ba
warning: more than one possible gene symbols found for group N1.HOG0006286 : prkcea, prkchb, prkceb
warning: more than one possible gene symbols found for group N1.HOG0006290 : ppm1ab, ppm1bb, ppm1aa
warning: more than one possible gene symbols found for group N1.HOG0006291 : aqp8a.1, aqp8b
warning: more than one possible gene symbols found for group N1.HOG0006296 : mfsd2al2, loc570014, mfsd2al1
warning: more than one possible gene symbols found for group N1.HOG0006299 : mfsd2ab, mfsd2aa
warning: more than one possible gene symbols found for group N1.HOG0006302 : loc101882631, loc101882566
warning: more than one possible gene symbols found for group N1.HOG0006314 : rcvrn2, rcvrn3
warning: more than one possible gene symbols found for group N1.HOG0006315 : brd3a, brdt
warning: more than one possible gene symbols found for group N1.HOG0006340 : lygl1, lygl2, zgc:162941
warning: more than one possible gene symbols found for group N1.HOG0006344 : acap2b, zgc:162872
warning: more than one possible gene symbols found for group N1.HOG0006345 : acap3b, acap3a
warning: more than one possible gene symbols found for group N1.HOG0006361 : adam12a, adam12b
warning: more than one possible gene symbols found for group N1.HOG0006372 : fermt3a, fermt3b
warning: more than one possible gene symbols found for group N1.HOG0006376 : coro2bb, coro2ba
warning: more than one possible gene symbols found for group N1.HOG0006401 : mfsd14bb, mfsd14ba
warning: more than one possible gene symbols found for group N1.HOG0006416 : mmp16b, mmp16a
warning: more than one possible gene symbols found for group N1.HOG0006431 : ano7, ano11
warning: more than one possible gene symbols found for group N1.HOG0006433 : smarca4a, smarca4b
warning: more than one possible gene symbols found for group N1.HOG0006438 : sulf2a, sulf2b
warning: more than one possible gene symbols found for group N1.HOG0006440 : marchf4b, marchf4a, loc141376230
warning: more than one possible gene symbols found for group N1.HOG0006460 : pacsin1a, pacsin1b
warning: more than one possible gene symbols found for group N1.HOG0006463 : tacr3l, tacr3a, loc100333270
warning: more than one possible gene symbols found for group N1.HOG0006465 : mettl21ca, mettl21cb
warning: more than one possible gene symbols found for group N1.HOG0006475 : gpc6a, gpc6b
warning: more than one possible gene symbols found for group N1.HOG0006477 : csnk1g2a, csnk1g2b
warning: more than one possible gene symbols found for group N1.HOG0006485 : bmp1a, bmp1b
warning: more than one possible gene symbols found for group N1.HOG0006491 : loc108180164, loc141379092, loc101882070
warning: more than one possible gene symbols found for group N1.HOG0006495 : trpc4a, trpc5b, trpc5a
warning: more than one possible gene symbols found for group N1.HOG0006509 : chrnb5a, chrnb5b
warning: more than one possible gene symbols found for group N1.HOG0006516 : gsk3ab, gsk3ba, gsk3aa, gsk3bb
warning: more than one possible gene symbols found for group N1.HOG0006526 : asph, unm_hu7910
warning: more than one possible gene symbols found for group N1.HOG0006535 : erc1a, erc1b
warning: more than one possible gene symbols found for group N1.HOG0006536 : itih3a.1, itih3a.2
warning: more than one possible gene symbols found for group N1.HOG0006542 : loxl2a, loxl2b
warning: more than one possible gene symbols found for group N1.HOG0006548 : arpp19a, arpp19b
warning: more than one possible gene symbols found for group N1.HOG0006552 : oaz2b, oaz2a
warning: more than one possible gene symbols found for group N1.HOG0006568 : six6b, six6a
warning: more than one possible gene symbols found for group N1.HOG0006569 : six3a, six3b
warning: more than one possible gene symbols found for group N1.HOG0006571 : mark3b, mark3a
warning: more than one possible gene symbols found for group N1.HOG0006585 : wipi1, loc100332293
warning: more than one possible gene symbols found for group N1.HOG0006589 : abi3a, abi3b
warning: more than one possible gene symbols found for group N1.HOG0006603 : gpr179, gpr158b
warning: more than one possible gene symbols found for group N1.HOG0006614 : tmem151bb, tmem151ba
warning: more than one possible gene symbols found for group N1.HOG0006615 : anos1a, anos1b
warning: more than one possible gene symbols found for group N1.HOG0006623 : stat1b, stat3
warning: more than one possible gene symbols found for group N1.HOG0006624 : dync1i1b, dync1i1a
warning: more than one possible gene symbols found for group N1.HOG0006625 : dync1i2b, dync1i2a
warning: more than one possible gene symbols found for group N1.HOG0006664 : prf1.7, prf1.8, prf1.2
warning: more than one possible gene symbols found for group N1.HOG0006665 : prf1.3, prf1.1, prf1.9
warning: more than one possible gene symbols found for group N1.HOG0006679 : camkvb, camkva
warning: more than one possible gene symbols found for group N1.HOG0006680 : prkar2aa, prkar2ab
warning: more than one possible gene symbols found for group N1.HOG0006683 : galnt8a.1, galnt8b.1, loc568645, galnt8a.2, galnt8b.2
warning: more than one possible gene symbols found for group N1.HOG0006706 : fmnl2a, fmnl2b
warning: more than one possible gene symbols found for group N1.HOG0006727 : si:dkey-29d8.3, si:ch211-161h7.5
warning: more than one possible gene symbols found for group N1.HOG0006751 : grinab, si:ch211-284o19.8
warning: more than one possible gene symbols found for group N1.HOG0006764 : rab14l, rab14
warning: more than one possible gene symbols found for group N1.HOG0006770 : rock1, rock2a
warning: more than one possible gene symbols found for group N1.HOG0006775 : nuggc.3, si:ch211-195o19.4, nuggc.2, nuggc.1
warning: more than one possible gene symbols found for group N1.HOG0006776 : myl9a, myl9b
warning: more than one possible gene symbols found for group N1.HOG0006777 : myl12.2, myl12.1
warning: more than one possible gene symbols found for group N1.HOG0006779 : impdh1a, impdh1b
warning: more than one possible gene symbols found for group N1.HOG0006785 : grid1b, grid1a
warning: more than one possible gene symbols found for group N1.HOG0006807 : arl3b, arl3a
warning: more than one possible gene symbols found for group N1.HOG0006821 : flvcr2b, flvcr2a
warning: more than one possible gene symbols found for group N1.HOG0006824 : pip5k1ca, pip5k1cb
warning: more than one possible gene symbols found for group N1.HOG0006836 : hnrnpaba, hnrnpabb
warning: more than one possible gene symbols found for group N1.HOG0006843 : b3gnt3.4, b3gnt3.2, b3gnt3.1, b3gnt3.3
warning: more than one possible gene symbols found for group N1.HOG0006846 : nnr, loc137487826
warning: more than one possible gene symbols found for group N1.HOG0006847 : prkcdb, prkcda
warning: more than one possible gene symbols found for group N1.HOG0006887 : isl2b, isl2a
warning: more than one possible gene symbols found for group N1.HOG0006889 : tmpob, tmpoa
warning: more than one possible gene symbols found for group N1.HOG0006891 : nucb2a, nucb2b
warning: more than one possible gene symbols found for group N1.HOG0006917 : si:ch211-57n23.4, loc101882472
warning: more than one possible gene symbols found for group N1.HOG0006946 : jdp2a, jdp2b
warning: more than one possible gene symbols found for group N1.HOG0006948 : vsnl1a, vsnl1b
warning: more than one possible gene symbols found for group N1.HOG0006963 : adcy2b, adcy2a
warning: more than one possible gene symbols found for group N1.HOG0006977 : clasp1a, loc101884241
warning: more than one possible gene symbols found for group N1.HOG0006978 : npr1b, npr1a
warning: more than one possible gene symbols found for group N1.HOG0006981 : col27a1a, col24a1
warning: more than one possible gene symbols found for group N1.HOG0006999 : lhx1b, lhx1a
warning: more than one possible gene symbols found for group N1.HOG0007011 : olfml2a, loc100330530
warning: more than one possible gene symbols found for group N1.HOG0007015 : zgc:136254, zgc:173443, si:ch211-251f6.6, si:ch211-251f6.7
warning: more than one possible gene symbols found for group N1.HOG0007025 : pkmb, pkma
warning: more than one possible gene symbols found for group N1.HOG0007026 : sft2d2a, sft2d2b
warning: more than one possible gene symbols found for group N1.HOG0007030 : ppa1b, ppa1a
warning: more than one possible gene symbols found for group N1.HOG0007032 : ntn1a, ntn1b
warning: more than one possible gene symbols found for group N1.HOG0007034 : pabpc1b, pabpc1a
warning: more than one possible gene symbols found for group N1.HOG0007041 : eif4g1a, eif4g1b
warning: more than one possible gene symbols found for group N1.HOG0007068 : tnpo2a, tnpo2b
warning: more than one possible gene symbols found for group N1.HOG0007070 : rasal2, dab2ipb
warning: more than one possible gene symbols found for group N1.HOG0007081 : loc101882239, b3galt8
warning: more than one possible gene symbols found for group N1.HOG0007082 : zgc:162952, zgc:113162
warning: more than one possible gene symbols found for group N1.HOG0007083 : si:ch73-30l9.1, loc101883005, loc103909877, loc101884789, loc141377695, loc101884422, loc141380839, loc141380978, loc110437723, loc103908832
warning: more than one possible gene symbols found for group N1.HOG0007102 : si:ch73-127m5.1, si:ch211-51a6.2
warning: more than one possible gene symbols found for group N1.HOG0007104 : kcnj3a, kcnj3b
warning: more than one possible gene symbols found for group N1.HOG0007105 : kcnj19b, kcnj19a
warning: more than one possible gene symbols found for group N1.HOG0007106 : atp5mc3a, atp5mc1
warning: more than one possible gene symbols found for group N1.HOG0007123 : mthfd1b, mthfd1a
warning: more than one possible gene symbols found for group N1.HOG0007126 : hapln2, hapln1b
warning: more than one possible gene symbols found for group N1.HOG0007158 : onecut2, onecut3b
warning: more than one possible gene symbols found for group N1.HOG0007166 : loc100005446, traf2a
warning: more than one possible gene symbols found for group N1.HOG0007169 : fbp1a, fbp1b
warning: more than one possible gene symbols found for group N1.HOG0007174 : mafgb, mafga
warning: more than one possible gene symbols found for group N1.HOG0007176 : enpp7.1, enpp7.2
warning: more than one possible gene symbols found for group N1.HOG0007193 : tecra, tecrb
warning: more than one possible gene symbols found for group N1.HOG0007197 : nptxrb, cbx6b, cbx6a
warning: more than one possible gene symbols found for group N1.HOG0007198 : pla2g4c, si:ch73-55i23.1, zgc:101699, pla2g4cl1, zmp:0000000629
warning: more than one possible gene symbols found for group N1.HOG0007200 : wnt2bb, wnt2ba
warning: more than one possible gene symbols found for group N1.HOG0007207 : si:dkey-30c15.12, cdh28, cdh1, si:busm1-71b9.3, cdh31, cdh30, loc568392
warning: more than one possible gene symbols found for group N1.HOG0007215 : gsta.2, loc137487349, gsta.1
warning: more than one possible gene symbols found for group N1.HOG0007217 : gstp1.1, gstp1.2
warning: more than one possible gene symbols found for group N1.HOG0007218 : gstm.2, gstm.3, gstm.1
warning: more than one possible gene symbols found for group N1.HOG0007220 : uckl1b, uckl1a
warning: more than one possible gene symbols found for group N1.HOG0007222 : vps26bl, vps26b
warning: more than one possible gene symbols found for group N1.HOG0007258 : mbd3a, mbd3b
warning: more than one possible gene symbols found for group N1.HOG0007271 : ubn2b, ubn2a
warning: more than one possible gene symbols found for group N1.HOG0007276 : toporsb, toporsa
warning: more than one possible gene symbols found for group N1.HOG0007277 : ccr12b.2, ccr12a, ccr12b.1
warning: more than one possible gene symbols found for group N1.HOG0007285 : golt1ba, golt1a
warning: more than one possible gene symbols found for group N1.HOG0007286 : sar1ab, sar1aa
warning: more than one possible gene symbols found for group N1.HOG0007296 : insm1b, insm1a
warning: more than one possible gene symbols found for group N1.HOG0007298 : fabp3, loc108182833
warning: more than one possible gene symbols found for group N1.HOG0007299 : fabp7a, fabp7b
warning: more than one possible gene symbols found for group N1.HOG0007307 : osbpl10b, osbpl11
warning: more than one possible gene symbols found for group N1.HOG0007340 : postnb, postna
warning: more than one possible gene symbols found for group N1.HOG0007342 : acsl1a, acsl1b
warning: more than one possible gene symbols found for group N1.HOG0007343 : loc137488533, loc137495830, loc137496784, loc137495831
warning: more than one possible gene symbols found for group N1.HOG0007349 : dusp6, dusp7
warning: more than one possible gene symbols found for group N1.HOG0007366 : capza1b, capza1a
warning: more than one possible gene symbols found for group N1.HOG0007369 : ogfr2, loc799881, ogfr1
warning: more than one possible gene symbols found for group N1.HOG0007370 : tnni4b.2, tnni4b.3, tnni4a, tnni4b.1
warning: more than one possible gene symbols found for group N1.HOG0007408 : itgb3a, itgb3b
warning: more than one possible gene symbols found for group N1.HOG0007417 : dcun1d2b, dcun1d2a
warning: more than one possible gene symbols found for group N1.HOG0007432 : sgsm2, sgsm1b
warning: more than one possible gene symbols found for group N1.HOG0007433 : slc25a1a, si:dkey-178e17.1
warning: more than one possible gene symbols found for group N1.HOG0007439 : rx2, rx1
warning: more than one possible gene symbols found for group N1.HOG0007455 : mxf, mxh
warning: more than one possible gene symbols found for group N1.HOG0007456 : mxg, mxd
warning: more than one possible gene symbols found for group N1.HOG0007457 : mxe, mxc
warning: more than one possible gene symbols found for group N1.HOG0007458 : mxa, mxb
warning: more than one possible gene symbols found for group N1.HOG0007459 : loc100332221, loc101886261
warning: more than one possible gene symbols found for group N1.HOG0007462 : cd74b, cd74a
warning: more than one possible gene symbols found for group N1.HOG0007468 : ogdhb, ogdhl
warning: more than one possible gene symbols found for group N1.HOG0007474 : lin28ab, lin28aa
warning: more than one possible gene symbols found for group N1.HOG0007475 : stk35l, stk35
warning: more than one possible gene symbols found for group N1.HOG0007477 : ugt1b4, ugt1b7, ugt1b2, ugt1b5, ugt1b3
warning: more than one possible gene symbols found for group N1.HOG0007478 : ugt1a1, ugt1a2, ugt1a7, ugt1a6, ugt1a5, ugt1a4, ugt1b1, ugt1ab
warning: more than one possible gene symbols found for group N1.HOG0007479 : rgs8, rgs16
warning: more than one possible gene symbols found for group N1.HOG0007505 : dchs1a, dchs1b
warning: more than one possible gene symbols found for group N1.HOG0007508 : calr3a, calr3b
warning: more than one possible gene symbols found for group N1.HOG0007510 : zgc:153383, loc103909362
warning: more than one possible gene symbols found for group N1.HOG0007528 : matr3l1.1, zgc:152816
warning: more than one possible gene symbols found for group N1.HOG0007530 : ccnd3, ccnd2b
warning: more than one possible gene symbols found for group N1.HOG0007544 : pgam1a, pgam1b
warning: more than one possible gene symbols found for group N1.HOG0007546 : oprd1a, oprd1b
warning: more than one possible gene symbols found for group N1.HOG0007568 : epc1b, epc1a
warning: more than one possible gene symbols found for group N1.HOG0007570 : cckbra, cckbrb
warning: more than one possible gene symbols found for group N1.HOG0007574 : cbln1, si:dkeyp-74b6.2
warning: more than one possible gene symbols found for group N1.HOG0007601 : rbfox3b, rbfox3a
warning: more than one possible gene symbols found for group N1.HOG0007609 : tspan5b, tspan5a
warning: more than one possible gene symbols found for group N1.HOG0007619 : chmp4ba, chmp4bb
warning: more than one possible gene symbols found for group N1.HOG0007642 : rdh10b, rdh20
warning: more than one possible gene symbols found for group N1.HOG0007645 : gxylt1b, gxylt1a
warning: more than one possible gene symbols found for group N1.HOG0007650 : parapinopsinb, parapinopsina
warning: more than one possible gene symbols found for group N1.HOG0007674 : zgc:92749, elovl6l
warning: more than one possible gene symbols found for group N1.HOG0007721 : sh2d1aa, sh2d1ab
warning: more than one possible gene symbols found for group N1.HOG0007744 : zmym4.1, zmym4.2
warning: more than one possible gene symbols found for group N1.HOG0007747 : loc110438850, loc100332428, parp14rs4
warning: more than one possible gene symbols found for group N1.HOG0007749 : mhc1zca, mhc1zea, mhc1zba, mhc1zfa, mhc1zda, mhc1zka, loc141381076
warning: more than one possible gene symbols found for group N1.HOG0007754 : arl6ip5b, arl6ip5a
warning: more than one possible gene symbols found for group N1.HOG0007756 : msx2a, msx1a
warning: more than one possible gene symbols found for group N1.HOG0007770 : atl2, zgc:158270
warning: more than one possible gene symbols found for group N1.HOG0007772 : zgc:195001, loc100331407
warning: more than one possible gene symbols found for group N1.HOG0007804 : nfkbiz, zgc:172295
warning: more than one possible gene symbols found for group N1.HOG0007812 : atp8b5a, atp8b5b
warning: more than one possible gene symbols found for group N1.HOG0007823 : cplx2b, cplx1
warning: more than one possible gene symbols found for group N1.HOG0007837 : cela1.5, cela1.6, cela1.4, cela1.1, cela1.2, cela1.3
warning: more than one possible gene symbols found for group N1.HOG0007891 : cd151, cd151l
warning: more than one possible gene symbols found for group N1.HOG0007903 : pttg1ipb, pttg1ipa
warning: more than one possible gene symbols found for group N1.HOG0007904 : pla2g3, loc101885160
warning: more than one possible gene symbols found for group N1.HOG0007908 : tm4sf21a, si:dkey-3k24.8
warning: more than one possible gene symbols found for group N1.HOG0007938 : wbp1lb, wbp1la
warning: more than one possible gene symbols found for group N1.HOG0007945 : spink2.1, spink2.2, spink2.8, spink2.10, spink2.11, spink2.7, spink2.9, spink2.5, spink2.4, spink2.3, loc108192158
warning: more than one possible gene symbols found for group N1.HOG0007947 : ccl34b.4, ccl34b.1, cxl34b.11, ccl34a.3, ccl34a.4, ccl34b.9, loc100002392, cxl34c, ccl34b.8, loc137489252, loc100141478
warning: more than one possible gene symbols found for group N1.HOG0007952 : dlx4a, dlx4b
warning: more than one possible gene symbols found for group N1.HOG0007963 : dhrs12lb, dhrs12la
warning: more than one possible gene symbols found for group N1.HOG0007968 : brf1a, brf1b
warning: more than one possible gene symbols found for group N1.HOG0007970 : si:dkey-85n7.8, si:ch211-226l4.6
warning: more than one possible gene symbols found for group N1.HOG0007974 : mapk12b, mapk12a
warning: more than one possible gene symbols found for group N1.HOG0007976 : nrg3b, nrg3a
warning: more than one possible gene symbols found for group N1.HOG0007990 : stmn2a, stmn2b
warning: more than one possible gene symbols found for group N1.HOG0007999 : itga6b, itga6l
warning: more than one possible gene symbols found for group N1.HOG0008000 : dynll2b, dynll2a
warning: more than one possible gene symbols found for group N1.HOG0008035 : si:ch211-237i5.4, loc108191691
warning: more than one possible gene symbols found for group N1.HOG0008041 : si:ch211-133l11.10, rhoua
warning: more than one possible gene symbols found for group N1.HOG0008043 : rxfp3.3a3, rxfp3.3a2, rxfp3.3b
warning: more than one possible gene symbols found for group N1.HOG0008051 : cacna2d4b, cacna2d4a
warning: more than one possible gene symbols found for group N1.HOG0008056 : cfhl4, cfhl5
warning: more than one possible gene symbols found for group N1.HOG0008057 : cfhl2, cfhl1, cfh, cfhl3
warning: more than one possible gene symbols found for group N1.HOG0008066 : loc141380594, loc141380656
warning: more than one possible gene symbols found for group N1.HOG0008086 : gtf2a1l, loc141376036
warning: more than one possible gene symbols found for group N1.HOG0008110 : efr3ba, efr3bb
warning: more than one possible gene symbols found for group N1.HOG0008116 : phox2ba, loc103910251
warning: more than one possible gene symbols found for group N1.HOG0008140 : lmx1ba, lmx1bb
warning: more than one possible gene symbols found for group N1.HOG0008147 : aldh3a2a, aldh3a2b
warning: more than one possible gene symbols found for group N1.HOG0008149 : scel, loc100330805
warning: more than one possible gene symbols found for group N1.HOG0008157 : ptger1b, ptger1c
warning: more than one possible gene symbols found for group N1.HOG0008160 : cct4, loc141378567
warning: more than one possible gene symbols found for group N1.HOG0008161 : wu:fc46h12, loc100535932, loc141376038
warning: more than one possible gene symbols found for group N1.HOG0008162 : loc108180325, loc141377498, loc141381663, loc141381693, loc101885044, loc141381829, loc137496620
warning: more than one possible gene symbols found for group N1.HOG0008167 : selenou1b, selenou1a
warning: more than one possible gene symbols found for group N1.HOG0008168 : nog5, nog1, nog2
warning: more than one possible gene symbols found for group N1.HOG0008207 : lpar6a, lpar6b
warning: more than one possible gene symbols found for group N1.HOG0008213 : neu3.2, neu3.5, neu3.3, neu3.1, neu3.4
warning: more than one possible gene symbols found for group N1.HOG0008215 : uts2d, loc101884430
warning: more than one possible gene symbols found for group N1.HOG0008219 : hmga1b, hmga1a
warning: more than one possible gene symbols found for group N1.HOG0008235 : grin3bb, grin3ba
warning: more than one possible gene symbols found for group N1.HOG0008238 : plppr5a, plppr5b
warning: more than one possible gene symbols found for group N1.HOG0008268 : zgc:162780, si:ch211-93g23.2
warning: more than one possible gene symbols found for group N1.HOG0008276 : rgs13a, rgs13b, si:ch211-117l17.6
warning: more than one possible gene symbols found for group N1.HOG0008278 : slc47a4, loc100537389, slc47a1
warning: more than one possible gene symbols found for group N1.HOG0008280 : mtcl3b, mtcl3
warning: more than one possible gene symbols found for group N1.HOG0008282 : pdk2b, pdk2a
warning: more than one possible gene symbols found for group N1.HOG0008296 : chrna4b, loc100537401
warning: more than one possible gene symbols found for group N1.HOG0008301 : cbln20, si:dkeyp-110c7.4
warning: more than one possible gene symbols found for group N1.HOG0008313 : tomm20b, tomm20a
warning: more than one possible gene symbols found for group N1.HOG0008316 : si:dkey-76k16.6, si:dkey-76k16.5
warning: more than one possible gene symbols found for group N1.HOG0008319 : zgc:113314, si:dkey-18p12.4
warning: more than one possible gene symbols found for group N1.HOG0008322 : chs4, chs2, chs3
warning: more than one possible gene symbols found for group N1.HOG0008325 : asb2a.1, asb2a.2
warning: more than one possible gene symbols found for group N1.HOG0008326 : ptbp1a, ptbp1b
warning: more than one possible gene symbols found for group N1.HOG0008331 : si:ch211-210b2.2, zgc:162193, si:ch211-210b2.4
warning: more than one possible gene symbols found for group N1.HOG0008341 : gcnt4a, gcnt4b.1, gcnt4b.2
warning: more than one possible gene symbols found for group N1.HOG0008349 : loc110437744, loc108183877, loc141375512, loc141381691
warning: more than one possible gene symbols found for group N1.HOG0008351 : zgc:112052, si:ch211-260e23.7
warning: more than one possible gene symbols found for group N1.HOG0008356 : si:ch211-276k2.1, si:ch211-276k2.2
warning: more than one possible gene symbols found for group N1.HOG0008359 : czib, uck2b
warning: more than one possible gene symbols found for group N1.HOG0008377 : loc101886975, adgre14, adgre15, loc110439897, loc100536910, loc101883942, loc141375099, loc110437794, loc137495330, loc103909395, adgre10, adgre9, loc103909390, loc137487415, adgre13
warning: more than one possible gene symbols found for group N1.HOG0008386 : nav2b, nav2a
warning: more than one possible gene symbols found for group N1.HOG0008390 : gtf3aa, gtf3ab
warning: more than one possible gene symbols found for group N1.HOG0008391 : fasn2, pks1
warning: more than one possible gene symbols found for group N1.HOG0008402 : ldlrad4b, ldlrad4a
warning: more than one possible gene symbols found for group N1.HOG0008403 : cnksr3, ipcef1
warning: more than one possible gene symbols found for group N1.HOG0008413 : cd59a, cd59b
warning: more than one possible gene symbols found for group N1.HOG0008414 : ugt2a2, ugt2a5, ugt2a4, ugt2b6, ugt2a3, ugt2b5, ugt2a1, loc571561, ugt2b1
warning: more than one possible gene symbols found for group N1.HOG0008415 : plxnb2a.2, plxnb2b, plxnb2a.3, plxnb2a.1
warning: more than one possible gene symbols found for group N1.HOG0008420 : ca15a, ca15b, zgc:153760, ca15c
warning: more than one possible gene symbols found for group N1.HOG0008444 : psma6b, psma6a
warning: more than one possible gene symbols found for group N1.HOG0008450 : si:dkey-210j14.3, loc566011, loc141381291
warning: more than one possible gene symbols found for group N1.HOG0008469 : drd4a, drd4b
warning: more than one possible gene symbols found for group N1.HOG0008483 : lmo7b, lmo7a
warning: more than one possible gene symbols found for group N1.HOG0008488 : loc101885004, si:ch211-108d22.2, loc101884073
warning: more than one possible gene symbols found for group N1.HOG0008489 : si:ch211-281l24.3, loc101884177
warning: more than one possible gene symbols found for group N1.HOG0008501 : mala.2, mala.1
warning: more than one possible gene symbols found for group N1.HOG0008508 : calhm5.1, loc110437808
warning: more than one possible gene symbols found for group N1.HOG0008522 : rpz, rpz2, loc100330084
warning: more than one possible gene symbols found for group N1.HOG0008523 : zgc:174938, loc100000275, loc100331378, si:dkey-152b24.7, si:dkey-152b24.6, loc100150707, loc100150005
warning: more than one possible gene symbols found for group N1.HOG0008533 : map2k2a, map2k2b
warning: more than one possible gene symbols found for group N1.HOG0008534 : pacs1a, pacs1
warning: more than one possible gene symbols found for group N1.HOG0008542 : si:ch211-126j24.1, zmp:0000000755
warning: more than one possible gene symbols found for group N1.HOG0008547 : fbxo44.1, fbxo44.7, fbxo44.3, fbxo6.3, fbxo44.9, fbxo44.5, fbxo6.2, fbxo44.8
warning: more than one possible gene symbols found for group N1.HOG0008549 : rragca, rragcb
warning: more than one possible gene symbols found for group N1.HOG0008553 : insl3, insl5b
warning: more than one possible gene symbols found for group N1.HOG0008558 : ubc, si:ch211-202a12.4
warning: more than one possible gene symbols found for group N1.HOG0008565 : vtg5, vtg2, vtg4, vtg7, vtg6, loc141380276, vtg8
warning: more than one possible gene symbols found for group N1.HOG0008569 : c1qtnf1, c1qtnf6a
warning: more than one possible gene symbols found for group N1.HOG0008573 : ms4a17a.11, ms4a17a.7, ms4a17a.1, ms4a17a.16, ms4a17a.6, ms4a17a.17, ms4a17a.12, si:ch73-56d11.5, ms4a17a.10, loc108179093, si:dkey-77f5.10, ms4a17a.2, ms4a17a.3, ms4a17a.8, ms4a17a.4, ms4a17a.5, ms4a17a.9, loc103911004, ms4a17c.1, loc137490134, loc141385840
warning: more than one possible gene symbols found for group N1.HOG0008581 : cyp1c1, cyp1b1
warning: more than one possible gene symbols found for group N1.HOG0008589 : maptb, mapta
warning: more than one possible gene symbols found for group N1.HOG0008595 : epdl1, loc141380784, epdl2
warning: more than one possible gene symbols found for group N1.HOG0008597 : ptn, mdka
warning: more than one possible gene symbols found for group N1.HOG0008601 : dab1a, dab1b
warning: more than one possible gene symbols found for group N1.HOG0008605 : stx12, stx12l
warning: more than one possible gene symbols found for group N1.HOG0008610 : ankrd34bb, ankrd34ba
warning: more than one possible gene symbols found for group N1.HOG0008613 : zgc:101810, actr2a
warning: more than one possible gene symbols found for group N1.HOG0008626 : g6pc1a.2, g6pc1b
warning: more than one possible gene symbols found for group N1.HOG0008628 : angptl2b, angptl2a
warning: more than one possible gene symbols found for group N1.HOG0008649 : cst14a.2, cst14a.1, cst14b.1
warning: more than one possible gene symbols found for group N1.HOG0008674 : nos1apb, c6h1orf226
warning: more than one possible gene symbols found for group N1.HOG0008684 : or80a2, or80a6, or80a10, or80a11, or80a5, or80a7, or80a3, or80a9, or80a4, or80a8, or80a1, or80a13, loc141376433
warning: more than one possible gene symbols found for group N1.HOG0008691 : minpp1a, minpp1b
warning: more than one possible gene symbols found for group N1.HOG0008693 : tbc1d14, tbc1d12b
warning: more than one possible gene symbols found for group N1.HOG0008703 : cmklr1l1, cmklrl2
warning: more than one possible gene symbols found for group N1.HOG0008716 : hnrnpa0l, hnrnpa0a, hnrnpa0b
warning: more than one possible gene symbols found for group N1.HOG0008722 : ghsrb, ghsra
warning: more than one possible gene symbols found for group N1.HOG0008726 : zgc:92744, serp1
warning: more than one possible gene symbols found for group N1.HOG0008728 : phb2b, phb2a
warning: more than one possible gene symbols found for group N1.HOG0008731 : pard3ab, pard3aa
warning: more than one possible gene symbols found for group N1.HOG0008733 : il2rb, cimip4, loc101886216
warning: more than one possible gene symbols found for group N1.HOG0008742 : casp23, caspa, caspb, caspbl
warning: more than one possible gene symbols found for group N1.HOG0008744 : arid6, aqp3b
warning: more than one possible gene symbols found for group N1.HOG0008751 : alkal2a, alkal2b
warning: more than one possible gene symbols found for group N1.HOG0008755 : mov10b.2, mov10b.1
warning: more than one possible gene symbols found for group N1.HOG0008756 : gnrhr2, gnrhr4
warning: more than one possible gene symbols found for group N1.HOG0008781 : tmem176l.4, tmem176l.2, tmem176l.1, tmem176l.3b, tmem176l.3a
warning: more than one possible gene symbols found for group N1.HOG0008782 : si:dkey-25e12.3, hint3
warning: more than one possible gene symbols found for group N1.HOG0008785 : itgb1b, itgb1b.2, itgb1b.1
warning: more than one possible gene symbols found for group N1.HOG0008796 : cxcl18b, cxcl18a.1, loc101886833
warning: more than one possible gene symbols found for group N1.HOG0008808 : si:dkey-172h23.2, akap13, loc108190639
warning: more than one possible gene symbols found for group N1.HOG0008813 : nck2b, nck2a
warning: more than one possible gene symbols found for group N1.HOG0008824 : loc100332713, loc137496515
warning: more than one possible gene symbols found for group N1.HOG0008837 : bsnb, bsna
warning: more than one possible gene symbols found for group N1.HOG0008849 : f13a1a.1, f13a1a.2
warning: more than one possible gene symbols found for group N1.HOG0008850 : f13a1b, ly86
warning: more than one possible gene symbols found for group N1.HOG0008854 : prf1.6, prf1.5
warning: more than one possible gene symbols found for group N1.HOG0008865 : zgc:171509, gzma, gzmk
warning: more than one possible gene symbols found for group N1.HOG0008872 : fbxl3b, fbxl3l
warning: more than one possible gene symbols found for group N1.HOG0008876 : kyat3.2, loc103911233, kyat3.1
warning: more than one possible gene symbols found for group N1.HOG0008878 : lpla, loc101884800
warning: more than one possible gene symbols found for group N1.HOG0008889 : b4galnt3b, b4galnt3a
warning: more than one possible gene symbols found for group N1.HOG0008907 : neo1b, neo1a
warning: more than one possible gene symbols found for group N1.HOG0008916 : si:ch73-109d9.3, si:ch73-109d9.1
warning: more than one possible gene symbols found for group N1.HOG0008922 : rims1a, rims1b
warning: more than one possible gene symbols found for group N1.HOG0008944 : gpr65, gpr4
warning: more than one possible gene symbols found for group N1.HOG0008945 : ifi30a, ifi30b
warning: more than one possible gene symbols found for group N1.HOG0008968 : habp2, loc141377165
warning: more than one possible gene symbols found for group N1.HOG0008973 : loc100148950, fmn1
warning: more than one possible gene symbols found for group N1.HOG0008991 : aak1a, aak1b
warning: more than one possible gene symbols found for group N1.HOG0009017 : si:dkey-172o19.2, nfil3-4
warning: more than one possible gene symbols found for group N1.HOG0009019 : cyp8b1.1, cyp8b1.3, cyp8b1.2
warning: more than one possible gene symbols found for group N1.HOG0009023 : si:ch211-256m1.8, loc557729
warning: more than one possible gene symbols found for group N1.HOG0009047 : pcdh1a, pcdh1b
warning: more than one possible gene symbols found for group N1.HOG0009050 : slc25a47a, slc25a47b, slc25a45
warning: more than one possible gene symbols found for group N1.HOG0009051 : rxfp2b, rxfp2a
warning: more than one possible gene symbols found for group N1.HOG0009058 : si:dkey-206f10.1, si:ch211-132f19.7
warning: more than one possible gene symbols found for group N1.HOG0009065 : loc110438053, loc141378420, loc141381526
warning: more than one possible gene symbols found for group N1.HOG0009070 : gse1b, gse1a
warning: more than one possible gene symbols found for group N1.HOG0009079 : rnf144aa, rnf144ab
warning: more than one possible gene symbols found for group N1.HOG0009082 : col14a1a, col14a1b
warning: more than one possible gene symbols found for group N1.HOG0009084 : tgm1l4, tgm1, tgm1l5, tgm1l1
warning: more than one possible gene symbols found for group N1.HOG0009103 : loc100537455, loc141380799
warning: more than one possible gene symbols found for group N1.HOG0009109 : ubald1b, ubald1a
warning: more than one possible gene symbols found for group N1.HOG0009112 : afdnb, afdna
warning: more than one possible gene symbols found for group N1.HOG0009115 : btla, zgc:174945
warning: more than one possible gene symbols found for group N1.HOG0009118 : insyn2b, loc101882400
warning: more than one possible gene symbols found for group N1.HOG0009124 : triobpb, loc108182762
warning: more than one possible gene symbols found for group N1.HOG0009128 : tnks1bp1, si:ch73-138n13.1
warning: more than one possible gene symbols found for group N1.HOG0009129 : dnase1l4.1, dnase1l4.2
warning: more than one possible gene symbols found for group N1.HOG0009130 : itcha, itchb
warning: more than one possible gene symbols found for group N1.HOG0009131 : nat8l2, loc100537649
warning: more than one possible gene symbols found for group N1.HOG0009143 : pdzrn4, loc100537263
warning: more than one possible gene symbols found for group N1.HOG0009146 : pdlim3a, pdlim3b
warning: more than one possible gene symbols found for group N1.HOG0009148 : ankrd1b, ankrd1a
warning: more than one possible gene symbols found for group N1.HOG0009160 : sat2a.2, sat2a.1
warning: more than one possible gene symbols found for group N1.HOG0009174 : hephl1a, hephl1b
warning: more than one possible gene symbols found for group N1.HOG0009210 : crebbpb, crebbpa
warning: more than one possible gene symbols found for group N1.HOG0009231 : zgc:100918, rab7b
warning: more than one possible gene symbols found for group N1.HOG0009242 : mpped2a, mpped2
warning: more than one possible gene symbols found for group N1.HOG0009263 : tnxba, tnxbb
warning: more than one possible gene symbols found for group N1.HOG0009294 : apoa2, apoc4
warning: more than one possible gene symbols found for group N1.HOG0009317 : loc141381692, loc141381840
warning: more than one possible gene symbols found for group N1.HOG0009326 : yy1a, yy1b
warning: more than one possible gene symbols found for group N1.HOG0009327 : anxa1b, anxa1c, anxa1a, anxa1d
warning: more than one possible gene symbols found for group N1.HOG0009328 : tesk1a, tesk1b
warning: more than one possible gene symbols found for group N1.HOG0009336 : kmt2ca, kmt2cb
warning: more than one possible gene symbols found for group N1.HOG0009339 : tns3.2, zgc:158345
warning: more than one possible gene symbols found for group N1.HOG0009340 : zgc:175280, loc141377605
warning: more than one possible gene symbols found for group N1.HOG0009345 : numa1, loc137487793, nlrc3l
warning: more than one possible gene symbols found for group N1.HOG0009358 : agbl4, loc137488308, loc141381669
warning: more than one possible gene symbols found for group N1.HOG0009360 : igsf3l, cd101
warning: more than one possible gene symbols found for group N1.HOG0009371 : wnk1a, wnk1b
warning: more than one possible gene symbols found for group N1.HOG0009387 : bahcc1a, bahcc1b
warning: more than one possible gene symbols found for group N1.HOG0009389 : nmbb, nmba
warning: more than one possible gene symbols found for group N1.HOG0009398 : impg1b, impg1a
warning: more than one possible gene symbols found for group N1.HOG0009407 : gpr35.1, gpr35.2
warning: more than one possible gene symbols found for group N1.HOG0009408 : gal3st1a, gal3st1b
warning: more than one possible gene symbols found for group N1.HOG0009417 : rhogd, rhogc
warning: more than one possible gene symbols found for group N1.HOG0009418 : rhogb, rhoga
warning: more than one possible gene symbols found for group N1.HOG0009441 : vip, vipb
warning: more than one possible gene symbols found for group N1.HOG0009442 : pank1b, pank1a
warning: more than one possible gene symbols found for group N1.HOG0009446 : spen, si:ch1073-335m2.2
warning: more than one possible gene symbols found for group N1.HOG0009450 : rho, rhol
warning: more than one possible gene symbols found for group N1.HOG0009455 : ptk6b, ptk6a
warning: more than one possible gene symbols found for group N1.HOG0009460 : si:rp71-1f1.4, si:rp71-1f1.6, si:rp71-1f1.5
warning: more than one possible gene symbols found for group N1.HOG0009461 : zgc:101040, si:dkey-78a14.5, zgc:103601, si:dkey-78a14.4
warning: more than one possible gene symbols found for group N1.HOG0009466 : zgc:172120, si:dkey-71p21.13, loc797620, loc110440192
warning: more than one possible gene symbols found for group N1.HOG0009467 : zgc:153911, loc141377034
warning: more than one possible gene symbols found for group N1.HOG0009473 : fzd9b, fzd9a
warning: more than one possible gene symbols found for group N1.HOG0009474 : pard3ba, pard3bb
warning: more than one possible gene symbols found for group N1.HOG0009476 : sema4e, si:ch211-129c21.1
warning: more than one possible gene symbols found for group N1.HOG0009477 : cracdlb, cracdla, zgc:66433
warning: more than one possible gene symbols found for group N1.HOG0009481 : grin2aa, grin2ab
warning: more than one possible gene symbols found for group N1.HOG0009509 : cacna2d3a, cacna2d3
warning: more than one possible gene symbols found for group N1.HOG0009510 : loc101885029, nuak1a
warning: more than one possible gene symbols found for group N1.HOG0009513 : kif20ba, kif20bb
warning: more than one possible gene symbols found for group N1.HOG0009520 : zdhhc23b, zdhhc23a
warning: more than one possible gene symbols found for group N1.HOG0009532 : rnf220b, rnf220a
warning: more than one possible gene symbols found for group N1.HOG0009537 : ghrhr2, ghrhra
warning: more than one possible gene symbols found for group N1.HOG0009542 : lgals3bp.2, lgals3bp.3, lgals3bp.1
warning: more than one possible gene symbols found for group N1.HOG0009543 : nhsl1a, nhsl1b
warning: more than one possible gene symbols found for group N1.HOG0009551 : si:ch211-141e20.2, si:ch211-222f23.6, si:ch211-214p13.3
warning: more than one possible gene symbols found for group N1.HOG0009554 : map1aa, map1ab
warning: more than one possible gene symbols found for group N1.HOG0009565 : btbd2a, btbd2b
warning: more than one possible gene symbols found for group N1.HOG0009573 : tnksb, tnksa
warning: more than one possible gene symbols found for group N1.HOG0009576 : si:ch211-285f17.1, si:ch211-207d6.2
warning: more than one possible gene symbols found for group N1.HOG0009577 : ptprn2, slco5a1b
warning: more than one possible gene symbols found for group N1.HOG0009578 : slc12a10.2, slc12a10.3, slc12a10.1
warning: more than one possible gene symbols found for group N1.HOG0009580 : clcn2c, clcn2a, clcn2b
warning: more than one possible gene symbols found for group N1.HOG0009581 : hrh3, loc100331077
warning: more than one possible gene symbols found for group N1.HOG0009610 : gnpat, gnpat2
warning: more than one possible gene symbols found for group N1.HOG0009627 : sun1b, sun1a
warning: more than one possible gene symbols found for group N1.HOG0009633 : si:dkey-264d12.5, ccdc30
warning: more than one possible gene symbols found for group N1.HOG0009634 : smarcd3a, smarcd3b
warning: more than one possible gene symbols found for group N1.HOG0009647 : kif21a, si:cabz01066312.1
warning: more than one possible gene symbols found for group N1.HOG0009654 : cox5ba, cox5bb
warning: more than one possible gene symbols found for group N1.HOG0009655 : plcb1, plcb1l
warning: more than one possible gene symbols found for group N1.HOG0009658 : def6b, def6c
warning: more than one possible gene symbols found for group N1.HOG0009681 : znf292b, znf292a
warning: more than one possible gene symbols found for group N1.HOG0009702 : atrxl, atrx
warning: more than one possible gene symbols found for group N1.HOG0009706 : casp3b, casp3a
warning: more than one possible gene symbols found for group N1.HOG0009707 : casp6b.1, casp6a, casp6b.2
warning: more than one possible gene symbols found for group N1.HOG0009708 : ppp1r13ba, ppp1r13bb
warning: more than one possible gene symbols found for group N1.HOG0009737 : gdf6a, gdf6b
warning: more than one possible gene symbols found for group N1.HOG0009738 : f3b, f3a
warning: more than one possible gene symbols found for group N1.HOG0009746 : si:dkey-56f14.7, elmo2
warning: more than one possible gene symbols found for group N1.HOG0009748 : rpp25a, rpp25b
warning: more than one possible gene symbols found for group N1.HOG0009752 : loc567650, si:dkey-11e23.9, si:ch73-51i5.2, loc101886572, si:dkey-102f14.7, loc101885216, loc137488585, loc110439055, loc137490624, loc137496811, loc141379108, loc137490208, loc137490209, loc797114
warning: more than one possible gene symbols found for group N1.HOG0009753 : si:dkeyp-57d7.4, si:ch211-130h14.4
warning: more than one possible gene symbols found for group N1.HOG0009757 : lrtm2b, lrtm1
warning: more than one possible gene symbols found for group N1.HOG0009759 : r3hdml, pi15b
warning: more than one possible gene symbols found for group N1.HOG0009764 : pkd1l2a, pkd1l2b
warning: more than one possible gene symbols found for group N1.HOG0009765 : akap12b, akap12a
warning: more than one possible gene symbols found for group N1.HOG0009767 : loc110437706, dlgap2b
warning: more than one possible gene symbols found for group N1.HOG0009774 : xirp2a, xirp2b
warning: more than one possible gene symbols found for group N1.HOG0009775 : tmem237b, tmem237a
warning: more than one possible gene symbols found for group N1.HOG0009781 : eef2a.1, eef2a.2
warning: more than one possible gene symbols found for group N1.HOG0009782 : cnn3b, cnn3a
warning: more than one possible gene symbols found for group N1.HOG0009785 : nipbla, nipblb
warning: more than one possible gene symbols found for group N1.HOG0009787 : mtmr8, mtmr7a
warning: more than one possible gene symbols found for group N1.HOG0009790 : reep3a, reep3b
warning: more than one possible gene symbols found for group N1.HOG0009803 : rbm4.1, zgc:77262
warning: more than one possible gene symbols found for group N1.HOG0009806 : cdh26.2, loc101885979
warning: more than one possible gene symbols found for group N1.HOG0009807 : camk2n1a, camk2n1b
warning: more than one possible gene symbols found for group N1.HOG0009808 : camk2n2, camk2n2a
warning: more than one possible gene symbols found for group N1.HOG0009818 : klc4, klc1b
warning: more than one possible gene symbols found for group N1.HOG0009837 : chico, tle2c
warning: more than one possible gene symbols found for group N1.HOG0009839 : neflb, nefla
warning: more than one possible gene symbols found for group N1.HOG0009841 : rdh12l, zgc:112332
warning: more than one possible gene symbols found for group N1.HOG0009843 : mtmr1a, mtmr1b
warning: more than one possible gene symbols found for group N1.HOG0009849 : zeb2b, zeb2a
warning: more than one possible gene symbols found for group N1.HOG0009850 : ndr1, spaw
warning: more than one possible gene symbols found for group N1.HOG0009853 : ppt2a.3, ppt2a.2, ppt2a.1, ppt2a.4, loc137487223
warning: more than one possible gene symbols found for group N1.HOG0009855 : arhgap12a, arhgap12b
warning: more than one possible gene symbols found for group N1.HOG0009879 : wnk2, loc101883538
warning: more than one possible gene symbols found for group N1.HOG0009884 : cpa1, cpa5
warning: more than one possible gene symbols found for group N1.HOG0009886 : cpa4, cpa2
warning: more than one possible gene symbols found for group N1.HOG0009900 : sfrp1b, sfrp1a
warning: more than one possible gene symbols found for group N1.HOG0009904 : htr7, htr7a
warning: more than one possible gene symbols found for group N1.HOG0009921 : msrb1b, msrb1a
warning: more than one possible gene symbols found for group N1.HOG0009938 : calb2b, calb1
warning: more than one possible gene symbols found for group N1.HOG0009952 : herc1, loc567670
warning: more than one possible gene symbols found for group N1.HOG0009954 : paqr5a, paqr5b
warning: more than one possible gene symbols found for group N1.HOG0009967 : si:dkey-117m1.4, loc110439911
warning: more than one possible gene symbols found for group N1.HOG0009972 : slc15a1a, slc15a1b
warning: more than one possible gene symbols found for group N1.HOG0009978 : fabp4a, fabp4b
warning: more than one possible gene symbols found for group N1.HOG0009979 : schip1, zgc:153615
warning: more than one possible gene symbols found for group N1.HOG0009991 : mob1ba, mob1bb
warning: more than one possible gene symbols found for group N1.HOG0009996 : ak7b, ak7a
warning: more than one possible gene symbols found for group N1.HOG0009997 : gas7a, gas7b
warning: more than one possible gene symbols found for group N1.HOG0009998 : nectin1a, nectin1b
warning: more than one possible gene symbols found for group N1.HOG0010007 : zeb1b, zeb1a
warning: more than one possible gene symbols found for group N1.HOG0010011 : tnrc6c1, tnrc6c2
warning: more than one possible gene symbols found for group N1.HOG0010019 : bmper, bbs9
warning: more than one possible gene symbols found for group N1.HOG0010021 : kcnq2b, kcnq2a
warning: more than one possible gene symbols found for group N1.HOG0010032 : megf6b, megf6a
warning: more than one possible gene symbols found for group N1.HOG0010039 : slc25a22a, slc25a22b
warning: more than one possible gene symbols found for group N1.HOG0010042 : itga3b, itga3a
warning: more than one possible gene symbols found for group N1.HOG0010052 : loc103908677, tulp1b
warning: more than one possible gene symbols found for group N1.HOG0010064 : nhsl3, si:dkey-157l19.2
warning: more than one possible gene symbols found for group N1.HOG0010065 : dhdh.2, dhdh.1
warning: more than one possible gene symbols found for group N1.HOG0010067 : lsp1b, lsp1a
warning: more than one possible gene symbols found for group N1.HOG0010069 : polr3gla, polr3glb
warning: more than one possible gene symbols found for group N1.HOG0010074 : htr2ab, htr2aa
warning: more than one possible gene symbols found for group N1.HOG0010078 : htr2cl2, htr2cl1
warning: more than one possible gene symbols found for group N1.HOG0010083 : farp1, loc101883674
warning: more than one possible gene symbols found for group N1.HOG0010106 : cspg4ba, loc110440062, cspg4bb
warning: more than one possible gene symbols found for group N1.HOG0010137 : pcmtd2a, pcmtd2b
warning: more than one possible gene symbols found for group N1.HOG0010142 : stk38b, stk38a
warning: more than one possible gene symbols found for group N1.HOG0010164 : abcc8, abcc8b
warning: more than one possible gene symbols found for group N1.HOG0010173 : gfra1b, gfra1a
warning: more than one possible gene symbols found for group N1.HOG0010176 : gja5b, gja5a
warning: more than one possible gene symbols found for group N1.HOG0010179 : crp4, crp2, crp6, crp7, crp3, crp5, crp1
warning: more than one possible gene symbols found for group N1.HOG0010222 : ggt5b, ggt5a
warning: more than one possible gene symbols found for group N1.HOG0010231 : rab35b, rab35a
warning: more than one possible gene symbols found for group N1.HOG0010237 : igsf9a, igsf9b
warning: more than one possible gene symbols found for group N1.HOG0010275 : zmp:0000001132, fut7
warning: more than one possible gene symbols found for group N1.HOG0010281 : unc5da, unc5db
warning: more than one possible gene symbols found for group N1.HOG0010284 : shisa6, loc100332354
warning: more than one possible gene symbols found for group N1.HOG0010285 : chst12a, chst12b.3, chst12b.4, chst12b.5, chst12b.1, chst12b.6, loc100536144
warning: more than one possible gene symbols found for group N1.HOG0010309 : evi5a, evi5b
warning: more than one possible gene symbols found for group N1.HOG0010321 : myt1a, myt1b
warning: more than one possible gene symbols found for group N1.HOG0010323 : trim108, trim109, loc101882614
warning: more than one possible gene symbols found for group N1.HOG0010337 : zgc:152986, dnajb9b
warning: more than one possible gene symbols found for group N1.HOG0010338 : ubap2a, ubap2b
warning: more than one possible gene symbols found for group N1.HOG0010341 : btbd11a, btbd11b
warning: more than one possible gene symbols found for group N1.HOG0010346 : tjp1a, tjp1b
warning: more than one possible gene symbols found for group N1.HOG0010355 : papss2a, papss2b
warning: more than one possible gene symbols found for group N1.HOG0010364 : foxl2a, foxl2b
warning: more than one possible gene symbols found for group N1.HOG0010372 : itsn2b, itsn2a
warning: more than one possible gene symbols found for group N1.HOG0010377 : fam167aa, fam167b
warning: more than one possible gene symbols found for group N1.HOG0010399 : bcr, si:dkey-91m11.5
warning: more than one possible gene symbols found for group N1.HOG0010415 : kdm6ba, kdm6bb
warning: more than one possible gene symbols found for group N1.HOG0010417 : zgc:92606, gabarapb
warning: more than one possible gene symbols found for group N1.HOG0010429 : rapgef4b, rapgef4a
warning: more than one possible gene symbols found for group N1.HOG0010441 : rprm3, rprma, rprmb
warning: more than one possible gene symbols found for group N1.HOG0010445 : rapgef1a, rapgef1b
warning: more than one possible gene symbols found for group N1.HOG0010447 : golph3b, golph3l
warning: more than one possible gene symbols found for group N1.HOG0010470 : mtnr1aa, mtnr1ab
warning: more than one possible gene symbols found for group N1.HOG0010471 : ptprfb, ptprfa
warning: more than one possible gene symbols found for group N1.HOG0010475 : odad4, cnp
warning: more than one possible gene symbols found for group N1.HOG0010482 : galnt10, galntl6
warning: more than one possible gene symbols found for group N1.HOG0010483 : usp2a, usp2b
warning: more than one possible gene symbols found for group N1.HOG0010486 : ldlra, ldlrb
warning: more than one possible gene symbols found for group N1.HOG0010491 : mhc1laa, mhc1lga, si:dkey-52p2.5, mhc1lda, mhc1lja, mhc1lba, mhc1lia, mhc1lea, mhc1lfa, mhc1lla, loc108181672, loc103909824, loc141380994, mhc1lca
warning: more than one possible gene symbols found for group N1.HOG0010492 : prdm2b, prdm2a
warning: more than one possible gene symbols found for group N1.HOG0010501 : prrt4b, prrt4a
warning: more than one possible gene symbols found for group N1.HOG0010505 : shank3b, shank3a
warning: more than one possible gene symbols found for group N1.HOG0010536 : gpa33a, gpa33b
warning: more than one possible gene symbols found for group N1.HOG0010563 : pcdh7b, pcdh7a
warning: more than one possible gene symbols found for group N1.HOG0010568 : mxra5a, mxra5b
warning: more than one possible gene symbols found for group N1.HOG0010572 : znf865, si:dkeyp-69b9.6
warning: more than one possible gene symbols found for group N1.HOG0010573 : pbxip1a, pbxip1b
warning: more than one possible gene symbols found for group N1.HOG0010575 : pde4dip, wu:fj49a02
warning: more than one possible gene symbols found for group N1.HOG0010576 : nyap2a, nyap2b
warning: more than one possible gene symbols found for group N1.HOG0010578 : selenot1a, selenot1b
warning: more than one possible gene symbols found for group N1.HOG0010580 : whrnb, whrna
warning: more than one possible gene symbols found for group N1.HOG0010581 : arhgef28a, loc101884284
warning: more than one possible gene symbols found for group N1.HOG0010585 : fam111.2, loc101886901, fam111b
warning: more than one possible gene symbols found for group N1.HOG0010588 : tpst1l, tpst2
warning: more than one possible gene symbols found for group N1.HOG0010608 : lrfn5a, lrfn5b
warning: more than one possible gene symbols found for group N1.HOG0010619 : mlphb, mlpha
warning: more than one possible gene symbols found for group N1.HOG0010623 : rsf1a, rsf1b.1
warning: more than one possible gene symbols found for group N1.HOG0010641 : loc100334396, loc101886687, loc141381152
warning: more than one possible gene symbols found for group N1.HOG0010662 : cd2, si:ch211-132g1.4, si:dkey-11f4.20, loc141384207
warning: more than one possible gene symbols found for group N1.HOG0010664 : prtga, prtgb
warning: more than one possible gene symbols found for group N1.HOG0010672 : nptnb, nptna
warning: more than one possible gene symbols found for group N1.HOG0010675 : usp54b, usp54a
warning: more than one possible gene symbols found for group N1.HOG0010677 : gtpbp2b, gtpbp2a
warning: more than one possible gene symbols found for group N1.HOG0010733 : palm1a, palm1b
warning: more than one possible gene symbols found for group N1.HOG0010738 : si:ch211-269c21.2, chst8
warning: more than one possible gene symbols found for group N1.HOG0010740 : serpina7, zgc:174259, zgc:174260, si:ch211-186e20.7
warning: more than one possible gene symbols found for group N1.HOG0010743 : arhgap21b, arhgap21a
warning: more than one possible gene symbols found for group N1.HOG0010747 : rgs12b, rgs12a
warning: more than one possible gene symbols found for group N1.HOG0010751 : acy3.1, acy3.2
warning: more than one possible gene symbols found for group N1.HOG0010754 : rp1l1a, rp1l1b
warning: more than one possible gene symbols found for group N1.HOG0010761 : shroom2a, shroom2b
warning: more than one possible gene symbols found for group N1.HOG0010762 : cdcp1a, cdcp1b
warning: more than one possible gene symbols found for group N1.HOG0010768 : ncana, ncanb
warning: more than one possible gene symbols found for group N1.HOG0010786 : adgrg4b, adgrg4a
warning: more than one possible gene symbols found for group N1.HOG0010797 : sema6ca, sema6cb
warning: more than one possible gene symbols found for group N1.HOG0010832 : plch2a, plch2b
warning: more than one possible gene symbols found for group N1.HOG0010843 : syt7a, syt7b
warning: more than one possible gene symbols found for group N1.HOG0010844 : gramd4b, gramd4a
warning: more than one possible gene symbols found for group N1.HOG0010846 : plekha7a, plekha7b
warning: more than one possible gene symbols found for group N1.HOG0010878 : thfp5, si:ch211-9d9.1, ly97.3, ly97.2, si:dkeyp-80c12.8
warning: more than one possible gene symbols found for group N1.HOG0010880 : srcin1b, srcin1a
warning: more than one possible gene symbols found for group N1.HOG0010881 : cbx7a, cbx7b
warning: more than one possible gene symbols found for group N1.HOG0010886 : mfsd4ab, mfsd4aa
warning: more than one possible gene symbols found for group N1.HOG0010889 : nhsa, nhsb
warning: more than one possible gene symbols found for group N1.HOG0010892 : znf106a, znf106b
warning: more than one possible gene symbols found for group N1.HOG0010902 : mtx1a, mtx1b
warning: more than one possible gene symbols found for group N1.HOG0010908 : cryaba, cryabb
warning: more than one possible gene symbols found for group N1.HOG0010910 : cdaa, cdab
warning: more than one possible gene symbols found for group N1.HOG0010916 : adgrl3.1, loc101882941
warning: more than one possible gene symbols found for group N1.HOG0010932 : clstn2a, clstn2b
warning: more than one possible gene symbols found for group N1.HOG0010955 : fgf20a, fgf20b
warning: more than one possible gene symbols found for group N1.HOG0010986 : samsn1b, samsn1a
warning: more than one possible gene symbols found for group N1.HOG0010989 : jag2b, jag2a
warning: more than one possible gene symbols found for group N1.HOG0010993 : zdhhc5a, zdhhc5b
warning: more than one possible gene symbols found for group N1.HOG0010997 : si:dkeyp-9d4.3, caskin1
warning: more than one possible gene symbols found for group N1.HOG0010999 : xpr1b, loc141385662
warning: more than one possible gene symbols found for group N1.HOG0011002 : si:dkeyp-82a1.6, zgc:112962
warning: more than one possible gene symbols found for group N1.HOG0011004 : arhgef18a, arhgef18b
warning: more than one possible gene symbols found for group N1.HOG0011017 : gfus.2, gfus.1, gfus.3
warning: more than one possible gene symbols found for group N1.HOG0011030 : kcnq5a, kcnq5b
warning: more than one possible gene symbols found for group N1.HOG0011032 : jpt1a, jpt1b
warning: more than one possible gene symbols found for group N1.HOG0011047 : tns2a, tns2b
warning: more than one possible gene symbols found for group N1.HOG0011076 : tmtc2a, tmtc2b
warning: more than one possible gene symbols found for group N1.HOG0011077 : prr5a, prr5b
warning: more than one possible gene symbols found for group N1.HOG0011079 : rhcga, rhcgl1
warning: more than one possible gene symbols found for group N1.HOG0011080 : aqp9a, aqp9b
warning: more than one possible gene symbols found for group N1.HOG0011081 : iqsec3a, iqsec3b
warning: more than one possible gene symbols found for group N1.HOG0011082 : chrm4b, chrm2a, chrm2b
warning: more than one possible gene symbols found for group N1.HOG0011090 : atrnl1a, atrnl1b
warning: more than one possible gene symbols found for group N1.HOG0011091 : cep170aa, cep170ab
warning: more than one possible gene symbols found for group N1.HOG0011104 : apeh, loc141375945
warning: more than one possible gene symbols found for group N1.HOG0011107 : spon1a, spon1b
warning: more than one possible gene symbols found for group N1.HOG0011131 : dtnba, dtnbb
warning: more than one possible gene symbols found for group N1.HOG0011132 : sash1b, sash1a
warning: more than one possible gene symbols found for group N1.HOG0011133 : cep170bb, cep170ba
warning: more than one possible gene symbols found for group N1.HOG0011150 : loc561325, tstd1
warning: more than one possible gene symbols found for group N1.HOG0011151 : wasf3b, wasf3a
warning: more than one possible gene symbols found for group N1.HOG0011156 : dtx4b, dtx4a
warning: more than one possible gene symbols found for group N1.HOG0011159 : mpp4a, loc556594, mpp4b
warning: more than one possible gene symbols found for group N1.HOG0011163 : si:dkey-91f15.8, gjc4a.2, gjc4a.1, gjc4b
warning: more than one possible gene symbols found for group N1.HOG0011168 : cica, cicb
warning: more than one possible gene symbols found for group N1.HOG0011169 : cspg5a, cspg5b
warning: more than one possible gene symbols found for group N1.HOG0011192 : ank1b, ank1a
warning: more than one possible gene symbols found for group N1.HOG0011232 : olfm1a, olfm1b
warning: more than one possible gene symbols found for group N1.HOG0011235 : kcnj1a.2, kcnj1a.3, kcnj1a.4, kcnj1a.5, kcnj1a.6, kcnj1b, kcnj1a.1
warning: more than one possible gene symbols found for group N1.HOG0011253 : glis1b, glis1a
warning: more than one possible gene symbols found for group N1.HOG0011271 : gli2a, gli2b
warning: more than one possible gene symbols found for group N1.HOG0011292 : mef2aa, mef2ab
warning: more than one possible gene symbols found for group N1.HOG0011331 : slc16a6b, slc16a6a
warning: more than one possible gene symbols found for group N1.HOG0011344 : gtf2f2a, gtf2f2b
warning: more than one possible gene symbols found for group N1.HOG0011347 : sp3b, sp3a
warning: more than one possible gene symbols found for group N1.HOG0011365 : si:ch211-107p11.3, loc110438488, si:ch211-281p14.2
warning: more than one possible gene symbols found for group N1.HOG0011366 : prodha, prodhb
warning: more than one possible gene symbols found for group N1.HOG0011382 : gpm6bb, gpm6ba
warning: more than one possible gene symbols found for group N1.HOG0011383 : bmpr2b, bmpr2a
warning: more than one possible gene symbols found for group N1.HOG0011385 : tns1b, tns1a
warning: more than one possible gene symbols found for group N1.HOG0011389 : ccnt2a, ccnt2b
warning: more than one possible gene symbols found for group N1.HOG0011396 : cnot3a, cnot3b
warning: more than one possible gene symbols found for group N1.HOG0011399 : kmt2bb, kmt2ba
warning: more than one possible gene symbols found for group N1.HOG0011427 : osbp2a, osbp2b
warning: more than one possible gene symbols found for group N1.HOG0011447 : flot2b, flot2a
warning: more than one possible gene symbols found for group N1.HOG0011454 : pde9ac, pde9ab
warning: more than one possible gene symbols found for group N1.HOG0011472 : cacna1eb, cacna1ea
warning: more than one possible gene symbols found for group N1.HOG0011475 : leg1.1, leg1.2
warning: more than one possible gene symbols found for group N1.HOG0011476 : mdga2a, loc101884676
warning: more than one possible gene symbols found for group N1.HOG0011487 : slc13a5b, slc13a5a
warning: more than one possible gene symbols found for group N1.HOG0011503 : fgd5b, fgd5a
warning: more than one possible gene symbols found for group N1.HOG0011509 : loc100330316, bicd1a
warning: more than one possible gene symbols found for group N1.HOG0011513 : si:dkeyp-27e10.3, si:ch211-1e14.1
warning: more than one possible gene symbols found for group N1.HOG0011517 : rfx7b, rfx7a
warning: more than one possible gene symbols found for group N1.HOG0011520 : igf1rb, igf1ra
warning: more than one possible gene symbols found for group N1.HOG0011530 : plekha1a, plekha1b
warning: more than one possible gene symbols found for group N1.HOG0011538 : nptx2b, nptx2a
warning: more than one possible gene symbols found for group N1.HOG0011547 : trpm4b.2, trpm4a, trpm4b3, trpm4b.1
warning: more than one possible gene symbols found for group N1.HOG0011554 : iqsec2b, iqsec2a
warning: more than one possible gene symbols found for group N1.HOG0011569 : osbpl2b, osbpl2a
warning: more than one possible gene symbols found for group N1.HOG0011584 : btbd10a, btbd10b
warning: more than one possible gene symbols found for group N1.HOG0011588 : diras1a, diras2, diras1b
warning: more than one possible gene symbols found for group N1.HOG0011589 : kif26ab, kif26aa
warning: more than one possible gene symbols found for group N1.HOG0011594 : mapk8ip1a, mapk8ip1b
warning: more than one possible gene symbols found for group N1.HOG0011602 : orai1b, orai1a
warning: more than one possible gene symbols found for group N1.HOG0011607 : tnk2a, tnk2b
warning: more than one possible gene symbols found for group N1.HOG0011612 : ptgdsb.2, zgc:153704, ptgdsb.1
warning: more than one possible gene symbols found for group N1.HOG0011613 : myom1a, myom1b
warning: more than one possible gene symbols found for group N1.HOG0011625 : dok7a, dok7b
warning: more than one possible gene symbols found for group N1.HOG0011627 : jam2b, jam2a
warning: more than one possible gene symbols found for group N1.HOG0011628 : znf513a, znf513b
warning: more than one possible gene symbols found for group N1.HOG0011631 : appa, appb
warning: more than one possible gene symbols found for group N1.HOG0011641 : phactr4a, phactr4b
warning: more than one possible gene symbols found for group N1.HOG0011646 : scrt1a, si:dkeyp-2e4.6, zgc:194336, si:dkeyp-2e4.2, si:dkeyp-2e4.3, loc110439382
warning: more than one possible gene symbols found for group N1.HOG0011651 : spire1a, spire1b
warning: more than one possible gene symbols found for group N1.HOG0011653 : satb1a, satb1b
warning: more than one possible gene symbols found for group N1.HOG0011655 : nr1d2a, nr1d2b
warning: more than one possible gene symbols found for group N1.HOG0011661 : suco, loc141377515
warning: more than one possible gene symbols found for group N1.HOG0011671 : vezf1b, vezf1a
warning: more than one possible gene symbols found for group N1.HOG0011673 : dok2, dok2l
warning: more than one possible gene symbols found for group N1.HOG0011674 : hmgn6, hmgn7
warning: more than one possible gene symbols found for group N1.HOG0011686 : arpc5la, arpc5b, arpc5lb
warning: more than one possible gene symbols found for group N1.HOG0011690 : micall2b, micall2a
warning: more than one possible gene symbols found for group N1.HOG0011761 : exoc3l2b, exoc3l2a
warning: more than one possible gene symbols found for group N1.HOG0011764 : inhbab, inhbaa
warning: more than one possible gene symbols found for group N1.HOG0011773 : tasorb, tasora
warning: more than one possible gene symbols found for group N1.HOG0011774 : ampd2a, ampd2b
warning: more than one possible gene symbols found for group N1.HOG0011783 : ip6k2b, ip6k2a
warning: more than one possible gene symbols found for group N1.HOG0011787 : esyt1a, esyt1b
warning: more than one possible gene symbols found for group N1.HOG0011796 : ubap1lb, ubap1la
warning: more than one possible gene symbols found for group N1.HOG0011806 : cd81b, cd81a
warning: more than one possible gene symbols found for group N1.HOG0011809 : ano5b, ano5a
warning: more than one possible gene symbols found for group N1.HOG0011811 : ppfibp1b, ppfibp1a
warning: more than one possible gene symbols found for group N1.HOG0011812 : tmem168a, tmem168b
warning: more than one possible gene symbols found for group N1.HOG0011823 : pld5, loc108192002
warning: more than one possible gene symbols found for group N1.HOG0011824 : comtd1, loc101884692
warning: more than one possible gene symbols found for group N1.HOG0011830 : zranb1b, zranb1a
warning: more than one possible gene symbols found for group N1.HOG0011862 : tbx6, loc100330653
warning: more than one possible gene symbols found for group N1.HOG0011873 : caskin2, loc100334642
warning: more than one possible gene symbols found for group N1.HOG0011883 : pkp1b, pkp1a
warning: more than one possible gene symbols found for group N1.HOG0011894 : mybphb, mybpha
warning: more than one possible gene symbols found for group N1.HOG0011896 : cacnb3a, cacnb3b
warning: more than one possible gene symbols found for group N1.HOG0011899 : wt1a, wt1b
warning: more than one possible gene symbols found for group N1.HOG0011903 : myclb, mycla
warning: more than one possible gene symbols found for group N1.HOG0011908 : arf6b, arf6a
warning: more than one possible gene symbols found for group N1.HOG0011917 : si:dkey-219c3.2, loc101886077
warning: more than one possible gene symbols found for group N1.HOG0011926 : gorasp1b, gorasp1a
warning: more than one possible gene symbols found for group N1.HOG0011929 : rec8b, loc141377738
warning: more than one possible gene symbols found for group N1.HOG0011933 : zgc:158423, slc3a2a
warning: more than one possible gene symbols found for group N1.HOG0011937 : rab39bb, rab39ba
warning: more than one possible gene symbols found for group N1.HOG0011945 : col28a2a, col28a2b
warning: more than one possible gene symbols found for group N1.HOG0011955 : tmsb4x, tmsb, tmsb2
warning: more than one possible gene symbols found for group N1.HOG0011957 : dock9b, zmp:0000001200
warning: more than one possible gene symbols found for group N1.HOG0011958 : lipea, lipeb
warning: more than one possible gene symbols found for group N1.HOG0011961 : gabbr2, loc560647
warning: more than one possible gene symbols found for group N1.HOG0011964 : cul3b, cul3a
warning: more than one possible gene symbols found for group N1.HOG0011969 : arrdc1b, arrdc1a
warning: more than one possible gene symbols found for group N1.HOG0011980 : camkk1b, camkk1a
warning: more than one possible gene symbols found for group N1.HOG0011981 : trarg1a, trarg1b
warning: more than one possible gene symbols found for group N1.HOG0011983 : arhgap35a, arhgap35b
warning: more than one possible gene symbols found for group N1.HOG0011984 : snx19b, snx19a
warning: more than one possible gene symbols found for group N1.HOG0011988 : slc37a4b, slc37a4bl
warning: more than one possible gene symbols found for group N1.HOG0012014 : rfx1b, rfx1a
warning: more than one possible gene symbols found for group N1.HOG0012017 : zdhhc3a, zdhhc3b
warning: more than one possible gene symbols found for group N1.HOG0012023 : kitb, kita
warning: more than one possible gene symbols found for group N1.HOG0012026 : mepcea, mepceb
warning: more than one possible gene symbols found for group N1.HOG0012029 : si:ch211-284e20.8, fetub
warning: more than one possible gene symbols found for group N1.HOG0012034 : gtpbp1, gtpbp1l
warning: more than one possible gene symbols found for group N1.HOG0012041 : cfap52, loc137487707
warning: more than one possible gene symbols found for group N1.HOG0012045 : xpo1a, xpo1b
warning: more than one possible gene symbols found for group N1.HOG0012049 : atf4b, atf4a
warning: more than one possible gene symbols found for group N1.HOG0012057 : tmcc1b, tmcc1a
warning: more than one possible gene symbols found for group N1.HOG0012058 : rereb, rerea
warning: more than one possible gene symbols found for group N1.HOG0012059 : ptprga, ca16b
warning: more than one possible gene symbols found for group N1.HOG0012066 : adnpa, adnpb
warning: more than one possible gene symbols found for group N1.HOG0012068 : mfge8a, mfge8b
warning: more than one possible gene symbols found for group N1.HOG0012074 : il17ra1a, loc100005924
warning: more than one possible gene symbols found for group N1.HOG0012076 : ube2q2, ube2q1
warning: more than one possible gene symbols found for group N1.HOG0012077 : brd1b, brd1a
warning: more than one possible gene symbols found for group N1.HOG0012078 : pparab, pparaa
warning: more than one possible gene symbols found for group N1.HOG0012079 : ppp6r2a, ppp6r2b
warning: more than one possible gene symbols found for group N1.HOG0012080 : dnaja2b, dnaja2a
warning: more than one possible gene symbols found for group N1.HOG0012102 : ppp1r9bb, ppp1r9ba
warning: more than one possible gene symbols found for group N1.HOG0012108 : mylpfb, mylpfa
warning: more than one possible gene symbols found for group N1.HOG0012109 : zc3h7ba, zc3h7bb
warning: more than one possible gene symbols found for group N1.HOG0012110 : foxk2a, foxk2b
warning: more than one possible gene symbols found for group N1.HOG0012122 : mipa, mipb
warning: more than one possible gene symbols found for group N1.HOG0012143 : slc5a6b, slc5a6a
warning: more than one possible gene symbols found for group N1.HOG0012148 : inf2, loc141378492
warning: more than one possible gene symbols found for group N1.HOG0012157 : foxo3a, foxo3b
warning: more than one possible gene symbols found for group N1.HOG0012159 : dnmt3ab, dnmt3aa
warning: more than one possible gene symbols found for group N1.HOG0012175 : adra1aa, adra1ab
warning: more than one possible gene symbols found for group N1.HOG0012202 : sall2, si:ch211-212k18.5
warning: more than one possible gene symbols found for group N1.HOG0012207 : loc101884757, fign
warning: more than one possible gene symbols found for group N1.HOG0012222 : ddx3xb, ddx3xa
warning: more than one possible gene symbols found for group N1.HOG0012226 : usf2, usf2l
warning: more than one possible gene symbols found for group N1.HOG0012227 : pou2f2b, pou2f2a
warning: more than one possible gene symbols found for group N1.HOG0012232 : sbk3, si:ch211-171h4.3
warning: more than one possible gene symbols found for group N1.HOG0012237 : thrap3a, thrap3b
warning: more than one possible gene symbols found for group N1.HOG0012242 : ctnnb2, ctnnb1
warning: more than one possible gene symbols found for group N1.HOG0012257 : rpl5b, rpl5a
warning: more than one possible gene symbols found for group N1.HOG0012262 : fam131aa, fam131ab
warning: more than one possible gene symbols found for group N1.HOG0012266 : snx18b, snx18a
warning: more than one possible gene symbols found for group N1.HOG0012268 : c7b, loc141379850
warning: more than one possible gene symbols found for group N1.HOG0012280 : ptger4b, ptger4a
warning: more than one possible gene symbols found for group N1.HOG0012284 : hip1rb, hip1r
warning: more than one possible gene symbols found for group N1.HOG0012286 : hnrnpk, hnrpkl
warning: more than one possible gene symbols found for group N1.HOG0012289 : plpp1b, plpp1a
warning: more than one possible gene symbols found for group N1.HOG0012293 : cd248a, cd248b
warning: more than one possible gene symbols found for group N1.HOG0012310 : htr1fb, htr1fa
warning: more than one possible gene symbols found for group N1.HOG0012311 : hykk.2, hykk.1
warning: more than one possible gene symbols found for group N1.HOG0012317 : ciz1a, ciz1b
warning: more than one possible gene symbols found for group N1.HOG0012327 : syngr3a, syngr3b
warning: more than one possible gene symbols found for group N1.HOG0012338 : pcdh18b, pcdh18a
warning: more than one possible gene symbols found for group N1.HOG0012339 : cant1a, cant1b
warning: more than one possible gene symbols found for group N1.HOG0012340 : waca, wacb
warning: more than one possible gene symbols found for group N1.HOG0012344 : tent5ab, tent5aa
warning: more than one possible gene symbols found for group N1.HOG0012347 : mgat1b, mgat1a
warning: more than one possible gene symbols found for group N1.HOG0012348 : dnajc16, dnajc16l
warning: more than one possible gene symbols found for group N1.HOG0012351 : jam3a, jam3b
warning: more than one possible gene symbols found for group N1.HOG0012354 : nacc1b, nacc1a
warning: more than one possible gene symbols found for group N1.HOG0012368 : ttf1.1, ttf1.2, ttf1.5, ttf1.6, gpsm1a, ttf1.4, loc110437769
warning: more than one possible gene symbols found for group N1.HOG0012369 : zgc:110821, zgc:113348, zgc:113336, si:ch211-241b2.1, znf990, znf1174, si:dkeyp-53d3.3, znf1187, znf1157, si:dkey-4c15.14, zgc:163077, znf1156, zgc:173726, znf1160, zgc:174224, zgc:175284, znf983, zgc:193790, zgc:173693, znf1161, loc110437714, loc100151145, si:ch211-222k6.2, znf1169, znf1154, si:dkey-4c15.13, si:ch73-138e16.6, si:dkey-15h8.13, znf1179, znf1175, bif1.2, bif1.1, loc100151353, si:dkey-15h8.15, wu:fi42h12, si:dkey-20i20.2, loc131554432, si:ch73-299h12.6, loc103908612, loc101887027, loc794515, im:7160358, znf1167, si:dkey-1b17.9, loc103909513, si:dkey-253d23.11, loc570723, znf982, zgc:171220, si:ch73-299h12.1, si:dkey-253d23.9, loc137487233, loc100148332, loc103909505, znf1003, loc100006952, si:ch73-299h12.8, loc110438251, znf1159, loc110437709, loc100536344, loc103909511, loc108181150, loc100538142, si:ch73-299h12.4, si:dkey-50i6.6, si:dkey-1b17.5, si:dkeyp-53d3.5, loc101883008, si:dkey-1b17.1, loc100150670, loc108181160, loc137488991, loc103909509, znf1171, loc566710, loc101883867, loc108181080, loc137488997, loc100536587, loc108179143, zgc:66483, si:rp71-1h20.5, zgc:113343, loc108180795, loc141379940, gb:ai877918, zgc:173486, si:dkey-1b17.8, si:ch211-222k6.1, zgc:171435, si:ch211-255f4.3, si:ch211-255f4.6, znf1162, znf45l, zgc:112977, znf1173, zgc:113220, loc100329627, loc108181079, loc101884686, loc101884504, loc101884310, loc101883509, si:ch73-92e7.6, loc101882596, loc101882237, loc100329844, znf1002, loc141380117, loc101884748, loc137487229, si:ch211-255f4.1, loc100535941, znf1184, loc141380118, loc103909512, loc103909508, loc100535676, loc108181166, loc100007100, loc100334054, loc141380120, si:dkey-253d23.8, loc100151570
warning: more than one possible gene symbols found for group N1.HOG0012378 : fam219aa, fam219ab
warning: more than one possible gene symbols found for group N1.HOG0012383 : nr1d4b, nr1d4a
warning: more than one possible gene symbols found for group N1.HOG0012389 : bicd2, zgc:171572
warning: more than one possible gene symbols found for group N1.HOG0012390 : nrn1a, nrn1b
warning: more than one possible gene symbols found for group N1.HOG0012401 : si:dkey-245f22.3, mdfic2
warning: more than one possible gene symbols found for group N1.HOG0012407 : caprin1b, caprin1a
warning: more than one possible gene symbols found for group N1.HOG0012409 : tshz3b, tshz3a
warning: more than one possible gene symbols found for group N1.HOG0012411 : anxa2b, anxa2a
warning: more than one possible gene symbols found for group N1.HOG0012414 : ube2nb, ube2na
warning: more than one possible gene symbols found for group N1.HOG0012415 : atp6v1e1a, atp6v1e1b
warning: more than one possible gene symbols found for group N1.HOG0012416 : cox5aa, cox5ab
warning: more than one possible gene symbols found for group N1.HOG0012417 : nfat5a, nfat5b
warning: more than one possible gene symbols found for group N1.HOG0012426 : calca, loc101882884
warning: more than one possible gene symbols found for group N1.HOG0012427 : smad6a, smad6b
warning: more than one possible gene symbols found for group N1.HOG0012428 : neto2b, neto2a
warning: more than one possible gene symbols found for group N1.HOG0012430 : hgfb, hgfa
warning: more than one possible gene symbols found for group N1.HOG0012437 : ccser2a, ccser2b
warning: more than one possible gene symbols found for group N1.HOG0012439 : ifngr1, ifngr1l
warning: more than one possible gene symbols found for group N1.HOG0012449 : pdxkb, pdxka
warning: more than one possible gene symbols found for group N1.HOG0012456 : aclya, aclyb
warning: more than one possible gene symbols found for group N1.HOG0012465 : tom1l2b, tom1l2a
warning: more than one possible gene symbols found for group N1.HOG0012469 : muc13b, si:ch211-198m17.1
warning: more than one possible gene symbols found for group N1.HOG0012470 : radil2a, radil2b
warning: more than one possible gene symbols found for group N1.HOG0012487 : baiap2l1b, baiap2l1a
warning: more than one possible gene symbols found for group N1.HOG0012490 : slc6a16b, slc6a16a
warning: more than one possible gene symbols found for group N1.HOG0012494 : map3k14a, map3k14b
warning: more than one possible gene symbols found for group N1.HOG0012496 : ep300b, ep300a
warning: more than one possible gene symbols found for group N1.HOG0012502 : tefb, tefa
warning: more than one possible gene symbols found for group N1.HOG0012504 : snpha, snphb
warning: more than one possible gene symbols found for group N1.HOG0012513 : depdc7a, depdc7b
warning: more than one possible gene symbols found for group N1.HOG0012517 : hipk3b, hipk3a
warning: more than one possible gene symbols found for group N1.HOG0012518 : ildr2, loc100332762
warning: more than one possible gene symbols found for group N1.HOG0012522 : nfatc3b, nfatc3a
warning: more than one possible gene symbols found for group N1.HOG0012527 : afg1la, afg1lb
warning: more than one possible gene symbols found for group N1.HOG0012528 : ttbk2b, ttbk2a
warning: more than one possible gene symbols found for group N1.HOG0012533 : shda, shdb
warning: more than one possible gene symbols found for group N1.HOG0012536 : slc25a29l, slc25a29
warning: more than one possible gene symbols found for group N1.HOG0012541 : fbxo30b, fbxo30a
warning: more than one possible gene symbols found for group N1.HOG0012542 : adra2da, adra2db
warning: more than one possible gene symbols found for group N1.HOG0012560 : si:ch211-243g18.2, krt1-c5
warning: more than one possible gene symbols found for group N1.HOG0012562 : tmem230a, tmem230b
warning: more than one possible gene symbols found for group N1.HOG0012568 : slc20a1a, slc20a1b
warning: more than one possible gene symbols found for group N1.HOG0012569 : myripb, myripa
warning: more than one possible gene symbols found for group N1.HOG0012573 : cahz, ca2
warning: more than one possible gene symbols found for group N1.HOG0012584 : pip4p1a, pip4p1b
warning: more than one possible gene symbols found for group N1.HOG0012586 : col18a1a, col18a1b
warning: more than one possible gene symbols found for group N1.HOG0012587 : fam184aa, fam184ab
warning: more than one possible gene symbols found for group N1.HOG0012597 : ptprna, ptprnb
warning: more than one possible gene symbols found for group N1.HOG0012598 : jagn1a, jagn1b
warning: more than one possible gene symbols found for group N1.HOG0012599 : hecw2b, hecw2a
warning: more than one possible gene symbols found for group N1.HOG0012601 : u2af2a, u2af2b
warning: more than one possible gene symbols found for group N1.HOG0012605 : dennd3a, dennd3b
warning: more than one possible gene symbols found for group N1.HOG0012606 : si:ch211-149k23.9, si:ch211-232m10.6
warning: more than one possible gene symbols found for group N1.HOG0012609 : snx27a, snx27b
warning: more than one possible gene symbols found for group N1.HOG0012614 : clk2b, clk2a
warning: more than one possible gene symbols found for group N1.HOG0012626 : dvl3a, dvl3b
warning: more than one possible gene symbols found for group N1.HOG0012627 : mffa, mffb
warning: more than one possible gene symbols found for group N1.HOG0012634 : elovl1a, elovl1b
warning: more than one possible gene symbols found for group N1.HOG0012640 : sgip1a, sgip1b
warning: more than one possible gene symbols found for group N1.HOG0012642 : loc137487611, phactr1
warning: more than one possible gene symbols found for group N1.HOG0012643 : abhd8b, abhd8a
warning: more than one possible gene symbols found for group N1.HOG0012652 : htr1aa, htr1ab
warning: more than one possible gene symbols found for group N1.HOG0012655 : kmt5aa, kmt5ab
warning: more than one possible gene symbols found for group N1.HOG0012663 : mpzl2b, loc141377950
warning: more than one possible gene symbols found for group N1.HOG0012667 : adrb2b, adrb2a
warning: more than one possible gene symbols found for group N1.HOG0012681 : ube2kb, ube2ka
warning: more than one possible gene symbols found for group N1.HOG0012685 : tpra, loc141378042, loc141378043
warning: more than one possible gene symbols found for group N1.HOG0012692 : kank1a, kank1b
warning: more than one possible gene symbols found for group N1.HOG0012705 : esr2b, esr2a
warning: more than one possible gene symbols found for group N1.HOG0012714 : hapstr1a, hapstr1b
warning: more than one possible gene symbols found for group N1.HOG0012721 : smcr8a, smcr8b
warning: more than one possible gene symbols found for group N1.HOG0012723 : sptbn4b, sptbn4a
warning: more than one possible gene symbols found for group N1.HOG0012724 : scaf4b, scaf4a
warning: more than one possible gene symbols found for group N1.HOG0012725 : trim3b, trim3a
warning: more than one possible gene symbols found for group N1.HOG0012726 : foxo1b, foxo1a
warning: more than one possible gene symbols found for group N1.HOG0012731 : zfyve9a, zfyve9b
warning: more than one possible gene symbols found for group N1.HOG0012734 : micall1a, micall1b.2
warning: more than one possible gene symbols found for group N1.HOG0012740 : irf4a, irf4b, irf4l
warning: more than one possible gene symbols found for group N1.HOG0012744 : si:ch73-52e5.2, them6
warning: more than one possible gene symbols found for group N1.HOG0012745 : adcy3a, adcy3b
warning: more than one possible gene symbols found for group N1.HOG0012751 : spag1b, spag1a
warning: more than one possible gene symbols found for group N1.HOG0012758 : elf2a, elf2b
warning: more than one possible gene symbols found for group N1.HOG0012766 : slc35f2, slc35f2l
warning: more than one possible gene symbols found for group N1.HOG0012769 : dixdc1a, dixdc1b
warning: more than one possible gene symbols found for group N1.HOG0012783 : arhgap32b, arhgap32a
warning: more than one possible gene symbols found for group N1.HOG0012788 : znf207a, znf207b
warning: more than one possible gene symbols found for group N1.HOG0012794 : alcama, alcamb
warning: more than one possible gene symbols found for group N1.HOG0012795 : matn3a, matn3b
warning: more than one possible gene symbols found for group N1.HOG0012796 : wipf2b, wipf2a
warning: more than one possible gene symbols found for group N1.HOG0012799 : ube2l3a, ube2l3b
warning: more than one possible gene symbols found for group N1.HOG0012804 : skia, skib
warning: more than one possible gene symbols found for group N1.HOG0012807 : tardbpb, tardbpa
warning: more than one possible gene symbols found for group N1.HOG0012817 : pmelb, pmela
warning: more than one possible gene symbols found for group N1.HOG0012822 : znf362a, znf362b
warning: more than one possible gene symbols found for group N1.HOG0012837 : p4htma, p4htmb
warning: more than one possible gene symbols found for group N1.HOG0012840 : rassf8b, rassf8a
warning: more than one possible gene symbols found for group N1.HOG0012842 : samm50l, samm50
warning: more than one possible gene symbols found for group N1.HOG0012844 : cdkn1ba, cdkn1bb
warning: more than one possible gene symbols found for group N1.HOG0012848 : acanb, acana
warning: more than one possible gene symbols found for group N1.HOG0012854 : eif4g2b, eif4g2a
warning: more than one possible gene symbols found for group N1.HOG0012855 : ada2a, ada2b
warning: more than one possible gene symbols found for group N1.HOG0012857 : avpr1ab, avpr1aa
warning: more than one possible gene symbols found for group N1.HOG0012865 : gpr37b, gpr37a
warning: more than one possible gene symbols found for group N1.HOG0012868 : pax2a, pax2b
warning: more than one possible gene symbols found for group N1.HOG0012870 : loc103911968, parga
warning: more than one possible gene symbols found for group N1.HOG0012875 : slkb, slka
warning: more than one possible gene symbols found for group N1.HOG0012877 : ptpreb, ptprea
warning: more than one possible gene symbols found for group N1.HOG0012881 : hid1b, hid1a
warning: more than one possible gene symbols found for group N1.HOG0012889 : spag9a, spag9b
warning: more than one possible gene symbols found for group N1.HOG0012895 : sstr2a, sstr2b
warning: more than one possible gene symbols found for group N1.HOG0012898 : si:ch73-366l1.5, mxra7
warning: more than one possible gene symbols found for group N1.HOG0012900 : nmt1a, nmt1b
warning: more than one possible gene symbols found for group N1.HOG0012901 : wfikkn2a, wfikkn2b
warning: more than one possible gene symbols found for group N1.HOG0012920 : gnao1a, gnao1b
warning: more than one possible gene symbols found for group N1.HOG0012921 : ccsapb, ccsapa
warning: more than one possible gene symbols found for group N1.HOG0012934 : plpp2b, plpp2a
warning: more than one possible gene symbols found for group N1.HOG0012936 : khdrbs1a, khdrbs1b
warning: more than one possible gene symbols found for group N1.HOG0012937 : ldlrap1b, ldlrap1a
warning: more than one possible gene symbols found for group N1.HOG0012940 : dbx1a, dbx1b
warning: more than one possible gene symbols found for group N1.HOG0012965 : rbm14a, rbm14b
warning: more than one possible gene symbols found for group N1.HOG0012968 : b3galt1b, b3galt1a
warning: more than one possible gene symbols found for group N1.HOG0012973 : irs2a, irs2b
warning: more than one possible gene symbols found for group N1.HOG0012981 : tax1bp1a, tax1bp1b
warning: more than one possible gene symbols found for group N1.HOG0012983 : tmem222a, tmem222b
warning: more than one possible gene symbols found for group N1.HOG0012984 : si:ch73-281i18.4, map7d1b, map7d1a, si:ch73-281i18.3, loc137488501, loc110438684, loc103911265
warning: more than one possible gene symbols found for group N1.HOG0012989 : styk1b, styk1a
warning: more than one possible gene symbols found for group N1.HOG0012990 : fam131bb, fam131ba
warning: more than one possible gene symbols found for group N1.HOG0012999 : sox4b, sox4a
warning: more than one possible gene symbols found for group N1.HOG0013002 : parla, parlb
warning: more than one possible gene symbols found for group N1.HOG0013009 : fam78bb, fam78ba
warning: more than one possible gene symbols found for group N1.HOG0013010 : cxcr4b, cxcr4a
warning: more than one possible gene symbols found for group N1.HOG0013028 : fgf10b, fgf10a
warning: more than one possible gene symbols found for group N1.HOG0013031 : svopa, svopb
warning: more than one possible gene symbols found for group N1.HOG0013032 : lmbrd2a, lmbrd2b
warning: more than one possible gene symbols found for group N1.HOG0013039 : bnip1b, bnip1a
warning: more than one possible gene symbols found for group N1.HOG0013041 : limk1a, limk1b
warning: more than one possible gene symbols found for group N1.HOG0013054 : mcoln3a, mcoln3b
warning: more than one possible gene symbols found for group N1.HOG0013064 : tmx2b, tmx2a
warning: more than one possible gene symbols found for group N1.HOG0013069 : sgms2b, sgms2a
warning: more than one possible gene symbols found for group N1.HOG0013071 : mmd2a, loc103909971
warning: more than one possible gene symbols found for group N1.HOG0013072 : gng13b, gng13a
warning: more than one possible gene symbols found for group N1.HOG0013075 : stim1a, stim1b
warning: more than one possible gene symbols found for group N1.HOG0013107 : socs3a, socs3b
warning: more than one possible gene symbols found for group N1.HOG0013114 : adcy1a, adcy1b
warning: more than one possible gene symbols found for group N1.HOG0013123 : jcadb, jcada
warning: more than one possible gene symbols found for group N1.HOG0013127 : tnfaip2a, tnfaip2b
warning: more than one possible gene symbols found for group N1.HOG0013137 : plekho1b, plekho1a
warning: more than one possible gene symbols found for group N1.HOG0013139 : ins, insb
warning: more than one possible gene symbols found for group N1.HOG0013140 : zgc:172014, si:dkey-75a21.2, loc100006562, si:dkey-106c17.2, si:ch211-125e6.8, si:dkey-63j12.4, loc141380209
warning: more than one possible gene symbols found for group N1.HOG0013150 : oxtra, oxtrb
warning: more than one possible gene symbols found for group N1.HOG0013153 : ddx19b, ddx19a
warning: more than one possible gene symbols found for group N1.HOG0013156 : hipk1a, hipk1b
warning: more than one possible gene symbols found for group N1.HOG0013157 : arhgef25a, arhgef25b
warning: more than one possible gene symbols found for group N1.HOG0013159 : olfml3a, olfml3b
warning: more than one possible gene symbols found for group N1.HOG0013169 : prkcbp1l, zmynd8
warning: more than one possible gene symbols found for group N1.HOG0013177 : cacna2d1a, loc101882457
warning: more than one possible gene symbols found for group N1.HOG0013183 : loc556054, prmt8b
warning: more than one possible gene symbols found for group N1.HOG0013185 : elapor2b, elapor2a
warning: more than one possible gene symbols found for group N1.HOG0013190 : fibinb, fibina
warning: more than one possible gene symbols found for group N1.HOG0013191 : nrcama, nrcamb
warning: more than one possible gene symbols found for group N1.HOG0013194 : csk, cskl
warning: more than one possible gene symbols found for group N1.HOG0013198 : gcshb, gcsha
warning: more than one possible gene symbols found for group N1.HOG0013202 : add3b, add3a
warning: more than one possible gene symbols found for group N1.HOG0013209 : ubtd1a, ubtd1b
warning: more than one possible gene symbols found for group N1.HOG0013215 : si:dkey-93h22.8, pprc1
warning: more than one possible gene symbols found for group N1.HOG0013216 : tp53bp2b, tp53bp2a
warning: more than one possible gene symbols found for group N1.HOG0013217 : slc18a3a, slc18a3b
warning: more than one possible gene symbols found for group N1.HOG0013218 : plaua, plaub
warning: more than one possible gene symbols found for group N1.HOG0013220 : mrtfab, mrtfaa
warning: more than one possible gene symbols found for group N1.HOG0013238 : atxn7l3a, atxn7l3b
warning: more than one possible gene symbols found for group N1.HOG0013242 : tecpr1a, tecpr1b
warning: more than one possible gene symbols found for group N1.HOG0013243 : kdelr2a, kdelr2b
warning: more than one possible gene symbols found for group N1.HOG0013244 : tmem184ba, tmem184bb.1
warning: more than one possible gene symbols found for group N1.HOG0013263 : lims2, lims1
warning: more than one possible gene symbols found for group N1.HOG0013269 : spint1b, spint1a
warning: more than one possible gene symbols found for group N1.HOG0013270 : tspeara, tspearb
warning: more than one possible gene symbols found for group N1.HOG0013287 : loc137488017, slitrk3a
warning: more than one possible gene symbols found for group N1.HOG0013301 : wdr20b, wdr20a
warning: more than one possible gene symbols found for group N1.HOG0013308 : homer1b, homer1
warning: more than one possible gene symbols found for group N1.HOG0013309 : vsig8a, vsig8b
warning: more than one possible gene symbols found for group N1.HOG0013321 : arrdc3b, arrdc3a
warning: more than one possible gene symbols found for group N1.HOG0013323 : ralyl, loc100330501
warning: more than one possible gene symbols found for group N1.HOG0013335 : slco5a1a, loc556735
warning: more than one possible gene symbols found for group N1.HOG0013336 : stim2b, stim2a
warning: more than one possible gene symbols found for group N1.HOG0013340 : fhip1ab, fhip1aa
warning: more than one possible gene symbols found for group N1.HOG0013341 : tdrd7b, tdrd7a
warning: more than one possible gene symbols found for group N1.HOG0013342 : im:7136398, si:dkey-6n21.12
warning: more than one possible gene symbols found for group N1.HOG0013347 : ccdc149b, ccdc149a
warning: more than one possible gene symbols found for group N1.HOG0013353 : gcgb, gcga
warning: more than one possible gene symbols found for group N1.HOG0013354 : slitrk5b, slitrk5
warning: more than one possible gene symbols found for group N1.HOG0013355 : igfbp2b, igfbp2a
warning: more than one possible gene symbols found for group N1.HOG0013358 : igfbp5a, igfbp5b
warning: more than one possible gene symbols found for group N1.HOG0013359 : nr4a2a, nr4a2b
warning: more than one possible gene symbols found for group N1.HOG0013371 : kdm6a, kdm6al
warning: more than one possible gene symbols found for group N1.HOG0013372 : pou3f3a, pou3f3b
warning: more than one possible gene symbols found for group N1.HOG0013381 : raph1b, raph1a
warning: more than one possible gene symbols found for group N1.HOG0013388 : cacng8a, cacng8b
warning: more than one possible gene symbols found for group N1.HOG0013392 : flot1a, flot1b
warning: more than one possible gene symbols found for group N1.HOG0013393 : cited4a, cited4b
warning: more than one possible gene symbols found for group N1.HOG0013394 : erf, erfl3
warning: more than one possible gene symbols found for group N1.HOG0013397 : znf687b, znf687a
warning: more than one possible gene symbols found for group N1.HOG0013401 : arid1aa, arid1ab
warning: more than one possible gene symbols found for group N1.HOG0013406 : lratd2b, lratd2a
warning: more than one possible gene symbols found for group N1.HOG0013414 : aldh9a1a.1, aldh9a1a.2, aldh9a1b
warning: more than one possible gene symbols found for group N1.HOG0013418 : ccdc18, si:ch73-389b16.1
warning: more than one possible gene symbols found for group N1.HOG0013421 : scg2b, scg2a
warning: more than one possible gene symbols found for group N1.HOG0013426 : boka, bokb
warning: more than one possible gene symbols found for group N1.HOG0013427 : agfg1b, agfg1a
warning: more than one possible gene symbols found for group N1.HOG0013432 : mast3b, mast3a
warning: more than one possible gene symbols found for group N1.HOG0013437 : antxr2a, antxr2b
warning: more than one possible gene symbols found for group N1.HOG0013444 : rasgrf2b, rasgrf2a
warning: more than one possible gene symbols found for group N1.HOG0013448 : ppm1db, ppm1da
warning: more than one possible gene symbols found for group N1.HOG0013452 : pafah1b1b, pafah1b1a
warning: more than one possible gene symbols found for group N1.HOG0013460 : clk4b, clk4a
warning: more than one possible gene symbols found for group N1.HOG0013482 : grapa, grapb
warning: more than one possible gene symbols found for group N1.HOG0013484 : uncx4.1, uncx
warning: more than one possible gene symbols found for group N1.HOG0013485 : si:dkey-94l16.4, si:ch211-165g14.1
warning: more than one possible gene symbols found for group N1.HOG0013504 : zgc:175214, si:dkey-51a16.9
warning: more than one possible gene symbols found for group N1.HOG0013506 : nfil3-2, nfil3-5
warning: more than one possible gene symbols found for group N1.HOG0013517 : rab18b, rab18a
warning: more than one possible gene symbols found for group N1.HOG0013519 : rpe65b, rpe65c
warning: more than one possible gene symbols found for group N1.HOG0013521 : loc101883382, plxnc1, loc108179158, loc108183547, loc103910448
warning: more than one possible gene symbols found for group N1.HOG0013525 : faxca, faxcb
warning: more than one possible gene symbols found for group N1.HOG0013564 : cadm1a, cadm1b
warning: more than one possible gene symbols found for group N1.HOG0013572 : nrp1b, nrp1a
warning: more than one possible gene symbols found for group N1.HOG0013581 : robo3, zgc:77784
warning: more than one possible gene symbols found for group N1.HOG0013591 : cnrip1a, cnrip1b
warning: more than one possible gene symbols found for group N1.HOG0013592 : emilin1b, emilin1a
warning: more than one possible gene symbols found for group N1.HOG0013595 : cldn5b, cldn5a
warning: more than one possible gene symbols found for group N1.HOG0013601 : arpc4l, arpc4
warning: more than one possible gene symbols found for group N1.HOG0013603 : sema3fa, sema3fb
warning: more than one possible gene symbols found for group N1.HOG0013611 : sec61a1a, sec61a1b
warning: more than one possible gene symbols found for group N1.HOG0013612 : pip4k2ca, pip4k2cb
warning: more than one possible gene symbols found for group N1.HOG0013614 : ankrd52a, ankrd52b
warning: more than one possible gene symbols found for group N1.HOG0013617 : il17rc, wu:fl23c11
warning: more than one possible gene symbols found for group N1.HOG0013632 : cax1, cax2
warning: more than one possible gene symbols found for group N1.HOG0013633 : frmd5b, frmd5a
warning: more than one possible gene symbols found for group N1.HOG0013636 : gas2b, gas2a
warning: more than one possible gene symbols found for group N1.HOG0013639 : cyp19a1a, cyp19a1b
warning: more than one possible gene symbols found for group N1.HOG0013640 : ucmaa, ucmab
warning: more than one possible gene symbols found for group N1.HOG0013641 : rab19, loc137491492
warning: more than one possible gene symbols found for group N1.HOG0013643 : mafb, mafa
warning: more than one possible gene symbols found for group N1.HOG0013646 : adma, admb
warning: more than one possible gene symbols found for group N1.HOG0013648 : rassf7b, rassf7a
warning: more than one possible gene symbols found for group N1.HOG0013652 : mtss1la, mtss1lb
warning: more than one possible gene symbols found for group N1.HOG0013655 : sema4gb, sema4ga
warning: more than one possible gene symbols found for group N1.HOG0013658 : adkb, adka
warning: more than one possible gene symbols found for group N1.HOG0013659 : lzts2a, lzts2b
warning: more than one possible gene symbols found for group N1.HOG0013660 : myoz1a, myoz1b
warning: more than one possible gene symbols found for group N1.HOG0013662 : egr2a, egr2b
warning: more than one possible gene symbols found for group N1.HOG0013663 : cdhr1a, loc108191765
warning: more than one possible gene symbols found for group N1.HOG0013670 : hoxb1a, hoxb1b
warning: more than one possible gene symbols found for group N1.HOG0013675 : tob1a, tob1b
warning: more than one possible gene symbols found for group N1.HOG0013676 : dusp3b, dusp3a
warning: more than one possible gene symbols found for group N1.HOG0013684 : si:ch211-286o17.1, cd34
warning: more than one possible gene symbols found for group N1.HOG0013705 : mmp15a, mmp15b
warning: more than one possible gene symbols found for group N1.HOG0013706 : baz2ba, baz2bb
warning: more than one possible gene symbols found for group N1.HOG0013707 : dla, dldh
warning: more than one possible gene symbols found for group N1.HOG0013708 : paplna, paplnb
warning: more than one possible gene symbols found for group N1.HOG0013712 : myct1a, myct1b
warning: more than one possible gene symbols found for group N1.HOG0013715 : fosaa, si:ch211-153j24.3
warning: more than one possible gene symbols found for group N1.HOG0013719 : nrd1b, nrd1a
warning: more than one possible gene symbols found for group N1.HOG0013722 : thbs1b, thbs1a
warning: more than one possible gene symbols found for group N1.HOG0013723 : maco1a, maco1b
warning: more than one possible gene symbols found for group N1.HOG0013729 : loc560010, prr33
warning: more than one possible gene symbols found for group N1.HOG0013730 : itga11a, itga11b
warning: more than one possible gene symbols found for group N1.HOG0013734 : ulk1a, ulk1b
warning: more than one possible gene symbols found for group N1.HOG0013741 : hhatlb, hhatla
warning: more than one possible gene symbols found for group N1.HOG0013760 : nrp2a, nrp2b
warning: more than one possible gene symbols found for group N1.HOG0013770 : klhl41a, klhl41b
warning: more than one possible gene symbols found for group N1.HOG0013773 : pip5k1ab, pip5k1aa
warning: more than one possible gene symbols found for group N1.HOG0013774 : stmn1b, stmn1a
warning: more than one possible gene symbols found for group N1.HOG0013775 : iffo1b, iffo1a
warning: more than one possible gene symbols found for group N1.HOG0013776 : trim46a, trim46b
warning: more than one possible gene symbols found for group N1.HOG0013781 : fez2b, fez2a
warning: more than one possible gene symbols found for group N1.HOG0013792 : zgc:55943, zgc:92140
warning: more than one possible gene symbols found for group N1.HOG0013794 : dmbx1b, dmbx1a
warning: more than one possible gene symbols found for group N1.HOG0013799 : lrrc8db, lrrc8da
warning: more than one possible gene symbols found for group N1.HOG0013802 : tmem125b, tmem125a
warning: more than one possible gene symbols found for group N1.HOG0013808 : ano8a, ano8b
warning: more than one possible gene symbols found for group N1.HOG0013814 : ark2cb, ark2ca
warning: more than one possible gene symbols found for group N1.HOG0013820 : hrh2b, hrh2a
warning: more than one possible gene symbols found for group N1.HOG0013839 : map2k4b, map2k4a
warning: more than one possible gene symbols found for group N1.HOG0013846 : hnrnpl2, hnrnpl
warning: more than one possible gene symbols found for group N1.HOG0013857 : loc110439889, sstr5
warning: more than one possible gene symbols found for group N1.HOG0013864 : foxf2a, foxf2b
warning: more than one possible gene symbols found for group N1.HOG0013865 : foxq1a, foxq1b
warning: more than one possible gene symbols found for group N1.HOG0013869 : sobpa, sobpb
warning: more than one possible gene symbols found for group N1.HOG0013879 : sowahaa, sowahab
warning: more than one possible gene symbols found for group N1.HOG0013886 : eeig1a, eeig1b
warning: more than one possible gene symbols found for group N1.HOG0013912 : nherf4b, nherf4a
warning: more than one possible gene symbols found for group N1.HOG0013913 : zgc:113424, si:rp71-45k5.2
warning: more than one possible gene symbols found for group N1.HOG0013916 : loc560023, si:dkey-33m11.8
warning: more than one possible gene symbols found for group N1.HOG0013919 : hyal2a, hyal2b
warning: more than one possible gene symbols found for group N1.HOG0013923 : tafa1a, tafa1b
warning: more than one possible gene symbols found for group N1.HOG0013946 : si:ch211-251b21.1, grik6
warning: more than one possible gene symbols found for group N1.HOG0013947 : rlbp1a, rlbp1b
warning: more than one possible gene symbols found for group N1.HOG0013948 : skor1a, skor1b
warning: more than one possible gene symbols found for group N1.HOG0013962 : swap70b, swap70a
warning: more than one possible gene symbols found for group N1.HOG0013964 : metap2a, metap2b
warning: more than one possible gene symbols found for group N1.HOG0013974 : tmem41aa, tmem41ab
warning: more than one possible gene symbols found for group N1.HOG0013985 : lgi1b, lgi1a
warning: more than one possible gene symbols found for group N1.HOG0013986 : nfe2l1a, nfe2l1b
warning: more than one possible gene symbols found for group N1.HOG0013989 : si:dkey-89b17.4, znf646
warning: more than one possible gene symbols found for group N1.HOG0014011 : desi1a, desi1b
warning: more than one possible gene symbols found for group N1.HOG0014014 : xkr7a, xkr7b
warning: more than one possible gene symbols found for group N1.HOG0014015 : hes2.2, hes2.1
warning: more than one possible gene symbols found for group N1.HOG0014019 : arhgap4a, arhgap4b
warning: more than one possible gene symbols found for group N1.HOG0014020 : avpr2aa, avpr2ab
warning: more than one possible gene symbols found for group N1.HOG0014029 : cdkl5, loc101886244
warning: more than one possible gene symbols found for group N1.HOG0014035 : scml2, loc100330797
warning: more than one possible gene symbols found for group N1.HOG0014036 : dkk3b, dkk3a
warning: more than one possible gene symbols found for group N1.HOG0014037 : eva1aa, eva1ab
warning: more than one possible gene symbols found for group N1.HOG0014038 : grtp1b, grtp1a
warning: more than one possible gene symbols found for group N1.HOG0014039 : rassf10a, rassf10b
warning: more than one possible gene symbols found for group N1.HOG0014040 : map1sb, map1sa
warning: more than one possible gene symbols found for group N1.HOG0014060 : rbm25a, rbm25b
warning: more than one possible gene symbols found for group N1.HOG0014064 : dnajc5ga, dnajc5gb
warning: more than one possible gene symbols found for group N1.HOG0014065 : jph3b, jph3a
warning: more than one possible gene symbols found for group N1.HOG0014088 : als2b, als2a
warning: more than one possible gene symbols found for group N1.HOG0014089 : fndc4b, fndc4a
warning: more than one possible gene symbols found for group N1.HOG0014090 : ankrd10b, ankrd10a
warning: more than one possible gene symbols found for group N1.HOG0014092 : sowahcb, sowahca
warning: more than one possible gene symbols found for group N1.HOG0014107 : srsf10b, srsf10a
warning: more than one possible gene symbols found for group N1.HOG0014108 : cacng6b, cacng6a
warning: more than one possible gene symbols found for group N1.HOG0014109 : ankrd28b, ankrd28a
warning: more than one possible gene symbols found for group N1.HOG0014110 : psmd4a, psmd4b
warning: more than one possible gene symbols found for group N1.HOG0014114 : rbm24b, rbm24a
warning: more than one possible gene symbols found for group N1.HOG0014115 : tpbg1a, tpbg1b
warning: more than one possible gene symbols found for group N1.HOG0014116 : tomm40, tomm40l
warning: more than one possible gene symbols found for group N1.HOG0014117 : loc100329768, gpr20
warning: more than one possible gene symbols found for group N1.HOG0014120 : tm6sf2b, tm6sf2a
warning: more than one possible gene symbols found for group N1.HOG0014121 : crtc1b, crtc1a
warning: more than one possible gene symbols found for group N1.HOG0014122 : hs2st1a, hs2st1b
warning: more than one possible gene symbols found for group N1.HOG0014123 : artn, artnb
warning: more than one possible gene symbols found for group N1.HOG0014131 : nr2f6b, nr2f6a
warning: more than one possible gene symbols found for group N1.HOG0014132 : wdr47a, wdr47b
warning: more than one possible gene symbols found for group N1.HOG0014134 : acsl3a, acsl3b
warning: more than one possible gene symbols found for group N1.HOG0014161 : zgc:92242, zgc:100829
warning: more than one possible gene symbols found for group N1.HOG0014164 : tigara, tigarb
warning: more than one possible gene symbols found for group N1.HOG0014167 : crx, otx5
warning: more than one possible gene symbols found for group N1.HOG0014168 : gphna, gphnb
warning: more than one possible gene symbols found for group N1.HOG0014170 : bcat1, bcat2
warning: more than one possible gene symbols found for group N1.HOG0014175 : crybb1l2, crybb1l1
warning: more than one possible gene symbols found for group N1.HOG0014193 : cacng1a, cacng1b
warning: more than one possible gene symbols found for group N1.HOG0014194 : ccdc85al, ccdc85a
warning: more than one possible gene symbols found for group N1.HOG0014199 : tmem42a, tmem42b
warning: more than one possible gene symbols found for group N1.HOG0014210 : inhbb, loc101887111
warning: more than one possible gene symbols found for group N1.HOG0014211 : dlc, dlb
warning: more than one possible gene symbols found for group N1.HOG0014219 : tcnba, tcnbb
warning: more than one possible gene symbols found for group N1.HOG0014221 : enpp2, enpp2l
warning: more than one possible gene symbols found for group N1.HOG0014226 : tmeff1b, tmeff1a
warning: more than one possible gene symbols found for group N1.HOG0014227 : si:dkey-14d8.7, si:dkey-14d8.6
warning: more than one possible gene symbols found for group N1.HOG0014232 : rbm39b, rbm39a
warning: more than one possible gene symbols found for group N1.HOG0014235 : vstm2lb, vstm2la
warning: more than one possible gene symbols found for group N1.HOG0014238 : tmt1a.1, tmt1a.3, tmt1a.2
warning: more than one possible gene symbols found for group N1.HOG0014245 : srsf3b, srsf3a
warning: more than one possible gene symbols found for group N1.HOG0014247 : tex264a, tex264b
warning: more than one possible gene symbols found for group N1.HOG0014248 : guca1ab.2, guca1ab.1
warning: more than one possible gene symbols found for group N1.HOG0014262 : alx4a, alx4b
warning: more than one possible gene symbols found for group N1.HOG0014270 : pias1b, pias1a
warning: more than one possible gene symbols found for group N1.HOG0014273 : msx1b, msx3
warning: more than one possible gene symbols found for group N1.HOG0014279 : dlg5b.1, dlg5a
warning: more than one possible gene symbols found for group N1.HOG0014285 : chst3b, chst3a
warning: more than one possible gene symbols found for group N1.HOG0014286 : ablim1a, ablim1b
warning: more than one possible gene symbols found for group N1.HOG0014305 : slc17a9b, slc17a9a
warning: more than one possible gene symbols found for group N1.HOG0014316 : crlf1a, crlf1b
warning: more than one possible gene symbols found for group N1.HOG0014321 : marcksb, marcksa
warning: more than one possible gene symbols found for group N1.HOG0014322 : grem1a, grem1b
warning: more than one possible gene symbols found for group N1.HOG0014334 : znf609a, znf609b
warning: more than one possible gene symbols found for group N1.HOG0014340 : gfra2a, gfra2b
warning: more than one possible gene symbols found for group N1.HOG0014362 : si:ch211-63p21.8, loc137496088
warning: more than one possible gene symbols found for group N1.HOG0014364 : tyrp1b, tyrp1a
warning: more than one possible gene symbols found for group N1.HOG0014368 : rpgrb, rpgra
warning: more than one possible gene symbols found for group N1.HOG0014371 : sema5bb, sema5ba
warning: more than one possible gene symbols found for group N1.HOG0014373 : arhgef7b, arhgef7a
warning: more than one possible gene symbols found for group N1.HOG0014381 : tent5bb, tent5ba
warning: more than one possible gene symbols found for group N1.HOG0014384 : wu:fc38h03, colq
warning: more than one possible gene symbols found for group N1.HOG0014390 : slc35d1a, slc35d1b
warning: more than one possible gene symbols found for group N1.HOG0014399 : gfi1aa, gfi1ab
warning: more than one possible gene symbols found for group N1.HOG0014405 : spsb4a, spsb4b
warning: more than one possible gene symbols found for group N1.HOG0014406 : dipk1aa, dipk1ab
warning: more than one possible gene symbols found for group N1.HOG0014413 : ssh1a, ssh1b
warning: more than one possible gene symbols found for group N1.HOG0014415 : npdc1a, npdc1b
warning: more than one possible gene symbols found for group N1.HOG0014426 : auts2b, auts2a
warning: more than one possible gene symbols found for group N1.HOG0014432 : si:dkey-9i23.15, si:dkey-74k8.3
warning: more than one possible gene symbols found for group N1.HOG0014440 : tlr5b, tlr5a
warning: more than one possible gene symbols found for group N1.HOG0014441 : bsk146, unm_sa1261
warning: more than one possible gene symbols found for group N1.HOG0014443 : cygb2, cygb1
warning: more than one possible gene symbols found for group N1.HOG0014449 : st6galnac5b, st6galnac5a
warning: more than one possible gene symbols found for group N1.HOG0014450 : jupa, jupb
warning: more than one possible gene symbols found for group N1.HOG0014456 : rln3a, rln3b
warning: more than one possible gene symbols found for group N1.HOG0014464 : mtdha, mtdhb
warning: more than one possible gene symbols found for group N1.HOG0014467 : gabpb1, gabpb2a
warning: more than one possible gene symbols found for group N1.HOG0014471 : loc100333926, loc100537178, loc558876, zmp:0000000524, loc110437942, rnf14
warning: more than one possible gene symbols found for group N1.HOG0014479 : zgc:173548, loc137490099
warning: more than one possible gene symbols found for group N1.HOG0014482 : arhgef2a, arhgef2b
warning: more than one possible gene symbols found for group N1.HOG0014486 : atad5b, atad5a
warning: more than one possible gene symbols found for group N1.HOG0014487 : gga3a, gga3b
warning: more than one possible gene symbols found for group N1.HOG0014497 : loc795173, loc110437941, loc110437921, loc137487675
warning: more than one possible gene symbols found for group N1.HOG0014505 : slc16a12b, slc16a12a
warning: more than one possible gene symbols found for group N1.HOG0014507 : snx21, loc103910208
warning: more than one possible gene symbols found for group N1.HOG0014509 : abhd6b, abhd6a
warning: more than one possible gene symbols found for group N1.HOG0014510 : cxxc1b, cxxc1a
warning: more than one possible gene symbols found for group N1.HOG0014511 : c1ql4a, c1ql4b
warning: more than one possible gene symbols found for group N1.HOG0014523 : prok1, prok2
warning: more than one possible gene symbols found for group N1.HOG0014525 : sort1b, sort1a
warning: more than one possible gene symbols found for group N1.HOG0014526 : brpf3b, brpf3a
warning: more than one possible gene symbols found for group N1.HOG0014530 : pa2g4a, pa2g4b
warning: more than one possible gene symbols found for group N1.HOG0014537 : kitlgb, kitlga
warning: more than one possible gene symbols found for group N1.HOG0014540 : slc41a2b, slc41a2a
warning: more than one possible gene symbols found for group N1.HOG0014541 : fbxl14b, fbxl14a
warning: more than one possible gene symbols found for group N1.HOG0014552 : loc100333227, cpt1a2b
warning: more than one possible gene symbols found for group N1.HOG0014553 : uqcrc2b, uqcrc2a
warning: more than one possible gene symbols found for group N1.HOG0014554 : tlcd3bb, tlcd3ba
warning: more than one possible gene symbols found for group N1.HOG0014557 : sox9a, sox9b
warning: more than one possible gene symbols found for group N1.HOG0014559 : retsatl, si:ch1073-13h15.3
warning: more than one possible gene symbols found for group N1.HOG0014563 : mss51, loc103908684
warning: more than one possible gene symbols found for group N1.HOG0014569 : arhgap23a, arhgap23b
warning: more than one possible gene symbols found for group N1.HOG0014571 : srsf2b, srsf2a
warning: more than one possible gene symbols found for group N1.HOG0014579 : kcnk2a, kcnk2b
warning: more than one possible gene symbols found for group N1.HOG0014583 : polr2m, myzap
warning: more than one possible gene symbols found for group N1.HOG0014586 : ildr1b, ildr1a
warning: more than one possible gene symbols found for group N1.HOG0014587 : galnt18a, galnt18b
warning: more than one possible gene symbols found for group N1.HOG0014603 : six1a, six1b
warning: more than one possible gene symbols found for group N1.HOG0014607 : kcnk3a, kcnk3b
warning: more than one possible gene symbols found for group N1.HOG0014608 : nceh1b.1, nceh1b.2
warning: more than one possible gene symbols found for group N1.HOG0014618 : kirrel1a, kirrel1b
warning: more than one possible gene symbols found for group N1.HOG0014619 : htra3a, htra3b
warning: more than one possible gene symbols found for group N1.HOG0014620 : zgc:92664, zgc:103508
warning: more than one possible gene symbols found for group N1.HOG0014623 : sh3bp4a, sh3bp4
warning: more than one possible gene symbols found for group N1.HOG0014624 : ctps1a, ctps1b
warning: more than one possible gene symbols found for group N1.HOG0014627 : eva1bb, eva1ba
warning: more than one possible gene symbols found for group N1.HOG0014628 : zc3h12ab, zc3h12aa
warning: more than one possible gene symbols found for group N1.HOG0014631 : clcn1b, clcn1a
warning: more than one possible gene symbols found for group N1.HOG0014632 : fam8a1b, fam8a1a
warning: more than one possible gene symbols found for group N1.HOG0014635 : apoea, apoeb
warning: more than one possible gene symbols found for group N1.HOG0014636 : fabp10b, fabp10a
warning: more than one possible gene symbols found for group N1.HOG0014649 : rxfp3.2a, rxfp3.2b
warning: more than one possible gene symbols found for group N1.HOG0014655 : slc25a36a, slc25a36b
warning: more than one possible gene symbols found for group N1.HOG0014659 : git2b, git2a
warning: more than one possible gene symbols found for group N1.HOG0014663 : iscua, iscub
warning: more than one possible gene symbols found for group N1.HOG0014667 : ca4a, ca4b
warning: more than one possible gene symbols found for group N1.HOG0014671 : tlk1a, tlk1b
warning: more than one possible gene symbols found for group N1.HOG0014678 : si:ch211-198o12.4, si:dkey-13m1.5
warning: more than one possible gene symbols found for group N1.HOG0014679 : gfra4a, gfra4b
warning: more than one possible gene symbols found for group N1.HOG0014680 : nxf1b, nxf1a
warning: more than one possible gene symbols found for group N1.HOG0014681 : acot11a, acot11b
warning: more than one possible gene symbols found for group N1.HOG0014687 : adcyap1r1b, adcyap1r1a
warning: more than one possible gene symbols found for group N1.HOG0014691 : glrbb, glrba
warning: more than one possible gene symbols found for group N1.HOG0014692 : smu1a, smu1b
warning: more than one possible gene symbols found for group N1.HOG0014704 : gabrr3a, loc561083
warning: more than one possible gene symbols found for group N1.HOG0014709 : atg4da, atg4db
warning: more than one possible gene symbols found for group N1.HOG0014710 : lactbl1b, lactbl1a
warning: more than one possible gene symbols found for group N1.HOG0014720 : hmgcrb, hmgcra
warning: more than one possible gene symbols found for group N1.HOG0014723 : porcnl, porcn
warning: more than one possible gene symbols found for group N1.HOG0014728 : tmem88b, tmem88a
warning: more than one possible gene symbols found for group N1.HOG0014730 : loc101885860, loc141376655, loc110440127, loc141376706, loc100003022, loc137496659
warning: more than one possible gene symbols found for group N1.HOG0014731 : loc110440122, loc137496656
warning: more than one possible gene symbols found for group N1.HOG0014738 : loc101882809, dynlrb2
warning: more than one possible gene symbols found for group N1.HOG0014741 : tusc2b, tusc2a
warning: more than one possible gene symbols found for group N1.HOG0014747 : ppp4r2b, ppp4r2a
warning: more than one possible gene symbols found for group N1.HOG0014756 : foxb1b, foxb1a
warning: more than one possible gene symbols found for group N1.HOG0014759 : sin3ab, sin3aa
warning: more than one possible gene symbols found for group N1.HOG0014766 : klf5a, klf5b
warning: more than one possible gene symbols found for group N1.HOG0014768 : gpr155a, gpr155b
warning: more than one possible gene symbols found for group N1.HOG0014789 : wu:fa11c10, fam110a
warning: more than one possible gene symbols found for group N1.HOG0014794 : plppr3a, plppr3b
warning: more than one possible gene symbols found for group N1.HOG0014797 : ddhd1b, ddhd1a
warning: more than one possible gene symbols found for group N1.HOG0014799 : camsap1a, camsap1b
warning: more than one possible gene symbols found for group N1.HOG0014800 : lrrc75bb, lrrc75ba
warning: more than one possible gene symbols found for group N1.HOG0014801 : notch1a, notch1b
warning: more than one possible gene symbols found for group N1.HOG0014822 : rnf115b, rnf115a
warning: more than one possible gene symbols found for group N1.HOG0014823 : fhl3b, fhl3a
warning: more than one possible gene symbols found for group N1.HOG0014831 : zyg11, zyg11l
warning: more than one possible gene symbols found for group N1.HOG0014835 : znf644a, znf644b
warning: more than one possible gene symbols found for group N1.HOG0014845 : sumf2, bicdl2l
warning: more than one possible gene symbols found for group N1.HOG0014846 : ccdc92bb, ccdc92ba
warning: more than one possible gene symbols found for group N1.HOG0014847 : igsf5a, igsf5b
warning: more than one possible gene symbols found for group N1.HOG0014856 : prg4a, loc141378044
warning: more than one possible gene symbols found for group N1.HOG0014861 : natd1, im:6904045
warning: more than one possible gene symbols found for group N1.HOG0014862 : fscn1a, fscn1b
warning: more than one possible gene symbols found for group N1.HOG0014872 : srl, wu:fc22b06
warning: more than one possible gene symbols found for group N1.HOG0014876 : pdgfbb, pdgfba
warning: more than one possible gene symbols found for group N1.HOG0014878 : sacm1la, sacm1lb
warning: more than one possible gene symbols found for group N1.HOG0014892 : zpld1b, zpld1a
warning: more than one possible gene symbols found for group N1.HOG0014897 : col6a4a, loc100535278
warning: more than one possible gene symbols found for group N1.HOG0014905 : frmd4bb, frmd4ba
warning: more than one possible gene symbols found for group N1.HOG0014906 : mxra8b, mxra8a
warning: more than one possible gene symbols found for group N1.HOG0014913 : lyve1a, lyve1b
warning: more than one possible gene symbols found for group N1.HOG0014918 : abhd2b, abhd2a
warning: more than one possible gene symbols found for group N1.HOG0014920 : znf518a, si:ch211-214e3.5
warning: more than one possible gene symbols found for group N1.HOG0014930 : emilin3b, emilin3a
warning: more than one possible gene symbols found for group N1.HOG0014950 : rs1a, rs1b
warning: more than one possible gene symbols found for group N1.HOG0014960 : mvb12ba, mvb12bb
warning: more than one possible gene symbols found for group N1.HOG0014966 : rbpjb, rbpja
warning: more than one possible gene symbols found for group N1.HOG0014973 : nedd8l, nedd8
warning: more than one possible gene symbols found for group N1.HOG0014974 : plcd4a, plcd4b
warning: more than one possible gene symbols found for group N1.HOG0014982 : crabp2b, crabp2a
warning: more than one possible gene symbols found for group N1.HOG0014984 : rab25a, rab25b
warning: more than one possible gene symbols found for group N1.HOG0014995 : gltpa, gltpb
warning: more than one possible gene symbols found for group N1.HOG0014996 : pcp4l1, pcp4a, pcp4b
warning: more than one possible gene symbols found for group N1.HOG0015029 : pdcb, pdca
warning: more than one possible gene symbols found for group N1.HOG0015044 : nmrk2, mibp
warning: more than one possible gene symbols found for group N1.HOG0015047 : cacng5a, cacng5b
warning: more than one possible gene symbols found for group N1.HOG0015063 : noctb, nocta
warning: more than one possible gene symbols found for group N1.HOG0015076 : kifap3a, kifap3b
warning: more than one possible gene symbols found for group N1.HOG0015082 : perm1b, perm1a
warning: more than one possible gene symbols found for group N1.HOG0015084 : fmoda, fmodb
warning: more than one possible gene symbols found for group N1.HOG0015088 : pthlha, pthlhb
warning: more than one possible gene symbols found for group N1.HOG0015090 : ccdc136b, ccdc136a
warning: more than one possible gene symbols found for group N1.HOG0015091 : slc25a44a, slc25a44b
warning: more than one possible gene symbols found for group N1.HOG0015100 : kcnk1a, kcnk1b
warning: more than one possible gene symbols found for group N1.HOG0015104 : insyn2a, insyn2ab
warning: more than one possible gene symbols found for group N1.HOG0015105 : si:ch211-117n7.7, si:ch211-117n7.6
warning: more than one possible gene symbols found for group N1.HOG0015111 : ca10a, ca10b
warning: more than one possible gene symbols found for group N1.HOG0015112 : atxn7l2b, atxn7l2a
warning: more than one possible gene symbols found for group N1.HOG0015117 : loc103909003, loc137488617
warning: more than one possible gene symbols found for group N1.HOG0015126 : znf319a, znf319b
warning: more than one possible gene symbols found for group N1.HOG0015134 : dbnla, dbnlb
warning: more than one possible gene symbols found for group N1.HOG0015142 : ihha, ihhb
warning: more than one possible gene symbols found for group N1.HOG0015144 : ptdss1a, ptdss1b
warning: more than one possible gene symbols found for group N1.HOG0015146 : si:dkey-87o1.2, them4
warning: more than one possible gene symbols found for group N1.HOG0015152 : glmnb, glmna
warning: more than one possible gene symbols found for group N1.HOG0015175 : micu3b, micu3a
warning: more than one possible gene symbols found for group N1.HOG0015180 : rab38b, rab38a
warning: more than one possible gene symbols found for group N1.HOG0015181 : hepacama, hepacamb
warning: more than one possible gene symbols found for group N1.HOG0015183 : dhrs7ca, dhrs7cb
warning: more than one possible gene symbols found for group N1.HOG0015190 : mark4b, mark4a
warning: more than one possible gene symbols found for group N1.HOG0015192 : tmed1a, tmed1b
warning: more than one possible gene symbols found for group N1.HOG0015195 : slc27a1a, slc27a1b
warning: more than one possible gene symbols found for group N1.HOG0015205 : klf2a, klf2b
warning: more than one possible gene symbols found for group N1.HOG0015224 : hmox1a, hmox1b
warning: more than one possible gene symbols found for group N1.HOG0015236 : ogna, ognb
warning: more than one possible gene symbols found for group N1.HOG0015237 : shisa10.1, shisa10.2, shisa10.4, loc137488908
warning: more than one possible gene symbols found for group N1.HOG0015246 : creld1b, creld1a
warning: more than one possible gene symbols found for group N1.HOG0015251 : ninj1, loc141375946
warning: more than one possible gene symbols found for group N1.HOG0015253 : cdkn1ca, cdkn1cb
warning: more than one possible gene symbols found for group N1.HOG0015256 : cdhr5a, cdhr5b
warning: more than one possible gene symbols found for group N1.HOG0015260 : mosmob, mosmoa
warning: more than one possible gene symbols found for group N1.HOG0015261 : csf3b, csf3a
warning: more than one possible gene symbols found for group N1.HOG0015266 : dpysl5a, dpysl5b
warning: more than one possible gene symbols found for group N1.HOG0015267 : bmf2, bmf1
warning: more than one possible gene symbols found for group N1.HOG0015268 : pdcd10a, pdcd10b
warning: more than one possible gene symbols found for group N1.HOG0015275 : atp6v1aa, atp6v1ab
warning: more than one possible gene symbols found for group N1.HOG0015276 : zgc:161973, fbxo15
warning: more than one possible gene symbols found for group N1.HOG0015279 : slc7a8a, slc7a8b
warning: more than one possible gene symbols found for group N1.HOG0015281 : sox1a, sox1b
warning: more than one possible gene symbols found for group N1.HOG0015286 : rnd3b, rnd3a
warning: more than one possible gene symbols found for group N1.HOG0015287 : cd4-2.2, cd4-2.1
warning: more than one possible gene symbols found for group N1.HOG0015294 : ecm1b, ecm1a
warning: more than one possible gene symbols found for group N1.HOG0015295 : cacng7a, cacng7b
warning: more than one possible gene symbols found for group N1.HOG0015310 : rnf213a, loc100537840
warning: more than one possible gene symbols found for group N1.HOG0015323 : tmem79a, tmem79b
warning: more than one possible gene symbols found for group N1.HOG0015332 : apoob, apooa
warning: more than one possible gene symbols found for group N1.HOG0015335 : si:dkey-87k14.1, flrt2
warning: more than one possible gene symbols found for group N1.HOG0015338 : gnrhr3, gnrhr1
warning: more than one possible gene symbols found for group N1.HOG0015347 : loc141377015, loc101886518, rab11al, loc141380148, loc101885981, loc137489979
warning: more than one possible gene symbols found for group N1.HOG0015350 : itih3b.2, itih3b.1
warning: more than one possible gene symbols found for group N1.HOG0015362 : gpr137ba, gpr137bb
warning: more than one possible gene symbols found for group N1.HOG0015363 : irf2bp2a, irf2bp2b
warning: more than one possible gene symbols found for group N1.HOG0015376 : kcnk10a, kcnk10b
warning: more than one possible gene symbols found for group N1.HOG0015377 : stxbp6, stxbp6l
warning: more than one possible gene symbols found for group N1.HOG0015394 : adisspa, adisspb
warning: more than one possible gene symbols found for group N1.HOG0015396 : desmb, desma
warning: more than one possible gene symbols found for group N1.HOG0015402 : st3gal3a, st3gal3b
warning: more than one possible gene symbols found for group N1.HOG0015406 : pmchl, pmch
warning: more than one possible gene symbols found for group N1.HOG0015408 : barhl1a, barhl1b
warning: more than one possible gene symbols found for group N1.HOG0015410 : gas1b, gas1a
warning: more than one possible gene symbols found for group N1.HOG0015415 : loc798089, si:dkey-191g9.7
warning: more than one possible gene symbols found for group N1.HOG0015421 : si:dkey-93h22.7, loc101886098
warning: more than one possible gene symbols found for group N1.HOG0015432 : zmp:0000001331, b4galnt2.2, b4galnt2.1
warning: more than one possible gene symbols found for group N1.HOG0015446 : si:dkeyp-106c3.2, zbed4l1, loc100334312
warning: more than one possible gene symbols found for group N1.HOG0015447 : lctlb, lctla
warning: more than one possible gene symbols found for group N1.HOG0015449 : ergic2, si:ch211-225b10.3
warning: more than one possible gene symbols found for group N1.HOG0015451 : dhx32a, dhx32b
warning: more than one possible gene symbols found for group N1.HOG0015464 : ppp1r3da, ppp1r3db
warning: more than one possible gene symbols found for group N1.HOG0015465 : loc101885606, spi2
warning: more than one possible gene symbols found for group N1.HOG0015469 : pak6, pak6b
warning: more than one possible gene symbols found for group N1.HOG0015470 : pgfb, pgfa
warning: more than one possible gene symbols found for group N1.HOG0015472 : loc101884989, syt18b
warning: more than one possible gene symbols found for group N1.HOG0015473 : gpr78b, gpr78a
warning: more than one possible gene symbols found for group N1.HOG0015482 : acvr2aa, acvr2ab
warning: more than one possible gene symbols found for group N1.HOG0015485 : klhl38a, klhl38b
warning: more than one possible gene symbols found for group N1.HOG0015506 : hlfa, hlfb
warning: more than one possible gene symbols found for group N1.HOG0015508 : bnc2, loc100536790
warning: more than one possible gene symbols found for group N1.HOG0015515 : gcdha, gcdhb
warning: more than one possible gene symbols found for group N1.HOG0015518 : aqp1a.1, aqp1a.2
warning: more than one possible gene symbols found for group N1.HOG0015523 : clmnb, clmna
warning: more than one possible gene symbols found for group N1.HOG0015529 : sh3glb2a, sh3glb2b
warning: more than one possible gene symbols found for group N1.HOG0015532 : ppp3r1b, ppp3r1a
warning: more than one possible gene symbols found for group N1.HOG0015553 : parp6a, parp6b
warning: more than one possible gene symbols found for group N1.HOG0015554 : nudt4b, nudt4a
warning: more than one possible gene symbols found for group N1.HOG0015560 : srd5a2a, srd5a2b
warning: more than one possible gene symbols found for group N1.HOG0015569 : uraha, urahb
warning: more than one possible gene symbols found for group N1.HOG0015570 : loc141376225, wdsub1
warning: more than one possible gene symbols found for group N1.HOG0015580 : si:dkeyp-77h1.4, loc100004582
warning: more than one possible gene symbols found for group N1.HOG0015588 : bco2a, bco2b
warning: more than one possible gene symbols found for group N1.HOG0015591 : fgf1b, fgf1a
warning: more than one possible gene symbols found for group N1.HOG0015599 : slc26a3.1, slc26a3.2
warning: more than one possible gene symbols found for group N1.HOG0015603 : igsf21a, igsf21b
warning: more than one possible gene symbols found for group N1.HOG0015604 : cyp46a1.1, cyp46a1.5, cyp46a1.2, cyp46a1.4, cyp46a1.3
warning: more than one possible gene symbols found for group N1.HOG0015610 : etaa1a, etaa1b
warning: more than one possible gene symbols found for group N1.HOG0015613 : lect2.2, lect2.1, lect2.3
warning: more than one possible gene symbols found for group N1.HOG0015622 : srfa, srfb
warning: more than one possible gene symbols found for group N1.HOG0015637 : adam17a, adam17b
warning: more than one possible gene symbols found for group N1.HOG0015654 : anxa3a, anxa3b
warning: more than one possible gene symbols found for group N1.HOG0015655 : cluha, cluhb
warning: more than one possible gene symbols found for group N1.HOG0015656 : si:dkey-33i11.9, si:ch73-343g19.4, si:rp71-77l1.1, si:rp71-77l1.2
warning: more than one possible gene symbols found for group N1.HOG0015660 : sfxn5b, sfxn5a
warning: more than one possible gene symbols found for group N1.HOG0015662 : clockb, clocka
warning: more than one possible gene symbols found for group N1.HOG0015663 : tbcela, tbcelb
warning: more than one possible gene symbols found for group N1.HOG0015673 : shank2b, shank2a
warning: more than one possible gene symbols found for group N1.HOG0015674 : st6galnac1.2, st6galnac1.1
warning: more than one possible gene symbols found for group N1.HOG0015681 : lmod2a, lmod2b
warning: more than one possible gene symbols found for group N1.HOG0015684 : rorab, roraa
warning: more than one possible gene symbols found for group N1.HOG0015688 : zgc:86738, zgc:154058
warning: more than one possible gene symbols found for group N1.HOG0015689 : si:dkey-21c1.1, loc796453
warning: more than one possible gene symbols found for group N1.HOG0015694 : fam217bb, fam217ba
warning: more than one possible gene symbols found for group N1.HOG0015707 : abi2b, abi2a
warning: more than one possible gene symbols found for group N1.HOG0015709 : limd1b, limd1a
warning: more than one possible gene symbols found for group N1.HOG0015719 : gpat3, agpat9l
warning: more than one possible gene symbols found for group N1.HOG0015720 : rce1a, rce1b
warning: more than one possible gene symbols found for group N1.HOG0015722 : lcp2b, lcp2a
warning: more than one possible gene symbols found for group N1.HOG0015723 : si:ch1073-398f15.1, dtwd2
warning: more than one possible gene symbols found for group N1.HOG0015728 : cryba1l2, cryba1l1
warning: more than one possible gene symbols found for group N1.HOG0015729 : loc137495814, loc100538298
warning: more than one possible gene symbols found for group N1.HOG0015730 : ndufs8b, ndufs8a
warning: more than one possible gene symbols found for group N1.HOG0015737 : krt93, krt94
warning: more than one possible gene symbols found for group N1.HOG0015738 : lyrm5a, lyrm5b
warning: more than one possible gene symbols found for group N1.HOG0015742 : cpxm1b, cpxm1a
warning: more than one possible gene symbols found for group N1.HOG0015751 : zgc:171844, pik3r6a
warning: more than one possible gene symbols found for group N1.HOG0015752 : ahsa1b, ahsa1a
warning: more than one possible gene symbols found for group N1.HOG0015758 : crtc2, loc108179660
warning: more than one possible gene symbols found for group N1.HOG0015759 : hsbp1a, hsbp1b
warning: more than one possible gene symbols found for group N1.HOG0015765 : atp6ap1lb, atp6ap1la
warning: more than one possible gene symbols found for group N1.HOG0015766 : cisha, cishb
warning: more than one possible gene symbols found for group N1.HOG0015791 : loc101882564, zgc:172136
warning: more than one possible gene symbols found for group N1.HOG0015796 : fuca1.2, fuca1.1
warning: more than one possible gene symbols found for group N1.HOG0015799 : entpd2a.1, entpd2b, entpd2a.2
warning: more than one possible gene symbols found for group N1.HOG0015808 : acp5b, loc141380740
warning: more than one possible gene symbols found for group N1.HOG0015811 : acvr2ba, acvr2bb
warning: more than one possible gene symbols found for group N1.HOG0015815 : maip1, si:dkey-82o10.4
warning: more than one possible gene symbols found for group N1.HOG0015824 : mchr2, mchr1b
warning: more than one possible gene symbols found for group N1.HOG0015827 : c3b.1, c3b.2
warning: more than one possible gene symbols found for group N1.HOG0015831 : sat1a.2, sat1a.1
warning: more than one possible gene symbols found for group N1.HOG0015833 : ifnphi2, ifnphi3
warning: more than one possible gene symbols found for group N1.HOG0015841 : cdhr5-rs, loc100537321
warning: more than one possible gene symbols found for group N1.HOG0015844 : crabp1b, crabp1a
warning: more than one possible gene symbols found for group N1.HOG0015856 : gramd2aa, gramd2ab
warning: more than one possible gene symbols found for group N1.HOG0015857 : tdp2b, tdp2a
warning: more than one possible gene symbols found for group N1.HOG0015868 : dhrs11b.1, dhrs11b.2
warning: more than one possible gene symbols found for group N1.HOG0015874 : enam, cep20
warning: more than one possible gene symbols found for group N1.HOG0015880 : crygn2, crygn1
warning: more than one possible gene symbols found for group N1.HOG0015883 : btr02, loc110438607, si:dkey-120c6.5
warning: more than one possible gene symbols found for group N1.HOG0015886 : dmrt1, loc141375224
warning: more than one possible gene symbols found for group N1.HOG0015900 : lrrc4.1, lrrc4.2
warning: more than one possible gene symbols found for group N1.HOG0015901 : pamr1b, pamr1a
warning: more than one possible gene symbols found for group N1.HOG0015902 : gpr22b, gpr22a
warning: more than one possible gene symbols found for group N1.HOG0015914 : tacr1a, tacr1b
warning: more than one possible gene symbols found for group N1.HOG0015915 : loc141375239, loc141375240, loc141375241
warning: more than one possible gene symbols found for group N1.HOG0015923 : tpi1a, tpi1b
warning: more than one possible gene symbols found for group N1.HOG0015929 : rgs7bpb, rgs7bpa
warning: more than one possible gene symbols found for group N1.HOG0015936 : lrrc30a, loc100534875
warning: more than one possible gene symbols found for group N1.HOG0015937 : afp4, loc568656
warning: more than one possible gene symbols found for group N1.HOG0015938 : pcare1, pcare2
warning: more than one possible gene symbols found for group N1.HOG0015945 : slc16a3a, slc16a3b
warning: more than one possible gene symbols found for group N1.HOG0015954 : sertad2a, sertad2b
warning: more than one possible gene symbols found for group N1.HOG0015957 : pdgfab, pdgfaa
warning: more than one possible gene symbols found for group N1.HOG0015979 : pon1, pon3.1, pon3.2, pon2
warning: more than one possible gene symbols found for group N1.HOG0015980 : nkd2b, loc100500933
warning: more than one possible gene symbols found for group N1.HOG0015983 : si:dkey-121a11.3, si:ch211-13f8.1
warning: more than one possible gene symbols found for group N1.HOG0015987 : plpp7a, loc568758
warning: more than one possible gene symbols found for group N1.HOG0015988 : ptx3a, ptx3b
warning: more than one possible gene symbols found for group N1.HOG0015991 : ankrd6a, ankrd6b
warning: more than one possible gene symbols found for group N1.HOG0015993 : zgc:194392, si:dkey-126g1.9
warning: more than one possible gene symbols found for group N1.HOG0015995 : baxb, loc100534669
warning: more than one possible gene symbols found for group N1.HOG0016009 : znf395b, znf395a
warning: more than one possible gene symbols found for group N1.HOG0016023 : rrbp1a, rrbp1b
warning: more than one possible gene symbols found for group N1.HOG0016030 : loc100001805, pdzd4
warning: more than one possible gene symbols found for group N1.HOG0016038 : tmem182a, tmem182b
warning: more than one possible gene symbols found for group N1.HOG0016040 : loc137487485, loc100536524
warning: more than one possible gene symbols found for group N1.HOG0016057 : loc100534832, si:ch211-207l14.1
warning: more than one possible gene symbols found for group N1.HOG0016058 : loc141377979, loc141377982
warning: more than one possible gene symbols found for group N1.HOG0016074 : bub1ba, bub1bb
warning: more than one possible gene symbols found for group N1.HOG0016075 : zgc:136308, zgc:173577, zgc:173816, znf408, loc100148648, loc553509, zgc:158517, zmp:0000001003, loc103911361, loc108182329, loc101884473, loc101886578, loc101884528, loc798120, loc100536030, loc110437855, im:7157749, loc101882201, zgc:174623, loc100538333, znf1001, zgc:173517, loc101884644, loc101883486, loc137487210, zgc:113102, loc141375036, loc110439327, loc108182795, loc101882402, znf1005, zgc:113050, loc141385688
warning: more than one possible gene symbols found for group N1.HOG0016076 : gprin3a, gprin3b
warning: more than one possible gene symbols found for group N1.HOG0016080 : rnf180b, rnf180a
warning: more than one possible gene symbols found for group N1.HOG0016082 : cntnap5l, cntnap5b, cntnap5a
warning: more than one possible gene symbols found for group N1.HOG0016083 : faima, faimb
warning: more than one possible gene symbols found for group N1.HOG0016084 : si:ch211-240l19.5, si:ch211-240l19.6, si:ch211-240l19.8, si:ch211-240l19.7
warning: more than one possible gene symbols found for group N1.HOG0016094 : lepa, lepb
warning: more than one possible gene symbols found for group N1.HOG0016096 : zgc:174906, si:dkey-10c21.1
warning: more than one possible gene symbols found for group N1.HOG0016097 : sccpdha.1, sccpdhb, sccpdha.2
warning: more than one possible gene symbols found for group N1.HOG0016106 : si:ch211-27e6.1, pskh1
warning: more than one possible gene symbols found for group N1.HOG0016107 : arl4ca, arl4cb
warning: more than one possible gene symbols found for group N1.HOG0016110 : il11b, il11a
warning: more than one possible gene symbols found for group N1.HOG0016112 : zmp:0000001127, il12a
warning: more than one possible gene symbols found for group N1.HOG0016115 : zgc:153935, si:ch211-91p5.3
warning: more than one possible gene symbols found for group N1.HOG0016121 : cplx4b, cplx4c
warning: more than one possible gene symbols found for group N1.HOG0016130 : amy2al2, amy2a, amy2al1
warning: more than one possible gene symbols found for group N1.HOG0016139 : amigo3, loc110438334
warning: more than one possible gene symbols found for group N1.HOG0016143 : fstl1b, fstl1a
warning: more than one possible gene symbols found for group N1.HOG0016144 : si:ch211-28p3.4, loc108191962
warning: more than one possible gene symbols found for group N1.HOG0016145 : loc101886719, il21r.2
warning: more than one possible gene symbols found for group N1.HOG0016152 : calml4a, calml4b
warning: more than one possible gene symbols found for group N1.HOG0016168 : emd, si:ch211-150o23.2
warning: more than one possible gene symbols found for group N1.HOG0016175 : mapkapk2a, mapkapk2b
warning: more than one possible gene symbols found for group N1.HOG0016176 : tnni1d, tnni1c
warning: more than one possible gene symbols found for group N1.HOG0016181 : tp53inp2a, tp53inp2b
warning: more than one possible gene symbols found for group N1.HOG0016186 : ap2m1a, ap2m1b
warning: more than one possible gene symbols found for group N1.HOG0016200 : pde5ab, pde5aa
warning: more than one possible gene symbols found for group N1.HOG0016201 : eif3eb, eif3ea
warning: more than one possible gene symbols found for group N1.HOG0016204 : sc:d156, loc100535079, loc137488005, loc110438018
warning: more than one possible gene symbols found for group N1.HOG0016218 : loc101884228, gal3st3
warning: more than one possible gene symbols found for group N1.HOG0016219 : cbsb, cbsa
warning: more than one possible gene symbols found for group N1.HOG0016223 : nansb, nansa
warning: more than one possible gene symbols found for group N1.HOG0016256 : abcb6a, abcb6b
warning: more than one possible gene symbols found for group N1.HOG0016263 : ackr3b, ackr3a
warning: more than one possible gene symbols found for group N1.HOG0016264 : ppp1r14aa, ppp1r14ab
warning: more than one possible gene symbols found for group N1.HOG0016278 : cln6a, cln6b
warning: more than one possible gene symbols found for group N1.HOG0016320 : phyhiplb, phyhipla
warning: more than one possible gene symbols found for group N1.HOG0016321 : loc103908668, si:ch211-14i3.2
warning: more than one possible gene symbols found for group N1.HOG0016322 : loc100333265, f2rl2
warning: more than one possible gene symbols found for group N1.HOG0016329 : mpeg1.2, mpeg1.3, mpeg1.1, loc795715
warning: more than one possible gene symbols found for group N1.HOG0016346 : zgc:110782, zgc:101765
warning: more than one possible gene symbols found for group N1.HOG0016347 : atp1b3a, atp1b3b
warning: more than one possible gene symbols found for group N1.HOG0016348 : zgc:165573, si:ch211-160j14.2
warning: more than one possible gene symbols found for group N1.HOG0016355 : zgc:153738, drc11
warning: more than one possible gene symbols found for group N1.HOG0016358 : gja8a, gja8b
warning: more than one possible gene symbols found for group N1.HOG0016368 : txnipa, txnipb
warning: more than one possible gene symbols found for group N1.HOG0016392 : scocb, scoca
warning: more than one possible gene symbols found for group N1.HOG0016395 : snx9a, snx9b
warning: more than one possible gene symbols found for group N1.HOG0016400 : hcfc1b, hcfc1a
warning: more than one possible gene symbols found for group N1.HOG0016401 : sult1st5, loc103909689
warning: more than one possible gene symbols found for group N1.HOG0016414 : mfsd12b, mfsd12a
warning: more than one possible gene symbols found for group N1.HOG0016417 : s100v2, s100v1
warning: more than one possible gene symbols found for group N1.HOG0016423 : loc100005923, si:ch211-207i20.2, loc110439329, loc141381841, si:ch211-161m3.2
warning: more than one possible gene symbols found for group N1.HOG0016437 : si:dkey-33c12.12, htra2-3, loc797799, htra2-14, si:dkey-84o3.7, loc110438863, si:dkey-10b15.8, htra2-7, si:busm1-sl7.7, loc141376330, loc100333082, loc103911769, loc793521, htra2-10, loc100149563, htra2-6, loc799006, loc110438948, loc141374991, loc110437868, htra2-8, loc141374971, loc562245, loc141374974, si:busm1-sl7.2, loc103909414, loc110438950, loc100331451, loc141379961
warning: more than one possible gene symbols found for group N1.HOG0016460 : fip1l1b, fip1l1a
warning: more than one possible gene symbols found for group N1.HOG0016461 : hccsb, hccsa.1
warning: more than one possible gene symbols found for group N1.HOG0016463 : itln2, itln3, zgc:153219, si:ch211-194p6.8, loc799640, si:ch211-194p6.12, itln4, itln1
warning: more than one possible gene symbols found for group N1.HOG0016464 : si:ch211-229n2.6, si:ch211-229n2.7
warning: more than one possible gene symbols found for group N1.HOG0016473 : loc141378563, adgrg11
warning: more than one possible gene symbols found for group N1.HOG0016474 : loc103911493, loc141378482, loc101883444, loc110438436, loc137489735, loc103911301, loc141378484
warning: more than one possible gene symbols found for group N1.HOG0016478 : rhobtb2b, rhobtb2a
warning: more than one possible gene symbols found for group N1.HOG0016484 : loc103908820, loc101884208, loc137487683, si:dkey-65b12.12
warning: more than one possible gene symbols found for group N1.HOG0016498 : ctsll, si:dkey-26g8.5, zgc:174855, wu:fa26c03, si:dkey-269i1.4, zgc:174153, si:dkey-239j18.2, zgc:174154, ctslb.4, ctslb, si:dkey-239j18.3, ctsla, mgc174155, si:dkey-26g8.4
warning: more than one possible gene symbols found for group N1.HOG0016501 : mtnr1bb, mtnr1ba
warning: more than one possible gene symbols found for group N1.HOG0016506 : pam16, coro7
warning: more than one possible gene symbols found for group N1.HOG0016508 : cmasa, cmasb
warning: more than one possible gene symbols found for group N1.HOG0016512 : fth1b, fth1a
warning: more than one possible gene symbols found for group N1.HOG0016518 : ifng1r, ifng1
warning: more than one possible gene symbols found for group N1.HOG0016523 : si:dkey-83h2.2, gpr206, loc141378002, loc141378003, loc141378004, loc141378005
warning: more than one possible gene symbols found for group N1.HOG0016526 : zgc:162509, loc100149015
warning: more than one possible gene symbols found for group N1.HOG0016527 : si:ch211-12e13.12, si:ch211-12e13.1
warning: more than one possible gene symbols found for group N1.HOG0016535 : gpr34b, gpr34a
warning: more than one possible gene symbols found for group N1.HOG0016551 : stambpa, stambpb
warning: more than one possible gene symbols found for group N1.HOG0016553 : eif4g3a, eif4g3b
warning: more than one possible gene symbols found for group N1.HOG0016562 : tac3b, tac3a
warning: more than one possible gene symbols found for group N1.HOG0016563 : espn, loc137496308
warning: more than one possible gene symbols found for group N1.HOG0016588 : ak5l, ak5
warning: more than one possible gene symbols found for group N1.HOG0016601 : sub1a, sub1b
warning: more than one possible gene symbols found for group N1.HOG0016637 : tapbp.2, tapbp.1
warning: more than one possible gene symbols found for group N1.HOG0016638 : smdt1b, smdt1a
warning: more than one possible gene symbols found for group N1.HOG0016646 : mylkb, mylka
warning: more than one possible gene symbols found for group N1.HOG0016675 : vmo1b, vmo1a
warning: more than one possible gene symbols found for group N1.HOG0016676 : crb3a, crb3b
warning: more than one possible gene symbols found for group N1.HOG0016678 : mgst1.2, mgst1.1
warning: more than one possible gene symbols found for group N1.HOG0016694 : loc137491121, loc141381855
warning: more than one possible gene symbols found for group N1.HOG0016702 : si:dkeyp-84f3.9, si:ch73-347e22.4
warning: more than one possible gene symbols found for group N1.HOG0016712 : si:ch211-153f2.3, loc137488554
warning: more than one possible gene symbols found for group N1.HOG0016726 : mbd1b, mbd1a
warning: more than one possible gene symbols found for group N1.HOG0016728 : si:dkey-238i5.2, mymx
warning: more than one possible gene symbols found for group N1.HOG0016734 : eif3ja, eif3jb
warning: more than one possible gene symbols found for group N1.HOG0016735 : elocb, eloca
warning: more than one possible gene symbols found for group N1.HOG0016769 : loc559107, lct
warning: more than one possible gene symbols found for group N1.HOG0016772 : asgr1a, asgr1c.2
warning: more than one possible gene symbols found for group N1.HOG0016777 : vox, vent
warning: more than one possible gene symbols found for group N1.HOG0016780 : alox5a, alox5b.3, alox5b.2, alox5b.1
warning: more than one possible gene symbols found for group N1.HOG0016781 : sgms1a, sgms1b
warning: more than one possible gene symbols found for group N1.HOG0016797 : omg, loc137496603
warning: more than one possible gene symbols found for group N1.HOG0016799 : loc101885512, si:ch211-218c6.8
warning: more than one possible gene symbols found for group N1.HOG0016808 : sod3a, sod3b
warning: more than one possible gene symbols found for group N1.HOG0016822 : galca, galcb
warning: more than one possible gene symbols found for group N1.HOG0016823 : tac4, si:ch211-131k2.2
warning: more than one possible gene symbols found for group N1.HOG0016826 : nat8, loc100150906
warning: more than one possible gene symbols found for group N1.HOG0016828 : loc101883798, loc101886761, loc101885117, loc101884596, loc110439301, loc103909516, loc141381811
warning: more than one possible gene symbols found for group N1.HOG0016840 : shha, shhb
warning: more than one possible gene symbols found for group N1.HOG0016851 : fdx1b, fdx1
warning: more than one possible gene symbols found for group N1.HOG0016854 : adnp2b, adnp2a
warning: more than one possible gene symbols found for group N1.HOG0016862 : sorbs2b, sorbs2a
warning: more than one possible gene symbols found for group N1.HOG0016877 : lyrm4a, lyrm4
warning: more than one possible gene symbols found for group N1.HOG0016878 : nf1b, nf1a
warning: more than one possible gene symbols found for group N1.HOG0016889 : cnot4b, cnot4a
warning: more than one possible gene symbols found for group N1.HOG0016891 : slc16a9b, slc16a9a
warning: more than one possible gene symbols found for group N1.HOG0016902 : csf1b, csf1a
warning: more than one possible gene symbols found for group N1.HOG0016906 : rictorb, rictora
warning: more than one possible gene symbols found for group N1.HOG0016908 : faah2a, faah2b
warning: more than one possible gene symbols found for group N1.HOG0016909 : ptgfrnb, ptgfrna
warning: more than one possible gene symbols found for group N1.HOG0016932 : slc25a3a, slc25a3b
warning: more than one possible gene symbols found for group N1.HOG0016933 : cfbl, bfb, cfb
warning: more than one possible gene symbols found for group N1.HOG0016942 : zgc:171740, rffl
warning: more than one possible gene symbols found for group N1.HOG0016943 : si:ch211-197h24.9, si:ch211-197h24.8, loc103908936, loc141386324
warning: more than one possible gene symbols found for group N1.HOG0016944 : selenoo1, selenoo2
warning: more than one possible gene symbols found for group N1.HOG0016949 : igf2b, igf2a
warning: more than one possible gene symbols found for group N1.HOG0016953 : sipa1l2, loc100331556
warning: more than one possible gene symbols found for group N1.HOG0016971 : ankrd46a, ankrd46b
warning: more than one possible gene symbols found for group N1.HOG0016982 : fabp1b.1, fabp1a, fabp1b.2
warning: more than one possible gene symbols found for group N1.HOG0016983 : apoa1b, apoa1a
warning: more than one possible gene symbols found for group N1.HOG0016984 : bcl7bb, bcl7ba
warning: more than one possible gene symbols found for group N1.HOG0016993 : slc25a10b, slc25a10a
warning: more than one possible gene symbols found for group N1.HOG0017000 : si:ch211-214p13.9, loc137496448
warning: more than one possible gene symbols found for group N1.HOG0017001 : hecw1b, hecw1a
warning: more than one possible gene symbols found for group N1.HOG0017005 : si:ch211-171h4.6, si:ch73-160i9.3, si:ch73-160i9.2, si:ch73-160i9.1, si:dkey-211g8.1
warning: more than one possible gene symbols found for group N1.HOG0017013 : hmox2b, hmox2a
warning: more than one possible gene symbols found for group N1.HOG0017027 : zgc:195173, si:ch1073-406l10.2
warning: more than one possible gene symbols found for group N1.HOG0017030 : si:dkey-261e22.4, c25h12orf75
warning: more than one possible gene symbols found for group N1.HOG0017041 : edil3a, edil3b
warning: more than one possible gene symbols found for group N1.HOG0017042 : maf1a, maf1b
warning: more than one possible gene symbols found for group N1.HOG0017051 : nid2a, nid2b
warning: more than one possible gene symbols found for group N1.HOG0017052 : ppp1r8a, ppp1r8b
warning: more than one possible gene symbols found for group N1.HOG0017061 : si:dkey-22o12.2, zgc:162707
warning: more than one possible gene symbols found for group N1.HOG0017071 : rnf223, loc101882926
warning: more than one possible gene symbols found for group N1.HOG0017073 : serpinb1, serpinb1l2
warning: more than one possible gene symbols found for group N1.HOG0017079 : nabp1b, nabp2
warning: more than one possible gene symbols found for group N1.HOG0017102 : ncam2, zgc:152904
warning: more than one possible gene symbols found for group N1.HOG0017104 : plk2b, plk2a
warning: more than one possible gene symbols found for group N1.HOG0017124 : itm2ba, itm2bb
warning: more than one possible gene symbols found for group N1.HOG0017138 : phf21ab, phf21aa
warning: more than one possible gene symbols found for group N1.HOG0017149 : rps26, rps26l
warning: more than one possible gene symbols found for group N1.HOG0017164 : grem2b, grem2a
warning: more than one possible gene symbols found for group N1.HOG0017165 : mmrn2a, mmrn2b
warning: more than one possible gene symbols found for group N1.HOG0017184 : cd80/86, loc103908881
warning: more than one possible gene symbols found for group N1.HOG0017192 : nampt3.1, nampt3.2, nampt4.1
warning: more than one possible gene symbols found for group N1.HOG0017194 : loc101885280, loc110438244, loc137488235
warning: more than one possible gene symbols found for group N1.HOG0017209 : serpina1l, serpina1
warning: more than one possible gene symbols found for group N1.HOG0017210 : slc25a32b, slc25a32a
warning: more than one possible gene symbols found for group N1.HOG0017214 : psma2a, psma2b
warning: more than one possible gene symbols found for group N1.HOG0017218 : dennd2da, dennd2db
warning: more than one possible gene symbols found for group N1.HOG0017219 : ankef1a, ankef1b
warning: more than one possible gene symbols found for group N1.HOG0017229 : thy1, si:ch211-215c18.3
warning: more than one possible gene symbols found for group N1.HOG0017231 : prr15la, si:ch211-194k22.8
warning: more than one possible gene symbols found for group N1.HOG0017246 : kansl1b, kansl1a
warning: more than one possible gene symbols found for group N1.HOG0017248 : pparda, ppardb
warning: more than one possible gene symbols found for group N1.HOG0017252 : fndc3bb, fndc3ba
warning: more than one possible gene symbols found for group N1.HOG0017282 : fam78aa, fam78ab
warning: more than one possible gene symbols found for group N1.HOG0017292 : qdprb.1, qdprb.3, qdpra, qdprb.4, loc141385605
warning: more than one possible gene symbols found for group N1.HOG0017297 : dyrk1aa, dyrk1ab
warning: more than one possible gene symbols found for group N1.HOG0017302 : xkr8.2, loc100148479, xkr8.1, xkr8.4
warning: more than one possible gene symbols found for group N1.HOG0017308 : vps37bb, vps37ba
warning: more than one possible gene symbols found for group N1.HOG0017310 : zgc:114200, aph1b
warning: more than one possible gene symbols found for group N1.HOG0017318 : loc100334104, si:ch73-138e16.3, si:ch211-142b24.6, loc110439496, loc108183829, zgc:174646, loc100151503, loc110439614, loc137490860, loc103910470, loc137490864, loc108183657, loc137490880, loc110439458, znf977, si:ch211-229l10.11, loc137490926, loc137487296, loc137490929, loc101884367, loc103910593, loc110439488, loc137490971, loc137490972, loc137490985, loc137490994, loc137491028, loc137491029, loc137491033, loc137491037, znf1034, loc137491089, loc137491090, loc137487263, loc137491124, loc137491205, loc137491208, si:dkey-40j3.3, loc103910897, loc110439639, loc100005584, znf1024, loc137491196, loc110439424, loc110439432, loc137491225, loc110439473, loc137489712, loc137490091, loc101886712, loc137491238, loc137490980, loc137491414, loc137491242, loc141381677, loc141381678, loc103910518, loc137491026, loc137487246, loc108183686, loc101885668, loc100332035, loc137491443, loc108183820, loc137491087, loc108182721, loc137491233, loc137491034, loc110439499, loc141381816, loc108182508, loc137491107, loc137491239
warning: more than one possible gene symbols found for group N1.HOG0017335 : pald1b, pald1a
warning: more than one possible gene symbols found for group N1.HOG0017336 : snu13b, snu13a
warning: more than one possible gene symbols found for group N1.HOG0017337 : mapre1a, mapre1b
warning: more than one possible gene symbols found for group N1.HOG0017345 : specc1la, specc1lb
warning: more than one possible gene symbols found for group N1.HOG0017348 : grna.1, grna.2
warning: more than one possible gene symbols found for group N1.HOG0017353 : atp5meb, atp5mea
warning: more than one possible gene symbols found for group N1.HOG0017355 : arl15b, arl15a
warning: more than one possible gene symbols found for group N1.HOG0017383 : pla2g4f.1, pla2g4f.2
warning: more than one possible gene symbols found for group N1.HOG0017384 : si:ch211-212k18.8, si:ch211-212k18.9
warning: more than one possible gene symbols found for group N1.HOG0017387 : prrx1a, prrx1b
warning: more than one possible gene symbols found for group N1.HOG0017404 : cept1a, cept1b
warning: more than one possible gene symbols found for group N1.HOG0017407 : arih1, arih1l
warning: more than one possible gene symbols found for group N1.HOG0017415 : loc110437703, cuzd1.2, loc101886384
warning: more than one possible gene symbols found for group N1.HOG0017427 : tmem179aa, tmem179ab
warning: more than one possible gene symbols found for group N1.HOG0017435 : plscr3a, plscr3b
warning: more than one possible gene symbols found for group N1.HOG0017445 : mier3a, mier3b
warning: more than one possible gene symbols found for group N1.HOG0017446 : ewsr1a, zgc:113516, ewsr1b
warning: more than one possible gene symbols found for group N1.HOG0017451 : smarcad1a, smarcad1b
warning: more than one possible gene symbols found for group N1.HOG0017468 : rps8b, rps8a
warning: more than one possible gene symbols found for group N1.HOG0017476 : bmal1a, bmal1b
warning: more than one possible gene symbols found for group N1.HOG0017478 : fam210ab, fam210aa
warning: more than one possible gene symbols found for group N1.HOG0017480 : ompa, ompb
warning: more than one possible gene symbols found for group N1.HOG0017488 : lgals9l3, lgals9l4, lgals9l1, lgals9l5, lgals9l6
warning: more than one possible gene symbols found for group N1.HOG0017493 : helz2c, helz2a, loc141375293
warning: more than one possible gene symbols found for group N1.HOG0017499 : rabl6b, rabl6a
warning: more than one possible gene symbols found for group N1.HOG0017528 : clpxb, clpxa
warning: more than one possible gene symbols found for group N1.HOG0017531 : tmem264, loc100329773
warning: more than one possible gene symbols found for group N1.HOG0017540 : nfya, nfyal
warning: more than one possible gene symbols found for group N1.HOG0017549 : dusp23b, dusp23a
warning: more than one possible gene symbols found for group N1.HOG0017550 : adrb3a, adrb3b
warning: more than one possible gene symbols found for group N1.HOG0017560 : zgc:174935, si:ch73-347e22.8
warning: more than one possible gene symbols found for group N1.HOG0017565 : fbxo36b, fbxo36a
warning: more than one possible gene symbols found for group N1.HOG0017581 : thsd7ba, thsd7bb
warning: more than one possible gene symbols found for group N1.HOG0017586 : lrp1ba, lrp1bb
warning: more than one possible gene symbols found for group N1.HOG0017592 : sipa1l3, loc101882370
warning: more than one possible gene symbols found for group N1.HOG0017596 : ttbk1a, ttbk1b
warning: more than one possible gene symbols found for group N1.HOG0017600 : gbe1a, gbe1b
warning: more than one possible gene symbols found for group N1.HOG0017602 : tgfb1a, tgfb1b
warning: more than one possible gene symbols found for group N1.HOG0017633 : chtopb, chtopa
warning: more than one possible gene symbols found for group N1.HOG0017634 : ccdc127a, ccdc127b
warning: more than one possible gene symbols found for group N1.HOG0017642 : rreb1a, rreb1b
warning: more than one possible gene symbols found for group N1.HOG0017671 : cplx3a, cplx3b
warning: more than one possible gene symbols found for group N1.HOG0017680 : cbln2a, cbln2b
warning: more than one possible gene symbols found for group N1.HOG0017716 : lzts3a, lzts3b
warning: more than one possible gene symbols found for group N1.HOG0017748 : faub, faua
warning: more than one possible gene symbols found for group N1.HOG0017750 : plcb4a, plcb4b
warning: more than one possible gene symbols found for group N1.HOG0017751 : tpmt.2, tpmt.1
warning: more than one possible gene symbols found for group N1.HOG0017752 : tmem144a, tmem144b
warning: more than one possible gene symbols found for group N1.HOG0017772 : nudt3a, nudt3b
warning: more than one possible gene symbols found for group N1.HOG0017775 : cuedc1a, cuedc1b
warning: more than one possible gene symbols found for group N1.HOG0017776 : psmc1b, psmc1a
warning: more than one possible gene symbols found for group N1.HOG0017784 : oxr1b, oxr1a
warning: more than one possible gene symbols found for group N1.HOG0017794 : si:ch73-375g18.1, kif1ca
warning: more than one possible gene symbols found for group N1.HOG0017795 : jmjd1cb, jmjd1ca
warning: more than one possible gene symbols found for group N1.HOG0017814 : tsg101a, tsg101b
warning: more than one possible gene symbols found for group N1.HOG0017850 : stag1a, stag1b
warning: more than one possible gene symbols found for group N1.HOG0017851 : rnf128a, rnf128b
warning: more than one possible gene symbols found for group N1.HOG0017862 : abhd10b, abhd10a
warning: more than one possible gene symbols found for group N1.HOG0017863 : bada, badb
warning: more than one possible gene symbols found for group N1.HOG0017865 : ggact.2, ggact.1, ggact.3
warning: more than one possible gene symbols found for group N1.HOG0017877 : itga2.2, loc100333484
warning: more than one possible gene symbols found for group N1.HOG0017885 : tcerg1a, tcerg1b
warning: more than one possible gene symbols found for group N1.HOG0017892 : trhde.1, trhde.2
warning: more than one possible gene symbols found for group N1.HOG0017920 : pora, porb
warning: more than one possible gene symbols found for group N1.HOG0017928 : tlx3b, tlx3a
warning: more than one possible gene symbols found for group N1.HOG0017934 : lhfpl6, loc100334706
warning: more than one possible gene symbols found for group N1.HOG0017945 : senp6a, senp6b
warning: more than one possible gene symbols found for group N1.HOG0017963 : dhrs3a, dhrs3b
warning: more than one possible gene symbols found for group N1.HOG0017971 : eif3ha, eif3hb
warning: more than one possible gene symbols found for group N1.HOG0017980 : abcd3b, abcd3a
warning: more than one possible gene symbols found for group N1.HOG0017995 : dnai2a, dnai2b
warning: more than one possible gene symbols found for group N1.HOG0018004 : tor4aa, tor4ab
warning: more than one possible gene symbols found for group N1.HOG0018006 : nkl.4, nkl.3, nkl.1, nkl.2, gnly
warning: more than one possible gene symbols found for group N1.HOG0018011 : arhgap46a, arhgap46b
warning: more than one possible gene symbols found for group N1.HOG0018013 : dnai1.2, dnai1.1
warning: more than one possible gene symbols found for group N1.HOG0018036 : gtsf1, loc100535654
warning: more than one possible gene symbols found for group N1.HOG0018053 : rtn1a, rtn1b
warning: more than one possible gene symbols found for group N1.HOG0018070 : arxa, arxb
warning: more than one possible gene symbols found for group N1.HOG0018075 : prpf4ba, prpf4bb
warning: more than one possible gene symbols found for group N1.HOG0018079 : ppp1r14ba, ppp1r14bb
warning: more than one possible gene symbols found for group N1.HOG0018093 : sla1a, sla1b
warning: more than one possible gene symbols found for group N1.HOG0018100 : wdr48a, wdr48b
warning: more than one possible gene symbols found for group N1.HOG0018102 : snrpd3, snrpd3l
warning: more than one possible gene symbols found for group N1.HOG0018115 : cflarb, cflara
warning: more than one possible gene symbols found for group N1.HOG0018116 : tas2r203, tas2r201.1, tas2r3
warning: more than one possible gene symbols found for group N1.HOG0018145 : ndufab1a, ndufab1b
warning: more than one possible gene symbols found for group N1.HOG0018146 : zgc:153292, zgc:163143
warning: more than one possible gene symbols found for group N1.HOG0018150 : dnajb14, dnajb12b
warning: more than one possible gene symbols found for group N1.HOG0018156 : cnnm2a, cnnm2b
warning: more than one possible gene symbols found for group N1.HOG0018159 : ranbp3b, ranbp3a
warning: more than one possible gene symbols found for group N1.HOG0018182 : zgc:153990, zgc:113149
warning: more than one possible gene symbols found for group N1.HOG0018193 : cthrc1a, cthrc1b
warning: more than one possible gene symbols found for group N1.HOG0018198 : cyp27a1.4, cyp27a1.1, zgc:136333, cyp27a1.2
warning: more than one possible gene symbols found for group N1.HOG0018199 : tmeff2a, tmeff2b
warning: more than one possible gene symbols found for group N1.HOG0018205 : zbtb2b, zbtb2a
warning: more than one possible gene symbols found for group N1.HOG0018209 : dhrs13b.2, si:ch211-108p6.4
warning: more than one possible gene symbols found for group N1.HOG0018215 : mgat3a, mgat3b
warning: more than one possible gene symbols found for group N1.HOG0018226 : frs2b, frs2a
warning: more than one possible gene symbols found for group N1.HOG0018234 : sdhda, sdhdb
warning: more than one possible gene symbols found for group N1.HOG0018243 : sla2a, sla2b
warning: more than one possible gene symbols found for group N1.HOG0018256 : ccdc6a, ccdc6b
warning: more than one possible gene symbols found for group N1.HOG0018257 : gsto1, gsto2
warning: more than one possible gene symbols found for group N1.HOG0018258 : epas1b, epas1a
warning: more than one possible gene symbols found for group N1.HOG0018271 : adgrg1, loc563479
warning: more than one possible gene symbols found for group N1.HOG0018281 : hif1aa, hif1ab
warning: more than one possible gene symbols found for group N1.HOG0018287 : ncs1a, ncs1b
warning: more than one possible gene symbols found for group N1.HOG0018301 : htr5ab, htr5aa
warning: more than one possible gene symbols found for group N1.HOG0018308 : ankha, ankhb
warning: more than one possible gene symbols found for group N1.HOG0018310 : pxdc1a, pxdc1b
warning: more than one possible gene symbols found for group N1.HOG0018325 : tnfsf10l3, tnfsf10l
warning: more than one possible gene symbols found for group N1.HOG0018336 : loc100537502, loc137487230
warning: more than one possible gene symbols found for group N1.HOG0018342 : kat5a, kat5b
warning: more than one possible gene symbols found for group N1.HOG0018349 : tcirg1a, tcirg1b
warning: more than one possible gene symbols found for group N1.HOG0018351 : cryba2a, cryba2b
warning: more than one possible gene symbols found for group N1.HOG0018364 : p2ry2.3, p2ry2.2, p2ry2.1
warning: more than one possible gene symbols found for group N1.HOG0018377 : ppp2r1bb, ppp2r1ba
warning: more than one possible gene symbols found for group N1.HOG0018386 : gdpd3a, gdpd3b
warning: more than one possible gene symbols found for group N1.HOG0018392 : elfn1a, elfn1b
warning: more than one possible gene symbols found for group N1.HOG0018399 : fat1a, fat1b
warning: more than one possible gene symbols found for group N1.HOG0018427 : pus7l, loc137487282, loc100536109, loc110439356
warning: more than one possible gene symbols found for group N1.HOG0018435 : sbno2b, sbno2a
warning: more than one possible gene symbols found for group N1.HOG0018450 : bhlha9, loc101882251
warning: more than one possible gene symbols found for group N1.HOG0018456 : si:dkeyp-72h1.1, si:ch73-49p17.1
warning: more than one possible gene symbols found for group N1.HOG0018474 : niban1a, niban1b
warning: more than one possible gene symbols found for group N1.HOG0018481 : nr6a1b, nr6a1a
warning: more than one possible gene symbols found for group N1.HOG0018514 : loc101885757, loc101885452, loc141381306, loc101884593, loc101885631, loc137490174
warning: more than one possible gene symbols found for group N1.HOG0018517 : ecrg4a, ecrg4b
warning: more than one possible gene symbols found for group N1.HOG0018533 : cracr2b, loc141375045
warning: more than one possible gene symbols found for group N1.HOG0018559 : fam171a2b, fam171a2a
warning: more than one possible gene symbols found for group N1.HOG0018566 : ccdc187, ccdc50b
warning: more than one possible gene symbols found for group N1.HOG0018567 : uts2b, uts2a
warning: more than one possible gene symbols found for group N1.HOG0018587 : itpk1a, itpk1b
warning: more than one possible gene symbols found for group N1.HOG0018619 : fbxl7, si:dkey-192l18.9
warning: more than one possible gene symbols found for group N1.HOG0018628 : irs4a, irs4b
warning: more than one possible gene symbols found for group N1.HOG0018634 : gstk2, loc141378226
warning: more than one possible gene symbols found for group N1.HOG0018650 : trpc2b, trpc2a
warning: more than one possible gene symbols found for group N1.HOG0018658 : fgf18b, fgf18a
warning: more than one possible gene symbols found for group N1.HOG0018666 : asic4b, asic4a
warning: more than one possible gene symbols found for group N1.HOG0018681 : mipepa, mipepb
warning: more than one possible gene symbols found for group N1.HOG0018698 : pias4b, pias4a
warning: more than one possible gene symbols found for group N1.HOG0018705 : vapa, vapal
warning: more than one possible gene symbols found for group N1.HOG0018726 : prdm8b, prdm8a
warning: more than one possible gene symbols found for group N1.HOG0018727 : slc29a4a, slc29a4b
warning: more than one possible gene symbols found for group N1.HOG0018738 : draxina, draxinb
warning: more than one possible gene symbols found for group N1.HOG0018743 : loc553528, ociad1
warning: more than one possible gene symbols found for group N1.HOG0018747 : lft1, lft2
warning: more than one possible gene symbols found for group N1.HOG0018754 : pkhd1l1.2, pkhd1l1.1
warning: more than one possible gene symbols found for group N1.HOG0018779 : zgc:174698, zgc:66472, si:ch211-142b24.8, si:ch211-57b15.2, loc137490975, si:ch73-7i4.1, si:dkey-11l22.1, loc101885520
warning: more than one possible gene symbols found for group N1.HOG0018780 : loc100001991, adamts8a
warning: more than one possible gene symbols found for group N1.HOG0018786 : parvaa, parvab
warning: more than one possible gene symbols found for group N1.HOG0018789 : vcam1a, vcam1b
warning: more than one possible gene symbols found for group N1.HOG0018792 : stat4, loc137496497
warning: more than one possible gene symbols found for group N1.HOG0018798 : loc556707, mb21d2
warning: more than one possible gene symbols found for group N1.HOG0018804 : dnal4b, dnal4a
warning: more than one possible gene symbols found for group N1.HOG0018810 : aep1, jac10, jac6, jac9, jac11, jac4, ntrnl4, ntrnl3, jac3, zgc:172143, loc795232, jac1, ntrnl2, jac8, jac7, loc137496077
warning: more than one possible gene symbols found for group N1.HOG0018816 : ora3.1, loc100535282
warning: more than one possible gene symbols found for group N1.HOG0018828 : eps8b, eps8l2
warning: more than one possible gene symbols found for group N1.HOG0018840 : oit3, loc100538338
warning: more than one possible gene symbols found for group N1.HOG0018844 : pcgf5b, pcgf5a
warning: more than one possible gene symbols found for group N1.HOG0018850 : si:ch211-163l21.11, si:ch73-352p18.4
warning: more than one possible gene symbols found for group N1.HOG0018853 : oprl1, loc556532
warning: more than one possible gene symbols found for group N1.HOG0018865 : syt6a, syt6b
warning: more than one possible gene symbols found for group N1.HOG0018868 : plekhg5a, plekhg5b
warning: more than one possible gene symbols found for group N1.HOG0018879 : got2b, got2a
warning: more than one possible gene symbols found for group N1.HOG0018892 : loc101884359, insyn1
warning: more than one possible gene symbols found for group N1.HOG0018904 : tmem150aa, tmem150ab
warning: more than one possible gene symbols found for group N1.HOG0018907 : zbtb47b, zbtb47a
warning: more than one possible gene symbols found for group N1.HOG0018916 : otub1a, otub1b
warning: more than one possible gene symbols found for group N1.HOG0018920 : loc797658, rasgrp2
warning: more than one possible gene symbols found for group N1.HOG0018922 : senp3b, senp3a
warning: more than one possible gene symbols found for group N1.HOG0018924 : si:ch211-114c12.5, si:dkey-219e21.2
warning: more than one possible gene symbols found for group N1.HOG0018950 : mier1b, mier1a
warning: more than one possible gene symbols found for group N1.HOG0018960 : oxct1a, oxct1b
warning: more than one possible gene symbols found for group N1.HOG0018971 : rnf145b, rnf145a
warning: more than one possible gene symbols found for group N1.HOG0018992 : slc25a51b, slc25a51a
warning: more than one possible gene symbols found for group N1.HOG0019001 : tmem243a, tmem243b
warning: more than one possible gene symbols found for group N1.HOG0019009 : mknk2b, mknk2a
warning: more than one possible gene symbols found for group N1.HOG0019037 : tmem121aa, tmem121ab
warning: more than one possible gene symbols found for group N1.HOG0019046 : ganabb, ganaba
warning: more than one possible gene symbols found for group N1.HOG0019056 : ssrp1a, ssrp1b
warning: more than one possible gene symbols found for group N1.HOG0019061 : g3bp2b, g3bp2a
warning: more than one possible gene symbols found for group N1.HOG0019120 : cbll1, loc100002706
warning: more than one possible gene symbols found for group N1.HOG0019122 : nfybb, nfyba
warning: more than one possible gene symbols found for group N1.HOG0019139 : ppp4ca, ppp4cb
warning: more than one possible gene symbols found for group N1.HOG0019159 : bambib, bambia
warning: more than one possible gene symbols found for group N1.HOG0019169 : hsd3b1, hsd3b2
warning: more than one possible gene symbols found for group N1.HOG0019173 : gulp1b, gulp1a
warning: more than one possible gene symbols found for group N1.HOG0019176 : xkr5a, xkr5b
warning: more than one possible gene symbols found for group N1.HOG0019186 : suv39h1a, suv39h1b
warning: more than one possible gene symbols found for group N1.HOG0019200 : sqlea, sqleb
warning: more than one possible gene symbols found for group N1.HOG0019216 : acot9.2, acot9.1
warning: more than one possible gene symbols found for group N1.HOG0019221 : traf3ip2l, traf3ip2b
warning: more than one possible gene symbols found for group N1.HOG0019244 : otud5a, otud5b
warning: more than one possible gene symbols found for group N1.HOG0019268 : loc101884647, loc137489127
warning: more than one possible gene symbols found for group N1.HOG0019301 : wipf1a, wipf1b
warning: more than one possible gene symbols found for group N1.HOG0019306 : adam9b, loc141376768
warning: more than one possible gene symbols found for group N1.HOG0019312 : pdpk1a, pdpk1b
warning: more than one possible gene symbols found for group N1.HOG0019315 : msl1a, msl1b
warning: more than one possible gene symbols found for group N1.HOG0019323 : lipca, lipcb
warning: more than one possible gene symbols found for group N1.HOG0019367 : agtr1b, loc137487822
warning: more than one possible gene symbols found for group N1.HOG0019382 : tm4sf5, loc100002960
warning: more than one possible gene symbols found for group N1.HOG0019445 : f11r.2, f11r.1
warning: more than one possible gene symbols found for group N1.HOG0019460 : ppp1r9alb, ppp1r9ala
warning: more than one possible gene symbols found for group N1.HOG0019464 : tmem169a, tmem169b
warning: more than one possible gene symbols found for group N1.HOG0019465 : adam23a, adam23b
warning: more than one possible gene symbols found for group N1.HOG0019467 : mrasb, mrasa
warning: more than one possible gene symbols found for group N1.HOG0019470 : kdm7aa, kdm7ab
warning: more than one possible gene symbols found for group N1.HOG0019500 : golim4b, golim4a
warning: more than one possible gene symbols found for group N1.HOG0019506 : tmprss4a, tmprss4b
warning: more than one possible gene symbols found for group N1.HOG0019589 : ing5b, ing5a
warning: more than one possible gene symbols found for group N1.HOG0019601 : tmprss3b, tmprss3a
warning: more than one possible gene symbols found for group N1.HOG0019603 : pknox1.1, pknox1.2
warning: more than one possible gene symbols found for group N1.HOG0019629 : rnf207b, rnf207a
warning: more than one possible gene symbols found for group N1.HOG0019659 : zfpm2b, zfpm2a
warning: more than one possible gene symbols found for group N1.HOG0019734 : vopp1a, vopp1b
warning: more than one possible gene symbols found for group N1.HOG0019748 : si:ch211-191i18.4, si:ch211-191i18.2
warning: more than one possible gene symbols found for group N1.HOG0019797 : cpt1ab, cpt1aa
warning: more than one possible gene symbols found for group N1.HOG0019806 : foxn2b, foxn2a
warning: more than one possible gene symbols found for group N1.HOG0019895 : six4b, six4a
warning: more than one possible gene symbols found for group N1.HOG0019937 : sox19a, sox19b
warning: more than one possible gene symbols found for group N1.HOG0019985 : nrarpa, nrarpb
warning: more than one possible gene symbols found for group N1.HOG0020025 : dlx2b, dlx2a
warning: more than one possible gene symbols found for group N1.HOG0020026 : gmppab, gmppaa
warning: more than one possible gene symbols found for group N1.HOG0020030 : smarcal1, loc141376228
warning: more than one possible gene symbols found for group N1.HOG0020034 : nme9, loc141376229
warning: more than one possible gene symbols found for group N1.HOG0020077 : qpctla, qpctlb
warning: more than one possible gene symbols found for group N1.HOG0020080 : slc30a1b, slc30a1a
warning: more than one possible gene symbols found for group N1.HOG0020081 : eif2s1b, eif2s1a
warning: more than one possible gene symbols found for group N1.HOG0020139 : gna15.1, gna15.2
warning: more than one possible gene symbols found for group N1.HOG0020156 : loc141375071, srr
warning: more than one possible gene symbols found for group N1.HOG0020182 : ptpn23b, ptpn23a
warning: more than one possible gene symbols found for group N1.HOG0020191 : loc103910320, loc103910319
warning: more than one possible gene symbols found for group N1.HOG0020233 : spryd7b, spryd7a
warning: more than one possible gene symbols found for group N1.HOG0020237 : arglu1b, arglu1a
warning: more than one possible gene symbols found for group N1.HOG0020253 : hmgxb4a, hmgxb4b
warning: more than one possible gene symbols found for group N1.HOG0020377 : pbld, pbld2, loc137490478
warning: more than one possible gene symbols found for group N1.HOG0020384 : ambra1b, ambra1a
warning: more than one possible gene symbols found for group N1.HOG0020467 : si:ch73-103b11.2, loc101884217
warning: more than one possible gene symbols found for group N1.HOG0020557 : glcea, glceb
warning: more than one possible gene symbols found for group N1.HOG0020601 : si:ch211-79k12.2, si:ch73-138e16.8
warning: more than one possible gene symbols found for group N1.HOG0020610 : loc100332699, hdac9b
warning: more than one possible gene symbols found for group N1.HOG0020636 : cldn23.1, cldn23.2
warning: more than one possible gene symbols found for group N1.HOG0020679 : nfe2l2b, nfe2l2a
warning: more than one possible gene symbols found for group N1.HOG0020685 : chpfb, chpfa
warning: more than one possible gene symbols found for group N1.HOG0020696 : loc100536757, si:dkey-258f14.3
warning: more than one possible gene symbols found for group N1.HOG0020726 : fut8b, fut8a
warning: more than one possible gene symbols found for group N1.HOG0020743 : med19b, med19a
warning: more than one possible gene symbols found for group N1.HOG0020744 : fibpa, fibpb
warning: more than one possible gene symbols found for group N1.HOG0020767 : asah1a, asah1b
warning: more than one possible gene symbols found for group N1.HOG0020775 : eps15, loc141375603
warning: more than one possible gene symbols found for group N1.HOG0020805 : zbtb12.2, zbtb12.1
warning: more than one possible gene symbols found for group N1.HOG0020896 : lonrf1, loc567909
warning: more than one possible gene symbols found for group N1.HOG0020926 : slc9a3.2, slc9a3.1
warning: more than one possible gene symbols found for group N1.HOG0020929 : plac8.1, plac8.2
warning: more than one possible gene symbols found for group N1.HOG0020945 : socs5a, socs5b
warning: more than one possible gene symbols found for group N1.HOG0020957 : si:ch73-89b15.3, si:dkey-30c15.17
warning: more than one possible gene symbols found for group N1.HOG0020966 : dpydb, dpyda
warning: more than one possible gene symbols found for group N1.HOG0020972 : nrbf2a, nrbf2b
warning: more than one possible gene symbols found for group N1.HOG0020984 : smpd2b, smpd2a
warning: more than one possible gene symbols found for group N1.HOG0020999 : fkbp15b, fkbp15a
warning: more than one possible gene symbols found for group N1.HOG0021011 : si:ch211-222n4.2, loc101886239
warning: more than one possible gene symbols found for group N1.HOG0021050 : loc560232, si:ch211-22k7.9, si:dkey-156k2.1, si:dkey-7i4.1, si:dkey-59l11.10, loc567883, loc137489911, loc110438926, loc137490828, si:dkey-69c19.1, loc101885698, loc110439447, loc137490922, loc103910625, loc137490965, si:ch211-226o13.1, loc137491078, loc108183454, loc137491177, loc137491184, loc137491198, loc103910999, loc108183522, loc103911019, loc137491376, loc108184069, loc137491378, loc137491402, loc108183320, loc110439425, loc110439389, si:dkey-72l17.5, si:dkeyp-15a6.2, loc101882252, loc108184002, loc137491564, loc137491562, loc108183922, loc137490894, loc110437840, loc137491190, loc108183678, loc110438431, loc101885455, loc137491182, loc108183843, loc103909917, loc137491318, loc110439506, loc141381660, loc141381681, loc110438442, loc137491183, si:dkey-26m3.3, si:dkeyp-77c4.1, loc100536192, loc101885734, loc137491021, loc101886924, loc103910668, loc110439376, loc110439513, loc103910803, loc101882060, loc137487277, loc101886021, loc141381795, loc137489825, loc137491586
warning: more than one possible gene symbols found for group N1.HOG0021062 : comtb, comta
warning: more than one possible gene symbols found for group N1.HOG0021128 : plekhs1.2, plekhs1.3, plekhs1.1, plekhs1.4
warning: more than one possible gene symbols found for group N1.HOG0021162 : pm20d1.1, pm20d1.2
warning: more than one possible gene symbols found for group N1.HOG0021222 : ubl7a, ubl7b
warning: more than one possible gene symbols found for group N1.HOG0021318 : csf3r, loc137487869
warning: more than one possible gene symbols found for group N1.HOG0021371 : adamts12, loc137495556
warning: more than one possible gene symbols found for group N1.HOG0021383 : ogt.1, ogt.2
warning: more than one possible gene symbols found for group N1.HOG0021391 : dap1b, loc101885164
warning: more than one possible gene symbols found for group N1.HOG0021393 : xrcc5, loc141374965
warning: more than one possible gene symbols found for group N1.HOG0021552 : rpz3, rpz6
warning: more than one possible gene symbols found for group N1.HOG0021556 : retsat.2, retsat.1
warning: more than one possible gene symbols found for group N1.HOG0021630 : whr1, loc137487187
warning: more than one possible gene symbols found for group N1.HOG0021631 : akap1a, akap1b
warning: more than one possible gene symbols found for group N1.HOG0021643 : si:dkey-45k15.1, exoc3l4
warning: more than one possible gene symbols found for group N1.HOG0021743 : si:ch73-237c6.1, cfp
warning: more than one possible gene symbols found for group N1.HOG0021798 : polr2eb, polr2ea
warning: more than one possible gene symbols found for group N1.HOG0021803 : si:ch211-182p11.1, loc137489076, loc137496844, si:dkey-32n7.7, loc100149475, loc101882968, loc100332535, loc137496849, loc101886880, loc141380603, loc137489165, loc137489167, loc137489164, si:dkey-9l20.3, loc141380622, loc141380623, loc137489080, loc137489166, loc137489071, loc141380624, loc137489072, loc137489075, loc141380625, loc141380626
warning: more than one possible gene symbols found for group N1.HOG0021804 : zgc:112964, si:dkey-201i2.2, loc100536599, si:ch73-329n5.6, loc103910027, loc103910028, loc100536083, loc101883761, loc141376830, loc137496763, loc101882112, loc137496764, loc141376872, loc100148750, loc141376874
warning: more than one possible gene symbols found for group N1.HOG0021913 : qrfprb, qrfpra
warning: more than one possible gene symbols found for group N1.HOG0021993 : npc2.2, npc2.1
warning: more than one possible gene symbols found for group N1.HOG0022092 : cnr2, loc101885436
warning: more than one possible gene symbols found for group N1.HOG0022173 : dao.1, dao.2, dao.3
warning: more than one possible gene symbols found for group N1.HOG0022213 : ptpn4b, ptpn4a
warning: more than one possible gene symbols found for group N1.HOG0022293 : phkg1a, phkg1b
warning: more than one possible gene symbols found for group N1.HOG0022424 : pth1b, pth1a
warning: more than one possible gene symbols found for group N1.HOG0022464 : gpr161b, gpr161a
warning: more than one possible gene symbols found for group N1.HOG0022646 : slc39a8, loc103908772
warning: more than one possible gene symbols found for group N1.HOG0022733 : loc100001760, loc100002381, pimr67, pimr66, pimr65, loc100536890, pimr108, pimr98, pimr175, pimr168, pimr68, loc100006975, pimr88, pimr81, pimr80, loc108180115, pimr100, pimr211, loc562898, pimr71, loc792925, pimr214, loc103910699, loc100001608, pimr106, loc100001534, loc110438035, pimr179, loc100149959, loc137487295, loc108180740, pimr95, loc108181140, loc103910790, loc795971, loc137490007, zmp:0000000653, pimr105, loc137496311, loc110438057, loc110438059, loc141378530, loc141379079, loc141379080, loc110438150, pimr76, loc137488559, pimr82, pimr78, pimr75, pimr84, loc141379084, loc137488443, pimr92, loc570301, loc141380204, loc792997, loc792657, si:rp71-1l17.1, loc137490084, pimr169, pimr172, loc137487254, loc141381661, loc100537706, loc108190369, loc100537673
warning: more than one possible gene symbols found for group N1.HOG0022749 : mon1bb, mon1ba
warning: more than one possible gene symbols found for group N1.HOG0022757 : smug1, loc141376500
warning: more than one possible gene symbols found for group N1.HOG0022839 : six2b, six2a
warning: more than one possible gene symbols found for group N1.HOG0022901 : smc1al, smc1a
warning: more than one possible gene symbols found for group N1.HOG0022916 : pnpla1, loc137495934
warning: more than one possible gene symbols found for group N1.HOG0022952 : il1fma, si:ch73-226l13.2
warning: more than one possible gene symbols found for group N1.HOG0023006 : bbof1b, bbof1a
warning: more than one possible gene symbols found for group N1.HOG0023021 : lrrc49, loc103911683
warning: more than one possible gene symbols found for group N1.HOG0023022 : cpeb1a, cpeb1b
warning: more than one possible gene symbols found for group N1.HOG0023202 : c6.2, c6.1
warning: more than one possible gene symbols found for group N1.HOG0023486 : zgc:162331, si:ch211-242e8.1
warning: more than one possible gene symbols found for group N1.HOG0023755 : loc103908636, loc110439714
warning: more than one possible gene symbols found for group N1.HOG0023873 : si:dkeyp-13d11.2, loc108179210, loc141377624, loc141378618, loc141379492, loc137490011
warning: more than one possible gene symbols found for group N1.HOG0024204 : serf2b, serf2a
warning: more than one possible gene symbols found for group N1.HOG0024283 : leap2, si:dkey-22f5.9
warning: more than one possible gene symbols found for group N1.HOG0024310 : tmem107, tmem107l
warning: more than one possible gene symbols found for group N1.HOG0024433 : znf131, si:dkey-66i24.9
warning: more than one possible gene symbols found for group N1.HOG0024633 : cth, cthl
warning: more than one possible gene symbols found for group N1.HOG0024701 : vps72a, vps72b
warning: more than one possible gene symbols found for group N1.HOG0024865 : mrm3a, mrm3b
warning: more than one possible gene symbols found for group N1.HOG0024936 : foxp3a, foxp3b
warning: more than one possible gene symbols found for group N1.HOG0025091 : loc100001620, acy1
warning: more than one possible gene symbols found for group N1.HOG0025122 : cyp11a1.1, cyp11a1.2
warning: more than one possible gene symbols found for group N1.HOG0025348 : oxgr1a.1, loc110438836, oxgr1a.2, oxgr1a.3
warning: more than one possible gene symbols found for group N1.HOG0025403 : znf1010, si:dkey-30k6.5
warning: more than one possible gene symbols found for group N1.HOG0025723 : zgc:174972, tmem106c, loc141381073
warning: more than one possible gene symbols found for group N1.HOG0025731 : glipr1b, glipr1a
warning: more than one possible gene symbols found for group N1.HOG0025786 : gje1a, loc796202
warning: more than one possible gene symbols found for group N1.HOG0025817 : stab2, loc108179116
warning: more than one possible gene symbols found for group N1.HOG0025829 : loc101885707, loc141375244, loc141375243, si:ch211-285c6.2, loc101885962, si:ch211-217i17.1, si:ch211-285c6.3, loc100534694
warning: more than one possible gene symbols found for group N1.HOG0025866 : amn1, loc110438472
warning: more than one possible gene symbols found for group N1.HOG0026100 : si:dkey-81h8.1, si:dkey-7j14.5
warning: more than one possible gene symbols found for group N1.HOG0026189 : hbl4, hbl2, hbl1, mbl2
warning: more than one possible gene symbols found for group N1.HOG0026192 : si:dkey-15j16.3, si:dkey-192g7.3, si:dkey-15j16.6, loc103909728, loc137490192
warning: more than one possible gene symbols found for group N1.HOG0026203 : nlrp1, nlrb5, loc103910107, nlrp3l, si:ch211-66k16.2, loc101882795
warning: more than one possible gene symbols found for group N1.HOG0026254 : rasa1b, rasa1a
warning: more than one possible gene symbols found for group N1.HOG0026290 : hmgn1a, hmgn1b
warning: more than one possible gene symbols found for group N1.HOG0026385 : loc798445, casp17
warning: more than one possible gene symbols found for group N1.HOG0026428 : her3, loc108180270
warning: more than one possible gene symbols found for group N1.HOG0026495 : calhm2.1, calhm2.2
warning: more than one possible gene symbols found for group N1.HOG0026639 : pimr166, pimr141, pimr151, loc795526, pimr142, loc795662, loc795735, loc795802, loc100534990, pimr140, loc101883541, loc796099, loc568680, pimr147, pimr157, loc797120, loc797842, si:dkey-112g5.3, loc108192014, pimr156, pimr158, si:dkey-265c15.9, loc110438238, loc796922, pimr145, loc100333446, loc110438962, loc110438801, loc796257, loc110438804, pimr144, pimr167, pimr154, loc110438963, loc110438964, loc797340, pimr152, pimr148, loc110438859, loc103911669, loc141376424, loc141374981, pimr146, loc141375004, loc141377126, loc141377127, pimr161, loc141377129, loc141377131, loc141377132, loc141377135, loc141377136, loc141379956, loc137488857, pimr150, loc141379957, loc141379958, loc141379959, loc141379960, loc568866
warning: more than one possible gene symbols found for group N1.HOG0026698 : si:dkeyp-11e3.1, si:ch73-52f15.5
warning: more than one possible gene symbols found for group N1.HOG0026747 : loc100150106, loc799644, loc100002818, loc110438410, si:dkey-93l1.6, loc103909073, loc563925, loc101883222, loc108191530, loc110437887, loc110437995, loc566974, si:dkey-248f6.3, loc100150353, si:dkey-80c24.1, loc137489340, loc137489393, loc110438839, loc561456, loc103909832, loc566482, loc137494805, loc137495283, loc137495284, loc137495318, loc137495321, loc137495813, loc137496533, loc103908726, loc137496553, loc137496555, loc565709, loc137496617, loc100334422, loc103911713, loc103911717, loc110440082, loc137496866, loc100003556, loc141376299, loc137496623, loc100536098, si:ch211-57m13.9, loc565832, loc137490436, si:ch211-202m22.1, loc141377183, loc103908855, loc559991, loc137488236, loc107197950, loc110438404, loc141380915, loc141380916, loc141385699, loc137494821, loc141386173, loc137488004, loc141386309
warning: more than one possible gene symbols found for group N1.HOG0026826 : csmd1a, loc137490062
warning: more than one possible gene symbols found for group N1.HOG0026876 : sim1b, sim2
warning: more than one possible gene symbols found for group N1.HOG0026909 : si:ch211-66i15.4, loc110437716
warning: more than one possible gene symbols found for group N1.HOG0026952 : loc101882957, loc137496691
warning: more than one possible gene symbols found for group N1.HOG0027031 : opn1lw2, opn1lw1
warning: more than one possible gene symbols found for group N1.HOG0027078 : loc100333000, loc100006870, loc141378303, loc141378304
warning: more than one possible gene symbols found for group N1.HOG0027102 : ccl27b, ccl27a
warning: more than one possible gene symbols found for group N1.HOG0027111 : loc100534830, loc110439400
warning: more than one possible gene symbols found for group N1.HOG0027156 : si:dkey-85k15.4, si:dkey-85k15.6
warning: more than one possible gene symbols found for group N1.HOG0027189 : gpr132b, gpr132a
warning: more than one possible gene symbols found for group N1.HOG0027197 : loc141376258, loc141377825
warning: more than one possible gene symbols found for group N1.HOG0027203 : mt2, mtbl
warning: more than one possible gene symbols found for group N1.HOG0027293 : si:dkey-88p24.11, zgc:193742
warning: more than one possible gene symbols found for group N1.HOG0027349 : zgc:64065, loc100151335
warning: more than one possible gene symbols found for group N1.HOG0027358 : si:ch211-67e16.3, loc141375030
warning: more than one possible gene symbols found for group N1.HOG0027377 : sprn2, prnpa
warning: more than one possible gene symbols found for group N1.HOG0027391 : si:ch73-288o11.4, loc108179705
warning: more than one possible gene symbols found for group N1.HOG0027414 : loc110437947, loc141375502
warning: more than one possible gene symbols found for group N1.HOG0027421 : loc101883422, loc103911582, loc101885872, loc108183291, loc108179167, loc103908713, loc137487691, loc137488037, loc137488087, loc137488153, loc137488657, loc137488716, loc103909759, loc137489267, loc137489751, loc137489850, loc798495, loc137490369, loc141375944, loc141376408, loc137488072, loc141378541, loc141378550, si:ch211-199m3.1, si:dkey-65b13.8, si:dkey-6f10.3, loc141379319, loc141379323, loc110438435, loc137489880, loc141379325, loc141379327, loc141379328, loc141379330, loc141379331, loc101884880, loc110438164, loc141379333, loc141379334, loc141379335, loc110438473, loc141379496, loc141385640, loc141386251
warning: more than one possible gene symbols found for group N1.HOG0027455 : zgc:154125, loc570021
warning: more than one possible gene symbols found for group N1.HOG0027458 : loc101885445, loc101885506, loc101884583, loc141378346
warning: more than one possible gene symbols found for group N1.HOG0027488 : loc100330348, loc100330485, si:dkey-7i4.24, loc101885752, loc141380782, loc101883268, loc799914
warning: more than one possible gene symbols found for group N1.HOG0027499 : st8sia7.1, st8sia7.2
warning: more than one possible gene symbols found for group N1.HOG0027540 : loc141376261, loc141376833
warning: more than one possible gene symbols found for group N1.HOG0027542 : zgc:171534, si:ch211-165i18.2, loc100150882, loc108180725, loc141380143, loc141380144, loc141381091, si:ch73-144l3.2, loc110438970, loc100333266
warning: more than one possible gene symbols found for group N1.HOG0027571 : loc108190350, loc137495822
warning: more than one possible gene symbols found for group N1.HOG0027579 : si:dkey-37m8.3, loc110439848, loc137488956, loc137488982, loc137488983, loc137488987, loc137489025, loc137489026, loc137488986, loc137488985, loc137490613, loc137496315, loc137496673, loc137490420, loc141375427, loc141375428, loc137496313, loc137496314, loc137496295, loc137496292, loc137496316, loc141375878, loc141376527, loc141376529, loc141376530, loc141376535, loc137496750, loc110440124, loc141376536, loc141376537, loc137496637, loc137496751, loc137488981, loc141380224, loc141380225, loc141380226, loc141380267
warning: more than one possible gene symbols found for group N1.HOG0027605 : sh2d4bb, sh2d4ba
warning: more than one possible gene symbols found for group N1.HOG0027624 : pimr109, pimr110, pimr128, pimr212, pimr113, loc797974, pimr124, pimr117, pimr119, pimr118, pimr213, pimr136, pimr130, loc560496, pimr123, pimr120, loc100536547, pimr127, si:ch211-122l14.7, si:ch211-122l14.5, si:ch1073-526c11.3, pimr210, loc141377552, loc141374988, pimr135, pimr133, pimr132, pimr129, loc108180288, pimr115, loc798107, loc108180340, pimr134, pimr138, pimr122
warning: more than one possible gene symbols found for group N1.HOG0027635 : loc141385711, loc100534861
warning: more than one possible gene symbols found for group N1.HOG0027669 : si:dkey-61p9.9, loc108183674, loc100536766, loc108183940, loc103910467, loc110439426, loc110439483, loc103910704, si:ch211-199m9.3, loc137491583, si:dkey-233e3.2, si:dkeyp-4c4.1, loc108183844, loc108183680, si:dkeyp-123a12.2, loc137491179, loc141381645, loc137491167, loc137490923, loc108183450, si:ch211-271g18.1, loc108183681, loc100007791, loc137491181, loc137489757, loc137491180, loc101882744, loc100331072, si:dkey-124l13.1, loc110438218, loc100331532, loc799502, loc141381979
warning: more than one possible gene symbols found for group N1.HOG0027680 : loc101882843, loc100148254, loc141380213, loc141380217, loc141380218, loc141380219
warning: more than one possible gene symbols found for group N1.HOG0027687 : loc101885342, si:ch211-151m7.3, loc101884966, loc103909000, pimr201, loc137495620, loc137495622, loc103908992, loc110439018, loc141374996, loc108179664, loc137487940, loc141378256, loc137487942, loc141378258, loc141378260, loc141378263, loc141378264, loc141378265, loc141378266, loc141378267, loc141378268, loc141378269, loc141378270, loc141378271, loc141378272, loc141378273, loc141378274, loc141378276, loc103908954, loc137490154, loc137490152
warning: more than one possible gene symbols found for group N1.HOG0027712 : hspa12a.3, hspa12a.2
warning: more than one possible gene symbols found for group N1.HOG0027734 : loc110438304, loc137487941, loc797378, loc110438303, loc110438663, loc103908994, loc103911664, loc110438021, loc137488006, loc141375040, loc141375026, loc141378245, loc141375033, loc101885829, loc141378251, loc141378252, loc141378253, loc141378254, loc141378255, loc101885930, loc137487301, loc141378275, loc108179511, loc110438302, loc141380277, loc110438664, loc799924, loc110439824, loc100001405, loc137495534
warning: more than one possible gene symbols found for group N1.HOG0027810 : sox21a, loc103910042
warning: more than one possible gene symbols found for group N1.HOG0027828 : loc110438438, loc108191324, loc101884148, loc101882911, loc101884351, loc101884425, loc101884483, loc141379337, loc101882847, loc137489722, loc141375064, loc101883110, loc100535131, loc141379342, loc141379343, loc141379345, loc137488664, loc141379346, loc141379348, loc141379349, loc141379352, loc137488592, loc141380292, loc101887131
warning: more than one possible gene symbols found for group N1.HOG0027830 : loc108190615, si:ch211-209f23.7, si:dkey-69c1.1, loc110440058, loc101882704, loc137487397, si:ch211-209f23.3, loc137488218, loc137489265, loc137489752, loc137490398, loc108191718, loc137490694, loc137490695, loc137490696, loc137495268, loc137495269, loc137495877, loc137496099, loc137496547, loc137496621, loc141376117, loc141376447, loc110440057, loc137496867, loc141377530, loc141375073
warning: more than one possible gene symbols found for group N1.HOG0027850 : cd180, tlr4al, tlr4bb, tlr4ba
warning: more than one possible gene symbols found for group N1.HOG0027911 : defbl2, defbl3
warning: more than one possible gene symbols found for group N1.HOG0027945 : itgae.2, itgae.1
warning: more than one possible gene symbols found for group N1.HOG0027959 : loc108191666, si:ch73-106k19.5, si:ch73-106k19.8
warning: more than one possible gene symbols found for group N1.HOG0028048 : teni.1, teni.2
warning: more than one possible gene symbols found for group N1.HOG0028095 : zgc:171310, loc103908610, loc101887118, loc797383, loc110438089, loc110437816, loc559538, loc137487251, loc137488223, loc108179972, loc108179987, loc110437833, loc137487222, loc101883236, loc110437791, si:ch73-190f9.4, loc101882892, loc137487250, loc137488869, loc103909470
warning: more than one possible gene symbols found for group N1.HOG0028115 : loc101886091, loc108180718, sycn.1
warning: more than one possible gene symbols found for group N1.HOG0028198 : loc100538256, si:dkey-249d8.1
warning: more than one possible gene symbols found for group N1.HOG0028262 : loc141376093, loc141376177, loc141376446, loc141377481, kcnj13, loc141377980, loc141378189, loc141378348, loc141378753, loc141379056, loc141379832, loc141380602, loc141380789, loc141380870, loc137487595, loc141384843, loc141386271
warning: more than one possible gene symbols found for group N1.HOG0028283 : si:dkey-111e8.4, si:dkey-111e8.2
warning: more than one possible gene symbols found for group N1.HOG0028321 : zgc:174288, loc100330706, loc792627, loc100537032, znf1186, im:7151441, loc101885586, loc141378387, loc108179102, zgc:113443, loc137490252, zgc:110249, loc108179097, loc141381077, loc101884857
warning: more than one possible gene symbols found for group N1.HOG0028385 : cyp2aa4, zgc:101048, cyp2aa8, cyp2aa1, cyp2aa2, cyp2aa9, cyp2aa12, cyp2aa7, cyp2aa6, cyp2aa3, cyp2aa11
warning: more than one possible gene symbols found for group N1.HOG0028393 : si:dkey-199f5.7, loc100151028, loc100330743, loc110438987, loc137487834, loc137487854, loc137487862, loc137487956, loc137487963, loc137488100, loc137488103, loc137490522, loc141378300, si:dkey-199f5.3, loc137487851
warning: more than one possible gene symbols found for group N1.HOG0028394 : si:dkey-42l23.4, si:dkey-42l23.5, si:dkey-117a8.1, si:dkey-42l23.7, loc110437916, loc137487693, loc137487697, loc137487698, loc137487699, loc137487700, loc100331422, si:ch211-137j23.9, loc137487694, loc137487696, loc141377901
warning: more than one possible gene symbols found for group N1.HOG0028438 : ssuh2.2, ssuh2.3, ssuh2.4
warning: more than one possible gene symbols found for group N1.HOG0028469 : clca5.2, loc101886645, clca1
warning: more than one possible gene symbols found for group N1.HOG0028475 : cysltr2a, cysltr2b
warning: more than one possible gene symbols found for group N1.HOG0028580 : loc141376773, loc141380211, loc141381659, loc137491401
warning: more than one possible gene symbols found for group N1.HOG0028586 : loc108190948, loc110438803, loc137496355, loc137496318, loc141375630, loc137490324, loc137496354, loc101882978, loc137496317, loc137496353, loc137496359, loc108190952
warning: more than one possible gene symbols found for group N1.HOG0028587 : si:dkeyp-73d8.6, si:dkeyp-73d8.9, si:dkeyp-73d8.8
warning: more than one possible gene symbols found for group N1.HOG0028613 : loc141376402, loc101884045
warning: more than one possible gene symbols found for group N1.HOG0028647 : zgc:194101, si:ch211-217k17.12, si:ch211-217k17.11, si:ch211-217k17.10
warning: more than one possible gene symbols found for group N1.HOG0028676 : zgc:172131, loc137495367
warning: more than one possible gene symbols found for group N1.HOG0028684 : loc110438775, loc137490286, loc137490288, loc110438780, loc137496078, loc100000086, loc110439908, loc100538327, loc108190784, loc137490677, loc137496096, si:dkey-58i8.5
warning: more than one possible gene symbols found for group N1.HOG0028685 : pimr187, pimr186, pimr188, loc101883933, loc110437906, loc110440002, pimr190, loc108191007, loc108191006, loc137496390, loc137496391, si:ch211-198e20.10
warning: more than one possible gene symbols found for group N1.HOG0028686 : zgc:171977, zgc:173856, zgc:171750, zgc:171474, zgc:152652, wu:fi42e03, si:ch211-146l10.7, si:ch211-146l10.8, loc100537597, loc137496707, loc137496708, zgc:173544
warning: more than one possible gene symbols found for group N1.HOG0028715 : loc103908930, zgc:92590
warning: more than one possible gene symbols found for group N1.HOG0028719 : hoxd13a, hoxc13b
warning: more than one possible gene symbols found for group N1.HOG0028801 : nos2b, nos2a
warning: more than one possible gene symbols found for group N1.HOG0028821 : znfl1b, znfl1g, znfl1, loc141379365, loc141380470
warning: more than one possible gene symbols found for group N1.HOG0028833 : loc108180292, si:ch211-221n20.1, loc110438207, loc137488602, loc101885094, loc137488706, loc137488718, loc110438205, loc141379467, loc141379468, loc137488719
warning: more than one possible gene symbols found for group N1.HOG0028963 : slco1f4, loc100536648, slco1f3, slco1f2, slco1f1, loc100334356
warning: more than one possible gene symbols found for group N1.HOG0028979 : pimr195, pimr193, loc137487769, loc137490188, pimr197, pimr199, loc137487459, loc137487771, loc141386212, loc137490187
warning: more than one possible gene symbols found for group N1.HOG0028980 : loc100007781, loc137487923, loc137487971, loc137487973, loc561283, loc100007785, loc561147, loc141378086, loc137487497, loc137487498
warning: more than one possible gene symbols found for group N1.HOG0028981 : nkd3l, nkd3, si:ch211-255a21.2, loc100330546, si:ch211-230g14.3, loc100151089, loc796282, loc141378422, loc141378579, loc141385839
warning: more than one possible gene symbols found for group N1.HOG0028982 : loc100332973, si:dkey-249p7.4, loc137496156, loc101884685, nitr7a, loc137496653, loc137496652, loc137496702, loc141376621, loc137487530
warning: more than one possible gene symbols found for group N1.HOG0029113 : si:ch211-222e20.7, si:ch211-222e20.4
warning: more than one possible gene symbols found for group N1.HOG0029121 : tor1l1, tor1l2, tor1l3, loc141380540
warning: more than one possible gene symbols found for group N1.HOG0029140 : loc572225, si:ch211-191d2.2, si:ch73-221f6.1, loc108190731, loc108190743, loc141375395, loc141375508, zgc:174890, zgc:174928
warning: more than one possible gene symbols found for group N1.HOG0029141 : loc100535857, si:dkey-208k4.3, loc137489105, si:ch211-11n16.3, loc101882499, loc110439324, si:ch211-198g14.4, loc110438038, loc141385738
warning: more than one possible gene symbols found for group N1.HOG0029143 : zgc:165539, zgc:173770, wu:fi09b08, si:dkey-172k15.19, loc108191474, loc100332822, zgc:173837, loc131384668, loc141381803
warning: more than one possible gene symbols found for group N1.HOG0029144 : loc100333749, loc108179554, loc110437962, loc137487864, loc137487866, loc141375554, loc110437964, loc108179555, loc141378135
warning: more than one possible gene symbols found for group N1.HOG0029241 : si:ch211-113a14.25, si:ch211-113a14.29
warning: more than one possible gene symbols found for group N1.HOG0029322 : loc100334176, loc100334305, loc137496014, loc100151165, loc100149931
warning: more than one possible gene symbols found for group N1.HOG0029341 : loc137488033, loc137488157, loc137488032, loc137488034, loc137489145, loc137489149, loc141380555, loc137489062
warning: more than one possible gene symbols found for group N1.HOG0029342 : f2r2.2, si:dkey-163m14.2, si:dkey-163m14.6, loc794215, f2r2.1, loc100149161, loc799156, loc137488781
warning: more than one possible gene symbols found for group N1.HOG0029553 : zgc:165582, loc100150142
warning: more than one possible gene symbols found for group N1.HOG0029595 : loc141375082, loc141375500, loc101884693, loc141376255, loc141377962, loc141377963, loc141377975
warning: more than one possible gene symbols found for group N1.HOG0029596 : dio3b, dio3a
warning: more than one possible gene symbols found for group N1.HOG0029597 : or61c2, or61c1, or61a1, or61b1, or61c3
warning: more than one possible gene symbols found for group N1.HOG0029716 : loc101882805, loc141385561
warning: more than one possible gene symbols found for group N1.HOG0029865 : zgc:113442, zgc:158417
warning: more than one possible gene symbols found for group N1.HOG0029926 : ggt1l2.2, si:dkey-222h21.12, ggt1l2.1, si:ch73-236c18.3, si:ch73-59p9.2, loc103909498
warning: more than one possible gene symbols found for group N1.HOG0029927 : ftr50, loc100330744, loc141381089, loc100001589, ftr43, ftr46
warning: more than one possible gene symbols found for group N1.HOG0029928 : loc141375599, loc103911487, loc141375600, loc141375601, loc141375602, loc141385652
warning: more than one possible gene symbols found for group N1.HOG0029929 : zgc:123103, si:dkey-228a15.1, si:dkey-183k8.2, zgc:103438, si:dkey-267n13.1, loc100332358
warning: more than one possible gene symbols found for group N1.HOG0029930 : cd209, loc101882781, loc103911722, loc141376300, loc141376302, loc141376303
warning: more than one possible gene symbols found for group N1.HOG0029931 : ftr76, ftr73, ftr88, loc110437702, ftr72, ftr91
warning: more than one possible gene symbols found for group N1.HOG0029932 : loc606627, si:dkey-34o23.3, loc141375069, loc141378674, loc141378675, loc141378676
warning: more than one possible gene symbols found for group N1.HOG0030052 : loc101883270, loc101885037
warning: more than one possible gene symbols found for group N1.HOG0030310 : nitr6a, nitr6b, loc137496253
warning: more than one possible gene symbols found for group N1.HOG0030343 : loc100149190, loc100331338, loc101882698, loc101882750
warning: more than one possible gene symbols found for group N1.HOG0030408 : loc100538151, loc100002591, loc137487402, loc553316
warning: more than one possible gene symbols found for group N1.HOG0030409 : loc141375145, loc141378814, loc141380733, loc141381310, loc141385610
warning: more than one possible gene symbols found for group N1.HOG0030410 : loc100148951, loc137489161, loc560947, si:ch211-271e10.1, loc799523
warning: more than one possible gene symbols found for group N1.HOG0030411 : loc103911752, loc101882864, loc141376391, loc141376392
warning: more than one possible gene symbols found for group N1.HOG0030616 : loc108179113, loc560949, loc100329772
warning: more than one possible gene symbols found for group N1.HOG0031141 : si:ch73-196i15.3, loc108179096, loc137487313, loc110440008
warning: more than one possible gene symbols found for group N1.HOG0031142 : loc141376422, loc141377125, loc110437862, loc141377128
warning: more than one possible gene symbols found for group N1.HOG0031143 : loc100535622, loc100535592, loc141376723, loc141376729
warning: more than one possible gene symbols found for group N1.HOG0031144 : loc100005356, loc108191752, loc103911956, loc137496779
warning: more than one possible gene symbols found for group N1.HOG0031145 : si:ch73-367f21.6, zgc:162972, si:ch1073-127d16.1, si:ch73-367f21.4
warning: more than one possible gene symbols found for group N1.HOG0031146 : si:ch1073-263o8.2, si:ch211-263m18.4, wu:fi34e01, si:dkey-229d11.5
warning: more than one possible gene symbols found for group N1.HOG0031147 : loc141380719, loc141380721, loc141380722, loc141380723
warning: more than one possible gene symbols found for group N1.HOG0032256 : wu:fa03e10, loc137496010, loc100538177
warning: more than one possible gene symbols found for group N1.HOG0032257 : loc141381093, loc141381090, loc101885345
warning: more than one possible gene symbols found for group N1.HOG0032260 : loc137495521, loc137495624
warning: more than one possible gene symbols found for group N1.HOG0032261 : si:dkey-187j14.6, loc137496084, loc141375232
warning: more than one possible gene symbols found for group N1.HOG0032262 : pimr93, loc141374972, loc137490405
warning: more than one possible gene symbols found for group N1.HOG0032263 : timp4.1, timp4.2, timp4.3
warning: more than one possible gene symbols found for group N1.HOG0032264 : si:ch211-175m2.4, si:ch211-135n15.2, loc108179661
warning: more than one possible gene symbols found for group N1.HOG0032265 : si:ch1073-340i21.3, wu:fb18f06, si:ch1073-340i21.1
warning: more than one possible gene symbols found for group N1.HOG0032266 : loc141378719, loc137489298, loc141378072
warning: more than one possible gene symbols found for group N1.HOG0032267 : loc110438796, loc137487344, loc110437852
warning: more than one possible gene symbols found for group N1.HOG0032268 : loc797305, loc559142, loc100535229
warning: more than one possible gene symbols found for group N1.HOG0032269 : si:rp71-15k1.1, si:ch211-288g17.4, si:ch73-15n24.1
warning: more than one possible gene symbols found for group N1.HOG0032270 : loc137489182, loc137489179, loc137489180
warning: more than one possible gene symbols found for group N1.HOG0032271 : tgm1l2, tgm1l3, tgm1l6
warning: more than one possible gene symbols found for group N1.HOG0032272 : loc137489063, si:ch73-160p18.3, loc108179134
warning: more than one possible gene symbols found for group N1.HOG0035066 : si:ch211-71m22.3, si:ch73-170d6.4
warning: more than one possible gene symbols found for group N1.HOG0035067 : loc141377647, loc141375916
warning: more than one possible gene symbols found for group N1.HOG0035068 : loc141379224, loc137491295
warning: more than one possible gene symbols found for group N1.HOG0035069 : loc101883776, loc141381128
warning: more than one possible gene symbols found for group N1.HOG0035070 : loc141381262, loc141385601
warning: more than one possible gene symbols found for group N1.HOG0035071 : si:cabz01069013.3, si:cabz01069015.1
warning: more than one possible gene symbols found for group N1.HOG0035073 : loc101883779, si:ch73-299h12.9
warning: more than one possible gene symbols found for group N1.HOG0035074 : loc101886910, cst14b.2
warning: more than one possible gene symbols found for group N1.HOG0035075 : loc141386272, loc141380830
warning: more than one possible gene symbols found for group N1.HOG0035077 : loc101886505, loc110438063
warning: more than one possible gene symbols found for group N1.HOG0035078 : loc141376367, loc141376365
warning: more than one possible gene symbols found for group N1.HOG0035079 : loc141376276, loc137489910
warning: more than one possible gene symbols found for group N1.HOG0035080 : krt95, si:ch211-156l18.7
warning: more than one possible gene symbols found for group N1.HOG0035081 : loc562542, loc100332446
warning: more than one possible gene symbols found for group N1.HOG0035082 : ftr69, ftr70
warning: more than one possible gene symbols found for group N1.HOG0035083 : ftr81, ftr80
warning: more than one possible gene symbols found for group N1.HOG0035084 : loc141377147, loc137487333
warning: more than one possible gene symbols found for group N1.HOG0035088 : pimr209, loc101884995
warning: more than one possible gene symbols found for group N1.HOG0035089 : gstk1, gstk4
warning: more than one possible gene symbols found for group N1.HOG0035090 : loc141378726, loc137488271
warning: more than one possible gene symbols found for group N1.HOG0035091 : loc100150342, ftr79
warning: more than one possible gene symbols found for group N1.HOG0035092 : loc141379833, loc141380035
warning: more than one possible gene symbols found for group N1.HOG0035093 : loc101883468, loc101884484
warning: more than one possible gene symbols found for group N1.HOG0035096 : ftr61, loc100006839
warning: more than one possible gene symbols found for group N1.HOG0047174 : si:dkey-34d22.2, cdc42l2, rac1l
warning: more than one possible gene symbols found for group N1.HOG0047175 : ftr93, loc100005516, loc137495879, ftr63
warning: more than one possible gene symbols found for group N1.HOG0047176 : zgc:172090, loc100148237, loc141380846, irgf4, loc110439949
warning: more than one possible gene symbols found for group N1.HOG0047177 : trim35-1, trim35-40, trim35-27, si:ch211-14a17.10
warning: more than one possible gene symbols found for group N1.HOG0047178 : pard6ga, pals1b, pdzd7b
warning: more than one possible gene symbols found for group N1.HOG0047179 : zgc:165555, hist1h4l, si:ch211-113a14.6, si:ch73-36p18.4
warning: more than one possible gene symbols found for group N1.HOG0047180 : si:ch211-176g13.8, nck1a
warning: more than one possible gene symbols found for group N1.HOG0047181 : cldn11b, cldn15b
warning: more than one possible gene symbols found for group N1.HOG0047183 : gna15.3, loc797518, gna15.4
warning: more than one possible gene symbols found for group N1.HOG0047207 : angptl1b, fgl2b
warning: more than one possible gene symbols found for group N1.HOG0047208 : zgc:174268, loc137490785
warning: more than one possible gene symbols found for group N1.HOG0047209 : loc101883151, loc137487271
warning: more than one possible gene symbols found for group N1.HOG0047210 : si:ch211-260e23.8, zgc:101715
warning: more than one possible gene symbols found for group N1.HOG0047211 : loc141380659, loc141376333
warning: more than one possible gene symbols found for group N1.HOG0047212 : f9a, si:dkey-238d18.3
warning: more than one possible gene symbols found for group N1.HOG0047213 : loc110438376, loc141380844
