V1	V2	V3	V4	V5	V6	V7	V8	V9	V10	V11	V12	V13	V14	V15	V16	V17	V18	V19	V20	V21	V22	V23	V24	fdr
N1.HOG0025855	Success	OG0012765	234	0.61842548226392	-17934.600220753	-17738.51150042	-17738.38745704	0.81933140522122	0.24808675963868	0.054280552965551	0.86210049253259	0.51536021128606	0.12235524967278	7.5978782180674	0.015544257794629	0.091887049410607	0.86210049253259	0.58092946854085	0.12235524967278	5.2671887651288	0.015544257794629	n0	/public4/group_crf/home/cuirf/deepsea/cellpaper/hyphy/Relax_Macrourus_sp/hyphytmp/37393743/	0.904217003003757
N1.HOG0018341	Success	OG0006257	107	1	-9803.6267549683	-9689.5465460392	-9689.5465460392	0.92505526333645	-3.6379788070917e-12	4.1252298570271e-05	0.40552374263296	0.2336473722217	0.57646181847301	8.8133994110922	0.018014438894037	8.7911812878437e-05	0.40552374263296	0.26054571675601	0.57646181847301	7.4870360638596	0.018014438894037	n0	/public4/group_crf/home/cuirf/deepsea/cellpaper/hyphy/Relax_Macrourus_sp/hyphytmp/83362545/	1
N1.HOG0020065	Success	OG0007473	302	0.97712201626254	-28847.140763665	-28513.377029614	-28513.376618422	0.98019683215672	0.00082238355389563	0.019205106725185	0.68594757581706	0.31144710738194	0.26890698613999	2.7177881527256	0.045145438042951	0.020768757318031	0.68594757581706	0.31872556330446	0.26890698613999	2.6645063324523	0.045145438042951	n2	/public4/group_crf/home/cuirf/deepsea/cellpaper/hyphy/Relax_Macrourus_sp/hyphytmp/86427694/	1
N1.HOG0003352	Success	OG0000403	68	0.79797673386313	-1451.3799534246	-1444.3565726225	-1444.3238132075	1.2842756700478	0.065518829926532	0.0053014221647353	0.79861457174432	0.083307108058415	0.19861787440418	9.1095973627185	0.0027675538515055	0.0011953429136313	0.79861457174432	0.041101552598985	0.19861787440418	17.071097970768	0.0027675538515055	n304	/public4/group_crf/home/cuirf/deepsea/cellpaper/hyphy/Relax_Macrourus_sp/hyphytmp/54243531/	1
N1.HOG0025046	Success	OG0011973	184	0.58301987084152	-19343.619243046	-18866.187870013	-18866.037181049	0.92101817961222	0.30137792749883	3.4543396844994e-05	0.40809476289952	0.033857666721983	0.54681103160108	2.4150785503909	0.045094205499396	7.7759434369617e-05	0.40809476289952	0.044237175550235	0.54681103160108	2.2526133451888	0.045094205499396	n0	/public4/group_crf/home/cuirf/deepsea/cellpaper/hyphy/Relax_Macrourus_sp/hyphytmp/85194287/	0.877082432667015
N1.HOG0006391	Success	OG0000944	197	1	-11223.84560901	-11065.799342297	-11065.799342297	1	0	0	0.4467464926298	0.0059518685847454	0.41309709564025	1.0919380803422	0.14015641172995	0	0.4467464926298	0.0059518685847454	0.41309709564025	1.0919380803422	0.14015641172995	n254	/public4/group_crf/home/cuirf/deepsea/cellpaper/hyphy/Relax_Macrourus_sp/hyphytmp/78551664/	1
N1.HOG0025994	Success	OG0012902	192	0.73528551616132	-16672.210514946	-16457.17792388	-16457.120767037	0.67223276542836	0.11431368681951	0.010182691909326	0.82587964383312	0.96584387275635	0.1689278648526	6.0087347946232	0.005192491314275	0.045795200950268	0.82587964383312	0.97690862322045	0.1689278648526	3.3382854844481	0.005192491314275	n0	/public4/group_crf/home/cuirf/deepsea/cellpaper/hyphy/Relax_Macrourus_sp/hyphytmp/62754211/	0.979703226812316
N1.HOG0016533	Success	OG0005141	221	1.1114735138373e-05	-16047.187106347	-15742.802709561	-15733.147920126	3.6046992260838	19.309578869947	0.00062591137816267	0.54119624554447	0.080529957793388	0.43112548633171	3.8462049844006	0.027678268123821	2.8339510001787e-12	0.54119624554447	0.00011384284595213	0.43112548633171	128.48899567067	0.027678268123821	n41	/public4/group_crf/home/cuirf/deepsea/cellpaper/hyphy/Relax_Macrourus_sp/hyphytmp/38951556/	5.94863394633172e-05
N1.HOG0006467	Success	OG0000957	378	0.078368813207328	-18030.980810031	-17469.957511894	-17468.408307025	2.5969161748058	3.0984097386317	0.00011384206913536	0.47115409036185	0.014987007597226	0.43573041291291	2.0075538950399	0.093115496725233	5.7352044264324e-11	0.47115409036185	1.8301411567341e-05	0.43573041291291	6.1094396849958	0.093115496725233	n56	/public4/group_crf/home/cuirf/deepsea/cellpaper/hyphy/Relax_Macrourus_sp/hyphytmp/60342168/	0.204872533520001
N1.HOG0024221	Success	OG0011171	119	0.10701516952296	-12757.87573189	-12537.543509197	-12536.244631407	0.26804232908635	2.5977555806094	1.7981715646801e-05	0.38300607165487	0.11306846923988	0.47048771666016	2.2748275927883	0.14650621168497	0.053467993061319	0.38300607165487	0.5575135847792	0.47048771666016	1.2464570087084	0.14650621168497	n0	/public4/group_crf/home/cuirf/deepsea/cellpaper/hyphy/Relax_Macrourus_sp/hyphytmp/29784836/	0.262645801772065
N1.HOG0022444	Success	OG0009482	312	0.96728170893908	-22610.591854613	-22404.459507589	-22404.458666359	0.96702492782824	0.0016824595586513	0.00038668117025221	0.54585544335933	0.051590226996189	0.44354648117986	2.0749733912254	0.010598075460817	0.00050105488959346	0.54585544335933	0.056887994073664	0.44354648117986	2.0256248709969	0.010598075460817	n0	/public4/group_crf/home/cuirf/deepsea/cellpaper/hyphy/Relax_Macrourus_sp/hyphytmp/76570725/	1
N1.HOG0015503	Success	OG0004544	269	0.29960516669171	-19338.863601958	-18838.767980707	-18838.230005324	0.93974508175718	1.0759507656621	3.5488151019557e-05	0.36195694446487	0.031987957156255	0.61437497680834	5.647651714319	0.023668078726794	6.5798006394664e-05	0.36195694446487	0.039361208274239	0.61437497680834	5.0881999233799	0.023668078726794	n2	/public4/group_crf/home/cuirf/deepsea/cellpaper/hyphy/Relax_Macrourus_sp/hyphytmp/69196588/	0.555062712607052
N1.HOG0027918	Success	OG0014709	58	0.87613271921193	-3882.1889033345	-3833.9484144521	-3833.9362661751	1.3740532707925	0.024296553814565	0	0.65828769638059	0.99298059088536	0.32491159764556	9.2945245972001	0.016800705973851	0	0.65828769638059	0.99036763871508	0.32491159764556	21.399110681927	0.016800705973851	n0	/public4/group_crf/home/cuirf/deepsea/cellpaper/hyphy/Relax_Macrourus_sp/hyphytmp/46311062/	1
N1.HOG0022315	Success	OG0009370	187	0.5897763792767	-16784.600104869	-16334.809805683	-16334.664458869	0.73914226003446	0.29069362870359	1.1399386402917e-05	0.48584748593144	0.081577485385655	0.4525714935367	3.6765642992637	0.061581020531865	0.00022198938186507	0.48584748593144	0.15685400859216	0.4525714935367	2.6178345807405	0.061581020531865	n0	/public4/group_crf/home/cuirf/deepsea/cellpaper/hyphy/Relax_Macrourus_sp/hyphytmp/44614884/	0.882609598952413
N1.HOG0014566	Success	OG0004030	172	0.070343531412621	-17309.070352078	-17090.741927528	-17089.104434582	7.9669574496354e-06	3.2749858907919	0	0.28213357652107	0.029871658236637	0.47014673740349	1	0.24771968607544	0	0.28213357652107	0.99997202963739	0.47014673740349	1	0.24771968607544	n2	/public4/group_crf/home/cuirf/deepsea/cellpaper/hyphy/Relax_Macrourus_sp/hyphytmp/37602402/	0.188348588236705
N1.HOG0011310	Success	OG0002417	301	0.80046624006298	-23078.612211865	-22718.680209968	-22718.648270268	1.0035340979485	0.063879401539452	0.00084256223879479	0.83851498893001	0.79398136351429	0.15898113208864	22.846762511514	0.0025038789813515	0.00082174442755262	0.83851498893001	0.79333429452062	0.15898113208864	23.10079290585	0.0025038789813515	n149	/public4/group_crf/home/cuirf/deepsea/cellpaper/hyphy/Relax_Macrourus_sp/hyphytmp/25777974/	1
N1.HOG0026954	Success	OG0013807	95	0.7045467258325	-6289.6612250451	-6186.959021822	-6186.8871292678	1.7795780750659	0.14378510829738	2.1050422209125e-05	0.47899760585161	0.1577317848563	0.51557631099152	23.164930275072	0.0054260831568616	4.7574855329313e-09	0.47899760585161	0.037379597913173	0.51557631099152	268.42522081249	0.0054260831568616	n0	/public4/group_crf/home/cuirf/deepsea/cellpaper/hyphy/Relax_Macrourus_sp/hyphytmp/28535263/	0.969643657612975
N1.HOG0010279	Success	OG0002017	206	0.22133995140267	-11965.48542439	-11669.319960013	-11668.572128718	22.066234933527	1.4956625897212	1.9081069677772e-05	0.49756910488518	0.032525443292027	0.49986475659996	66.909088246022	0.0025661385148661	7.255558003818e-105	0.49756910488518	1.4803627175126e-33	0.49986475659996	1.9124203074772e+40	0.0025661385148661	n92	/public4/group_crf/home/cuirf/deepsea/cellpaper/hyphy/Relax_Macrourus_sp/hyphytmp/16657904/	0.453232463062917
N1.HOG0024344	Success	OG0011291	473	0	-34938.119177811	-34116.385894226	-34055.026914717	2.6702828086473e-08	122.71795901711	0	0.62577986575839	0.077278859785659	0.37110707884048	27.472972116328	0.0031130554011372	0	0.62577986575839	0.99999993163182	0.37110707884048	1.0000000884719	0.0031130554011372	n0	/public4/group_crf/home/cuirf/deepsea/cellpaper/hyphy/Relax_Macrourus_sp/hyphytmp/53018402/	0
N1.HOG0012320	Success	OG0002868	226	0.99701495422749	-20060.035217635	-19766.040132061	-19766.040125062	0.998001998002	1.3996643247083e-05	0	0.13878231512079	0.044091231050045	0.76213590781585	1.5071501098716	0.099081777063361	0	0.13878231512079	0.044367076417393	0.76213590781585	1.5059153234491	0.099081777063361	n1	/public4/group_crf/home/cuirf/deepsea/cellpaper/hyphy/Relax_Macrourus_sp/hyphytmp/89376086/	1
N1.HOG0022453	Success	OG0009491	401	0.73305257424444	-31815.583416982	-31200.04595318	-31199.987789573	0.85367984461196	0.11632721433853	1.7437401362479e-05	0.58878986621509	0.14998834863559	0.38674582890195	3.7208152659528	0.024464304882961	8.6646074478797e-05	0.58878986621509	0.19797799185436	0.38674582890195	3.0700274006707	0.024464304882961	n0	/public4/group_crf/home/cuirf/deepsea/cellpaper/hyphy/Relax_Macrourus_sp/hyphytmp/29325238/	0.979303516758902
N1.HOG0020358	Success	OG0007686	233	0.29135760464604	-19370.480054237	-19200.070089468	-19199.513420731	0.0001139388701864	1.113337474846	0	0.61166991122812	0.24052780328956	0.35195651066737	2.5081679549736	0.036373578104508	0	0.61166991122812	0.99983765945047	0.35195651066737	1.0001047782718	0.036373578104508	n0	/public4/group_crf/home/cuirf/deepsea/cellpaper/hyphy/Relax_Macrourus_sp/hyphytmp/46850322/	0.54629201655946
N1.HOG0004620	Success	OG0000592	164	1.3544720900427e-14	-10087.908063696	-9822.3730922884	-9792.7273580234	1.827490753868e-06	59.2914685301	0	0.58039853555613	0.048651477937155	0.3529192416957	1.9312015265771	0.066682222748175	0	0.58039853555613	0.99999447537714	0.3529192416957	1.0000012027498	0.066682222748175	n109	/public4/group_crf/home/cuirf/deepsea/cellpaper/hyphy/Relax_Macrourus_sp/hyphytmp/42747714/	1.61596045187039e-13
N1.HOG0027355	Success	OG0014175	64	0.45592061384026	-3903.6413138437	-3873.3197345611	-3873.0417891089	0.35429854365184	0.55589090451031	0.00049041881403532	0.54349721689727	0.32012927593697	0.45650278310273	1.0018856314042	0	0.067216013478213	0.54349721689727	0.66794008411194	0.45650278310273	1.0006676701707	0	n0	/public4/group_crf/home/cuirf/deepsea/cellpaper/hyphy/Relax_Macrourus_sp/hyphytmp/39522763/	0.740332338920195
N1.HOG0025591	Success	OG0012512	47	0.70276100233818	-3062.643982134	-3055.2487153836	-3055.1759076046	0.67112567991515	0.14561555797536	0.0088123588916296	0.42192383880422	0.1104191000019	0.57723375298559	9999999171.5964	0.00084240821018732	0.041773281189825	0.42192383880422	0.22790947992145	0.57723375298559	5143476.6785579	0.00084240821018732	n0	/public4/group_crf/home/cuirf/deepsea/cellpaper/hyphy/Relax_Macrourus_sp/hyphytmp/91321726/	0.968975443031295
N1.HOG0025350	Success	OG0012273	247	0.88263505523183	-22414.552650287	-22091.724978291	-22091.714081034	0.9415678369538	0.021794513166242	0.00022338993850586	0.81132803768629	0.73052867824946	0.18001377366766	9.4495497754818	0.0086581886460507	0.00036508645373426	0.81132803768629	0.74405534173721	0.18001377366766	8.2873510452221	0.0086581886460507	n0	/public4/group_crf/home/cuirf/deepsea/cellpaper/hyphy/Relax_Macrourus_sp/hyphytmp/42396214/	1
N1.HOG0021798	Success	OG0008899	210	0.53068602485441	-12702.696903046	-12268.747004458	-12268.550465581	0.17218787117563	0.39307775260386	8.5866114894914e-05	0.40939857770047	0.0068741041447382	0.58187302087983	22.010346726463	0.0087284014196929	0.19945890669909	0.40939857770047	0.42422362015999	0.58187302087983	1.7028800789376	0.0087284014196929	n0	/public4/group_crf/home/cuirf/deepsea/cellpaper/hyphy/Relax_Macrourus_sp/hyphytmp/41312213/	0.826918952616891
N1.HOG0008089	Success	OG0001325	69	0.8392479725276	-5325.9031044231	-5214.2908119091	-5214.270236731	0.85180676057043	0.041150356162689	1.7209984350178e-05	0.44373422801623	0.1024246415097	0.50470504960829	3.6794126612019	0.051560722375488	8.7459220062756e-05	0.44373422801623	0.14356739572878	0.50470504960829	3.0334298075399	0.051560722375488	n111	/public4/group_crf/home/cuirf/deepsea/cellpaper/hyphy/Relax_Macrourus_sp/hyphytmp/55561409/	1
N1.HOG0027217	Success	OG0014044	28	0.00017283775497134	-2123.5706491801	-2129.3418636173	-2122.2891140859	50	14.105499062634	2.4245150575774e-06	0.77625347534688	2.4561229012526e-06	0.0010721449401719	1.1266232813055	0.22267437971295	1.7031162135745e-281	0.77625347534688	3.2546532647142e-281	0.0010721449401719	388.09323937398	0.22267437971295	n0	/public4/group_crf/home/cuirf/deepsea/cellpaper/hyphy/Relax_Macrourus_sp/hyphytmp/94309583/	0.000787626692415815
N1.HOG0023767	Success	OG0010732	164	0.6218384142022	-5813.8651808192	-5721.9311981752	-5721.8095521124	0.9457618796544	0.24329212548764	0.00010721194389049	0.56735098925361	0.17315225236899	0.43088050819564	9999999171.5964	0.0017685025507492	0.00017601728548161	0.56735098925361	0.19042956315743	0.43088050819564	2868261625.4762	0.0017685025507492	n51	/public4/group_crf/home/cuirf/deepsea/cellpaper/hyphy/Relax_Macrourus_sp/hyphytmp/51181692/	0.908434009863418
N1.HOG0021948	Success	OG0009031	183	0.87239982851152	-16178.545428433	-15865.30817166	-15865.295273721	0.92038402188898	0.025795877878409	0.00038723981901794	0.33319508239434	0.11941341602663	0.55490542693945	2.5044846320331	0.11189949066622	0.00072382123071186	0.33319508239434	0.14142768764452	0.55490542693945	2.3279519820794	0.11189949066622	n0	/public4/group_crf/home/cuirf/deepsea/cellpaper/hyphy/Relax_Macrourus_sp/hyphytmp/44480376/	1
N1.HOG0006640	Success	OG0000991	134	8.5432549923325e-11	-5549.627911506	-5356.1837046555	-5335.1190438497	43.887030392294	42.129321611525	0	0.34131607819713	0.0019636309597542	0.41345288146807	2.4134560421943	0.2452310403348	0	0.34131607819713	1.5864861339405e-119	0.41345288146807	62073563262413472	0.2452310403348	n132	/public4/group_crf/home/cuirf/deepsea/cellpaper/hyphy/Relax_Macrourus_sp/hyphytmp/93669398/	7.45041222173971e-10
N1.HOG0002282	Success	OG0000257	65	4.4598452813016e-05	-5867.8029478306	-5726.4346437847	-5718.102190499	9.9653997362866	16.664906571414	0.00020391607072954	0.6359575295623	0.1539280134224	0.26771035374854	2.3945316264306	0.096332116689156	1.6680478083278e-37	0.6359575295623	7.9670156024555e-09	0.26771035374854	6012.9091602202	0.096332116689156	n481	/public4/group_crf/home/cuirf/deepsea/cellpaper/hyphy/Relax_Macrourus_sp/hyphytmp/67830484/	0.000217054226438418
N1.HOG0009150	Success	OG0001662	156	0.0256213567135	-12366.427390572	-11881.817032223	-11879.326336119	3.7358027560011	4.9813922075591	1.8778077289152e-05	0.22745915670149	0.040466489459729	0.74296248634815	76.972990281104	0.029578356950351	2.2044123562409e-18	0.22745915670149	6.2572519581977e-06	0.74296248634815	11142638.440433	0.029578356950351	n25	/public4/group_crf/home/cuirf/deepsea/cellpaper/hyphy/Relax_Macrourus_sp/hyphytmp/63922510/	0.0797418312206395
N1.HOG0021303	Success	OG0008464	190	0.46854020548093	-16024.238322648	-15805.468183427	-15805.205475114	0.18472422424446	0.5254166249033	3.1898134638776e-05	0.54788914207812	0.40280406813392	0.44422307548736	19.941635482097	0.0078877824345119	0.14771905836837	0.54788914207812	0.84537863421875	0.44422307548736	1.7381902142175	0.0078877824345119	n0	/public4/group_crf/home/cuirf/deepsea/cellpaper/hyphy/Relax_Macrourus_sp/hyphytmp/16058633/	0.755114515024613
N1.HOG0002346	Success	OG0000270	103	0.25435487267606	-6707.7494570693	-6506.7263327382	-6506.0767203417	0.35885578936985	1.2992247930833	0.00033237442264164	0.48738396618363	0.046597856750974	0.45182972001245	2.8973238901054	0.060786313803928	0.056463256875986	0.48738396618363	0.33276328959573	0.45182972001245	1.4648404200106	0.060786313803928	n437	/public4/group_crf/home/cuirf/deepsea/cellpaper/hyphy/Relax_Macrourus_sp/hyphytmp/56877276/	0.497701220111015
N1.HOG0024552	Success	OG0011496	216	0.0058125213484026	-21578.546556673	-21233.883967172	-21230.080204709	0	7.6075249261994	0	0.66052414078307	0.7571042858928	0.33338938542854	21.647245207703	0.0060864737883834	1	0.66052414078307	1	0.33338938542854	1	0.0060864737883834	n0	/public4/group_crf/home/cuirf/deepsea/cellpaper/hyphy/Relax_Macrourus_sp/hyphytmp/39262845/	0.0211118640096314
N1.HOG0018958	Success	OG0006678	162	0.6936232758834	-9618.9159346207	-9349.1765809753	-9349.0989855135	0.60206555679012	0.15519092372779	2.7613726247941e-06	0.63545259983394	0.074760409918	0.34103868622829	5.4826114613898	0.023508713937775	0.00044997961220516	0.63545259983394	0.20983431392989	0.34103868622829	2.7856009531027	0.023508713937775	n0	/public4/group_crf/home/cuirf/deepsea/cellpaper/hyphy/Relax_Macrourus_sp/hyphytmp/31321039/	0.964943622342008
N1.HOG0016277	Success	OG0005004	221	1.072575007699e-07	-13099.889348132	-12799.611676938	-12785.492495189	1.9655342948134e-06	28.238363496977	0	0.43368498624124	0.043045618698083	0.5622997699588	436.52320633792	0.0040152437999594	0	0.43368498624124	0.99999381744116	0.5622997699588	1.0000119482429	0.0040152437999594	n93	/public4/group_crf/home/cuirf/deepsea/cellpaper/hyphy/Relax_Macrourus_sp/hyphytmp/70525825/	7.28333542777424e-07
N1.HOG0009262	Success	OG0001683	80	0.67358887024732	-6502.072063476	-6330.6958744385	-6330.6071580803	0.72626441001093	0.17743271631298	0.00062160389834865	0.51828022778673	0.19346683268983	0.43443865073639	7.2300223132958	0.04728112147688	0.0046907592160729	0.51828022778673	0.30331068258172	0.43443865073639	4.2069034220927	0.04728112147688	n125	/public4/group_crf/home/cuirf/deepsea/cellpaper/hyphy/Relax_Macrourus_sp/hyphytmp/78417506/	0.95480666591163
N1.HOG0025431	Success	OG0012354	120	0.37373408928658	-9321.2917067839	-9229.7021995201	-9229.3065938421	0.17746069872061	0.79121135600872	8.9976356875891e-05	0.75840886159841	0.5848583758607	0.24038002514206	60.789647822421	0.0012111132595371	0.19143299753916	0.75840886159841	0.90920257474651	0.24038002514206	2.0728107488079	0.0012111132595371	n0	/public4/group_crf/home/cuirf/deepsea/cellpaper/hyphy/Relax_Macrourus_sp/hyphytmp/74745227/	0.650532082466408
N1.HOG0008974	Success	OG0001605	50	2.4115950170156e-07	-5207.7034673225	-5096.9882380322	-5083.6525165191	7.0536143693772e-06	26.671443026149	0	0.50940955282618	0.14079668749168	0.44692468149688	3.9662993599268	0.043665765676937	0	0.50940955282618	0.99998617191941	0.44692468149688	1.0000097187535	0.043665765676937	n1	/public4/group_crf/home/cuirf/deepsea/cellpaper/hyphy/Relax_Macrourus_sp/hyphytmp/11240332/	1.60586055784217e-06
N1.HOG0025562	Success	OG0012483	92	0.0012082181930358	-7868.4753536908	-7729.3349509879	-7724.0960837032	16.113732855652	10.477734569453	2.4660127898381e-05	0.48718656904054	0.035665544708824	0.49660997734543	2.9312564988326	0.016203453614034	5.5955613893168e-75	0.48718656904054	4.691642467602e-24	0.49660997734543	33572256.444105	0.016203453614034	n0	/public4/group_crf/home/cuirf/deepsea/cellpaper/hyphy/Relax_Macrourus_sp/hyphytmp/15342061/	0.00493044858820785
N1.HOG0027405	Success	OG0014216	21	0.36117013699528	-1240.0608801181	-1227.6311472935	-1227.2142370852	45.826522046491	0.83382041668847	8.7865760695362e-06	0.21250363940816	0.13041817463781	0.74680358118283	12.248877288355	0.04069277940901	1.9626406352334e-232	0.21250363940816	2.877549046637e-41	0.74680358118283	7.3058094214965e+49	0.04069277940901	n0	/public4/group_crf/home/cuirf/deepsea/cellpaper/hyphy/Relax_Macrourus_sp/hyphytmp/51241032/	0.635086320075624
N1.HOG0021528	Success	OG0008657	96	0.0031247639547458	-8196.9235251571	-7965.5213798489	-7961.154805435	1.8485487144561e-06	8.7331488278596	0	0.44972142151018	0.04663705431378	0.52541099203127	9.4460632915245	0.024867586458546	0	0.44972142151018	0.99999433354896	0.52541099203127	1.000004151106	0.024867586458546	n10	/public4/group_crf/home/cuirf/deepsea/cellpaper/hyphy/Relax_Macrourus_sp/hyphytmp/73331559/	0.0119562237733926
N1.HOG0016779	Success	OG0005282	87	0.608108123014	-5940.0145536321	-5847.82566717	-5847.6941976326	0.82207648539724	0.26293907496256	0	0.41707347354049	0.15020976144249	0.52578170446774	3.6613291245648	0.057144821991776	0	0.41707347354049	0.21046646852928	0.52578170446774	2.9063919321912	0.057144821991776	n0	/public4/group_crf/home/cuirf/deepsea/cellpaper/hyphy/Relax_Macrourus_sp/hyphytmp/17277282/	0.895521527528606
N1.HOG0010377	Success	OG0002055	154	0.64668800033701	-11504.758673344	-11265.737952867	-11265.632902206	0.48193386129299	0.21010132219817	1.2395178524328e-05	0.51597865704164	0.1030154306675	0.46556769744304	4.2360209676146	0.018453645515323	0.004317897899573	0.51597865704164	0.33441379591112	0.46556769744304	2.0051752642877	0.018453645515323	n121	/public4/group_crf/home/cuirf/deepsea/cellpaper/hyphy/Relax_Macrourus_sp/hyphytmp/60206487/	0.928451427495327
N1.HOG0006566	Success	OG0000974	65	0.62878553834518	-4238.3829329052	-4176.5099940764	-4176.3931384482	0.27446558577452	0.23371125637459	2.5429097856474e-09	0.43965066344146	0.024168583231242	0.50161869094345	1	0.058730645615097	0.0043758167412046	0.43965066344146	0.359963189724	0.50161869094345	1	0.058730645615097	n31	/public4/group_crf/home/cuirf/deepsea/cellpaper/hyphy/Relax_Macrourus_sp/hyphytmp/74041393/	0.914693949938204
N1.HOG0027097	Success	OG0013936	233	0.99999784778754	-17040.94413174	-16554.68903357	-16554.68903357	1	7.2759576141834e-12	0.001441506239867	0.51988168801464	0.15539540399866	0.45952325552897	18.61249665714	0.02059505645639	0.001441506239867	0.51988168801464	0.15539540399866	0.45952325552897	18.61249665714	0.02059505645639	n0	/public4/group_crf/home/cuirf/deepsea/cellpaper/hyphy/Relax_Macrourus_sp/hyphytmp/16564792/	1
N1.HOG0025272	Success	OG0012195	67	0.12238668891552	-6031.4357478456	-5941.2694041046	-5940.0761497711	0.078329628315457	2.386508666963	0.036146689119802	0.81668882558321	1	0.17674289969273	40.941656879924	0.0065682747240597	0.7709994059416	0.81668882558321	1	0.17674289969273	1.3374585077121	0.0065682747240597	n0	/public4/group_crf/home/cuirf/deepsea/cellpaper/hyphy/Relax_Macrourus_sp/hyphytmp/22675067/	0.291623206042806
N1.HOG0027723	Success	OG0014524	31	0.0046400227119896	-2119.4853832221	-2112.4766262684	-2108.4692971014	1.6456496910248e-06	8.0146583338983	0	0.51285115913958	0.36606936042077	0.48714884086042	1582.3633325844	0	0	0.51285115913958	0.99999834623458	0.48714884086042	1.0000121230396	0	n0	/public4/group_crf/home/cuirf/deepsea/cellpaper/hyphy/Relax_Macrourus_sp/hyphytmp/23474968/	0.0171063498266054
N1.HOG0016067	Success	OG0004870	378	1	-27964.965763217	-27521.116415866	-27521.116415866	0.92505526333645	0	0.00049234603294736	0.44170806910456	0.10581478153409	0.51131354151563	3.0401124120621	0.04697838937981	0.00087129929688557	0.44170806910456	0.12521358710172	0.51131354151563	2.7970459781271	0.04697838937981	n118	/public4/group_crf/home/cuirf/deepsea/cellpaper/hyphy/Relax_Macrourus_sp/hyphytmp/23762350/	1
N1.HOG0025910	Success	OG0012818	106	0.81406446331878	-7334.1628841095	-7215.6697566653	-7215.6421004658	1.4600197444911	0.055312399057584	0	0.43490587507564	0.048036794373251	0.53377610317775	1.4524132349148	0.031318021746603	0	0.43490587507564	0.011886993758909	0.53377610317775	1.7244670042424	0.031318021746603	n0	/public4/group_crf/home/cuirf/deepsea/cellpaper/hyphy/Relax_Macrourus_sp/hyphytmp/68782534/	1
N1.HOG0027402	Success	OG0014213	99	0.37748479249973	-8815.06875945	-8691.0253619945	-8690.6359234605	1.9754413451993	0.77887706799083	7.4426469819762e-06	0.53411482021029	0.42059225140602	0.45564027552979	27.54084648769	0.010244904259918	7.4028392042241e-11	0.53411482021029	0.18070076704669	0.45564027552979	699.182683856	0.010244904259918	n0	/public4/group_crf/home/cuirf/deepsea/cellpaper/hyphy/Relax_Macrourus_sp/hyphytmp/46829180/	0.655069569206602
N1.HOG0025420	Success	OG0012343	183	0.38272952536299	-12340.789693606	-12170.001801548	-12169.620843461	0.5411325452552	0.76191617423319	0.0037717618982792	0.79685783785902	0.25432828903738	0.20126986116609	9999999171.5964	0.0018723009748881	0.048819039661158	0.79685783785902	0.47669402032095	0.20126986116609	257825.24142066	0.0018723009748881	n0	/public4/group_crf/home/cuirf/deepsea/cellpaper/hyphy/Relax_Macrourus_sp/hyphytmp/64478543/	0.662164475904952
N1.HOG0007721	Success	OG0001232	93	0.00018200540777891	-7337.3871427067	-7281.0999811051	-7274.095830916	5.4935385897489e-06	14.00830037818	0	0.45130312177618	0.31925763545486	0.53933042031673	6.1793754441419	0.0093664579070949	0	0.45130312177618	0.99999372773426	0.53933042031673	1.000010004977	0.0093664579070949	n159	/public4/group_crf/home/cuirf/deepsea/cellpaper/hyphy/Relax_Macrourus_sp/hyphytmp/94604272/	0.000827209763397268
N1.HOG0008491	Success	OG0001451	64	0.55037097390444	-3719.1271101342	-3665.1854963089	-3665.0071698077	1.0485282690073	0.35665300241635	6.1474062705406e-05	0.30427602208783	0.081220408804898	0.66966695506375	3.0102313991462	0.026057022848423	3.8399398738228e-05	0.30427602208783	0.071904009678892	0.66966695506375	3.1755978941211	0.026057022848423	n3	/public4/group_crf/home/cuirf/deepsea/cellpaper/hyphy/Relax_Macrourus_sp/hyphytmp/94304413/	0.843391195725252
N1.HOG0013688	Success	OG0003575	77	0.11194826347091	-8417.791823558	-8265.725001445	-8264.4617513181	1.7789834365853	2.5265002538727	7.9629051946041e-05	0.27587959642754	0.24135071288637	0.63573568777871	6.1708228753268	0.088384715793755	5.1059219401691e-08	0.27587959642754	0.079752087568349	0.63573568777871	25.468727687388	0.088384715793755	n94	/public4/group_crf/home/cuirf/deepsea/cellpaper/hyphy/Relax_Macrourus_sp/hyphytmp/90690749/	0.271739573744581
N1.HOG0002541	Success	OG0000290	462	2.0616841567289e-13	-35889.723980494	-34779.67392338	-34752.701235091	1.4822788349497e-06	53.945376576361	0	0.55523777325127	0.14625887775745	0.42490647276067	10.385301012798	0.019855753988058	0	0.55523777325127	0.99999715050518	0.42490647276067	1.0000034691187	0.019855753988058	n263	/public4/group_crf/home/cuirf/deepsea/cellpaper/hyphy/Relax_Macrourus_sp/hyphytmp/59116070/	2.21373336328766e-12
N1.HOG0019356	Success	OG0006963	492	0	-41545.430949467	-41098.045760845	-41057.586539217	0.0069919822795105	80.918443255898	6.3627232773609e-264	0.72298536837885	0.49399501016142	0.27293964002155	20.318892657753	0.0040749915995935	0.014445605023831	0.72298536837885	0.99508118249641	0.27293964002155	1.0212799689342	0.0040749915995935	n2	/public4/group_crf/home/cuirf/deepsea/cellpaper/hyphy/Relax_Macrourus_sp/hyphytmp/24985618/	0
N1.HOG0016557	Success	OG0005157	107	0.36153342318624	-8792.3336599165	-8669.1992899495	-8668.783010126	0.092833291646935	0.83255964711861	3.3971728665272e-05	0.46234770248131	0.23103356763932	0.41558347243873	2.3242430473928	0.12206882507997	0.38471484180932	0.46234770248131	0.87282637959897	0.41558347243873	1.081441723095	0.12206882507997	n0	/public4/group_crf/home/cuirf/deepsea/cellpaper/hyphy/Relax_Macrourus_sp/hyphytmp/92412319/	0.635086320075624
N1.HOG0021141	Success	OG0008327	243	0.2097079456438	-22957.070725905	-22282.75323819	-22281.966517503	1.3685749484113	1.5734413756436	0.00018043903871269	0.47662292203972	0.060647637122641	0.49876868884533	7.6663355932853	0.024608389114945	7.5250209548793e-06	0.47662292203972	0.021586865002201	0.49876868884533	16.241447741591	0.024608389114945	n0	/public4/group_crf/home/cuirf/deepsea/cellpaper/hyphy/Relax_Macrourus_sp/hyphytmp/45226488/	0.439941973611786
N1.HOG0014239	Success	OG0003860	308	0.97615343638258	-20784.784233888	-20100.091420094	-20100.090973337	0.99326114264055	0.00089351290080231	0	0.17991824724822	0.011174240807286	0.78113026886388	5.4450326191043	0.038951483887904	0	0.17991824724822	0.011517833776766	0.78113026886388	5.3832020849681	0.038951483887904	n2	/public4/group_crf/home/cuirf/deepsea/cellpaper/hyphy/Relax_Macrourus_sp/hyphytmp/65257381/	1
N1.HOG0024399	Success	OG0011346	122	0.90732870318341	-12330.091184774	-12198.740624905	-12198.733849422	1.1331709244102	0.013550967072661	0.00057998548810672	0.47078781088511	0.12925726277139	0.44278560478766	1.6048978686694	0.086426584327234	0.0002149801660775	0.47078781088511	0.098429797075383	0.44278560478766	1.7092556357087	0.086426584327234	n0	/public4/group_crf/home/cuirf/deepsea/cellpaper/hyphy/Relax_Macrourus_sp/hyphytmp/20606713/	1
N1.HOG0004431	Success	OG0000554	294	0	-22356.076566194	-21947.918428724	-21863.925170214	50	167.98651701967	2.6698652901845e-06	0.58446985048897	0.01650889394428	0.31297066660277	1.1566941297483	0.10255948290826	2.1108990533532e-279	0.58446985048897	7.6895137561222e-90	0.31297066660277	1448.5269396596	0.10255948290826	n236	/public4/group_crf/home/cuirf/deepsea/cellpaper/hyphy/Relax_Macrourus_sp/hyphytmp/66477340/	0
N1.HOG0021857	Success	OG0008945	164	0.60157279248645	-12965.754284635	-12842.04297346	-12841.906658322	1.3504590248793	0.27263027771551	0.00011603155357596	0.45396275801571	0.14152306933576	0.52250029094871	2.7944197063762	0.023536951035577	4.8458647338355e-06	0.45396275801571	0.071322569541686	0.52250029094871	4.0058858219658	0.023536951035577	n0	/public4/group_crf/home/cuirf/deepsea/cellpaper/hyphy/Relax_Macrourus_sp/hyphytmp/64073590/	0.8932602052651
N1.HOG0010235	Success	OG0002003	198	0.19216678390115	-13391.588299249	-13217.89904544	-13217.048581915	0.17659891378611	1.7009270498129	0	0.29791910480672	0.011782747076258	0.64314254876692	1.0054509692791	0.058938346426359	0	0.29791910480672	0.4564405675605	0.64314254876692	1.0009604820694	0.058938346426359	n95	/public4/group_crf/home/cuirf/deepsea/cellpaper/hyphy/Relax_Macrourus_sp/hyphytmp/23259097/	0.410625043211661
N1.HOG0009502	Success	OG0001757	183	0.011268492633057	-14043.067689395	-13770.448214892	-13767.236976745	6.5107559542929e-06	6.4224762933736	0	0.44437510242744	0.062338078911341	0.51928326349559	2.387369782268	0.03634163407697	0	0.44437510242744	0.99998193162516	0.51928326349559	1.0000056656254	0.03634163407697	n124	/public4/group_crf/home/cuirf/deepsea/cellpaper/hyphy/Relax_Macrourus_sp/hyphytmp/91731605/	0.0387185406871839
N1.HOG0027633	Success	OG0014440	58	1.8487044628368e-05	-3219.8323235279	-3162.7317313359	-3153.5621648201	9.3146709522394	18.339133031644	0	0.51211305853886	0.38575050846029	0.42875845165769	4.0111118948069	0.059128489803455	0	0.51211305853886	0.00014014617184698	0.42875845165769	416114.54622625	0.059128489803455	n1	/public4/group_crf/home/cuirf/deepsea/cellpaper/hyphy/Relax_Macrourus_sp/hyphytmp/66577846/	9.56648875648681e-05
N1.HOG0025429	Success	OG0012352	87	0.93825037000111	-8917.1678827526	-8773.0829750997	-8773.0799743687	1.0351468771184	0.0060014618466084	0	0.17491166055057	0.082099950360712	0.76851399779799	3.7472403786	0.056574341651443	0	0.17491166055057	0.075194389498775	0.76851399779799	3.9253259251806	0.056574341651443	n0	/public4/group_crf/home/cuirf/deepsea/cellpaper/hyphy/Relax_Macrourus_sp/hyphytmp/20486453/	1
N1.HOG0003813	Success	OG0000476	137	0.97081034422148	-12733.909692641	-12506.80418412	-12506.803514634	0.99426387235932	0.0013389724554145	7.3163060045577e-05	0.52998919816987	0.074521033967547	0.33431215150285	1.4456604352818	0.13569865032728	7.7270693729667e-05	0.52998919816987	0.075639321479985	0.33431215150285	1.4426073306704	0.13569865032728	n2	/public4/group_crf/home/cuirf/deepsea/cellpaper/hyphy/Relax_Macrourus_sp/hyphytmp/93997146/	1
N1.HOG0026858	Success	OG0013716	258	0.8923364630873	-14979.292206	-14747.802245219	-14747.793085632	1.1452188717995	0.018319174443604	0.00020698269866208	0.48289119122013	0.039968847227099	0.46173036536921	1.0416859691099	0.055378443410658	6.0386261505768e-05	0.48289119122013	0.02504178105948	0.46173036536921	1.0478823724951	0.055378443410658	n0	/public4/group_crf/home/cuirf/deepsea/cellpaper/hyphy/Relax_Macrourus_sp/hyphytmp/17096023/	1
N1.HOG0014953	Success	OG0004249	62	0.00011827891744609	-6015.4179856435	-5919.9223916576	-5912.5124268358	4.39745880073e-07	14.819929643598	0	0.52336519245514	0.4010901290297	0.47208442925127	9999999171.5964	0.0045503782935885	0	0.52336519245514	0.99999959826183	0.47208442925127	1.0000101255743	0.0045503782935885	n1	/public4/group_crf/home/cuirf/deepsea/cellpaper/hyphy/Relax_Macrourus_sp/hyphytmp/16761701/	0.000549197784249683
N1.HOG0025448	Success	OG0012371	370	0	-29330.900361143	-28655.54976428	-28537.836880956	50	235.42576664848	7.7246631027671e-06	0.39592235579048	0.00093480790632099	0.51187835142386	1.1296537523867	0.092199292785667	2.4772930087352e-256	0.39592235579048	3.436519743163e-152	0.51187835142386	443.88192733498	0.092199292785667	n0	/public4/group_crf/home/cuirf/deepsea/cellpaper/hyphy/Relax_Macrourus_sp/hyphytmp/49274985/	0
N1.HOG0013940	Success	OG0003706	261	0.69365854108986	-17758.052855964	-17213.339961172	-17213.262384526	0.49049057962037	0.15515329336631	2.0178111028644e-05	0.59450274134894	0.011774859816183	0.39052851255403	3.4569026466089	0.014968746097024	0.0049783808645508	0.59450274134894	0.11319362425067	0.39052851255403	1.8374730243583	0.014968746097024	n125	/public4/group_crf/home/cuirf/deepsea/cellpaper/hyphy/Relax_Macrourus_sp/hyphytmp/98318882/	0.964943622342008
N1.HOG0007190	Success	OG0001105	504	0	-21456.858465161	-20757.230746773	-20620.998173964	49.872817955112	272.46514561709	0	0.18990449688979	0.00081807004932889	0.67652576967193	1.7078713127297	0.13356973343828	0	0.18990449688979	1.0768674744293e-154	0.67652576967193	391916064031.69	0.13356973343828	n345	/public4/group_crf/home/cuirf/deepsea/cellpaper/hyphy/Relax_Macrourus_sp/hyphytmp/60464652/	0
N1.HOG0021285	Success	OG0008446	93	0.042007696015641	-10066.978677094	-9904.6084675841	-9902.5410205387	1.1963911823086	4.1348940908829	4.5865680196155e-05	0.23790608228195	0.15865054717932	0.69956137249641	4.6278870971635	0.062532545221637	6.4482565166009e-06	0.23790608228195	0.11051350416653	0.69956137249641	6.2525627833815	0.062532545221637	n0	/public4/group_crf/home/cuirf/deepsea/cellpaper/hyphy/Relax_Macrourus_sp/hyphytmp/91178073/	0.121497006321332
N1.HOG0019705	Success	OG0007213	180	2.6970044864072e-08	-15822.328340206	-15485.551961421	-15470.094894483	5.2529888623584	30.914133875605	0.0003594307778383	0.53490146283044	0.12130232474354	0.40118776727131	3.4062799244364	0.063910769898251	8.0665037024658e-19	0.53490146283044	1.5401914659149e-05	0.40118776727131	625.26291522242	0.063910769898251	n0	/public4/group_crf/home/cuirf/deepsea/cellpaper/hyphy/Relax_Macrourus_sp/hyphytmp/71847726/	1.94440129174702e-07
N1.HOG0021947	Success	OG0009030	579	7.7406081544495e-10	-42444.205365609	-41730.390574389	-41711.478356233	2.4948602652991	37.824436311203	2.5769137953327e-05	0.53024540564209	0.19462420521501	0.456654137521	8.324658577553	0.013100456836908	3.5590611945453e-12	0.53024540564209	0.016851767931097	0.456654137521	197.78148681404	0.013100456836908	n0	/public4/group_crf/home/cuirf/deepsea/cellpaper/hyphy/Relax_Macrourus_sp/hyphytmp/52591077/	6.39344461987704e-09
N1.HOG0025512	Success	OG0012435	79	0.55488377838155	-8027.2066195841	-7938.5362653986	-7938.3619451993	0.21182533555515	0.34864039845161	2.9848455534904e-05	0.63797910604144	0.65138747989695	0.34681787324194	9.1685744444083	0.015203020716618	0.11002054842057	0.63797910604144	0.91320119240475	0.34681787324194	1.5989684884111	0.015203020716618	n0	/public4/group_crf/home/cuirf/deepsea/cellpaper/hyphy/Relax_Macrourus_sp/hyphytmp/29166196/	0.846165741266571
N1.HOG0013109	Success	OG0003273	122	0.42306244520057	-8755.0479959216	-8499.9982332768	-8499.6773370182	5.049446156243	0.64179251729365	0.00016185229533074	0.34914641512218	0.010872162606044	0.60722804504719	1.9864057272484	0.043625539830631	7.2135627319325e-20	0.34914641512218	1.2147392570305e-10	0.60722804504719	31.994704869397	0.043625539830631	n116	/public4/group_crf/home/cuirf/deepsea/cellpaper/hyphy/Relax_Macrourus_sp/hyphytmp/38297689/	0.708402807850467
N1.HOG0016472	Success	OG0005106	33	1	-1694.6696323584	-1679.4134936319	-1679.4145197324	1.167503646236	-0.0020522009408523	0	0.18211281550972	0.037624938761631	0.66699787851722	1	0.15088930597306	0	0.18211281550972	0.021720149210182	0.66699787851722	1	0.15088930597306	n28	/public4/group_crf/home/cuirf/deepsea/cellpaper/hyphy/Relax_Macrourus_sp/hyphytmp/38787818/	1
N1.HOG0025663	Success	OG0012583	158	0.2098925705257	-15038.49203428	-14851.959507666	-14851.173424093	4.3573143700997	1.5721671463543	1.8709525085371e-08	0.53236362896183	0.22977219150983	0.44361847243441	4.9882604498172	0.024017898603763	2.1229903935919e-34	0.53236362896183	0.0016480571675761	0.44361847243441	1099.470888286	0.024017898603763	n0	/public4/group_crf/home/cuirf/deepsea/cellpaper/hyphy/Relax_Macrourus_sp/hyphytmp/53728984/	0.439941973611786
N1.HOG0024071	Success	OG0011022	172	0.98901176868926	-14549.901142454	-14190.176614393	-14190.176519558	0.9980019404944	0.00018967186770169	0.00019461972160115	0.50517590315867	0.082303125695113	0.47225801395772	5.596054161928	0.022566082883613	0.00019797086126457	0.50517590315867	0.082714831963531	0.47225801395772	5.5768324483306	0.022566082883613	n0	/public4/group_crf/home/cuirf/deepsea/cellpaper/hyphy/Relax_Macrourus_sp/hyphytmp/55691212/	1
N1.HOG0020461	Success	OG0007768	456	0	-32194.766578628	-31598.399313089	-31479.655862188	50	237.48690180219	0.00013062872720239	0.39260459999133	0.0082316709389615	0.46794626010304	1.1579177464902	0.13944913990564	6.3377450292749e-195	0.39260459999133	5.9483985486887e-105	0.46794626010304	1527.1633869618	0.13944913990564	n61	/public4/group_crf/home/cuirf/deepsea/cellpaper/hyphy/Relax_Macrourus_sp/hyphytmp/65551806/	0
N1.HOG0012051	Success	OG0002741	517	0.010238998240746	-28437.535696717	-28095.589446285	-28092.293028702	0.48418584225251	6.5928351657785	0.00019769314372861	0.66395736066841	0.083629953888201	0.32450794257371	2.7018904438915	0.011534696757879	0.016090575476353	0.66395736066841	0.30076193360069	0.32450794257371	1.6181076308579	0.011534696757879	n145	/public4/group_crf/home/cuirf/deepsea/cellpaper/hyphy/Relax_Macrourus_sp/hyphytmp/41902871/	0.0355365635911144
N1.HOG0027494	Success	OG0014304	111	0.83053295350576	-9159.6839633481	-8993.6343999684	-8993.6114980979	1.1953246467331	0.045803741053533	0.00034861459646743	0.22402910188897	0.25132796494723	0.71893605387841	8.8853236152246	0.057034844232624	7.3617393440789e-05	0.22402910188897	0.1919079930602	0.71893605387841	13.613585316745	0.057034844232624	n0	/public4/group_crf/home/cuirf/deepsea/cellpaper/hyphy/Relax_Macrourus_sp/hyphytmp/51036084/	1
N1.HOG0025551	Success	OG0012472	136	0.90664389566172	-10414.944588426	-10186.609056816	-10186.602180364	0.0030043151724999	0.013752904611465	0	0.84042122027711	0.79395567961401	0.15810101430431	9999999171.5964	0.0014777654185844	0	0.84042122027711	0.99930706164793	0.15810101430431	1.0716257769744	0.0014777654185844	n0	/public4/group_crf/home/cuirf/deepsea/cellpaper/hyphy/Relax_Macrourus_sp/hyphytmp/93341375/	1
N1.HOG0008243	Success	OG0001366	85	0.32416012785646	-4918.992450891	-4871.0163575279	-4870.5303138063	2.0151302782249	0.97208744328782	0.0028940063743991	0.52727365802969	0.2164407373962	0.45139422572102	3.3608359760728	0.021332116249291	7.6663871579559e-06	0.52727365802969	0.045774278113664	0.45139422572102	11.504292872493	0.021332116249291	n112	/public4/group_crf/home/cuirf/deepsea/cellpaper/hyphy/Relax_Macrourus_sp/hyphytmp/77364970/	0.586217999639367
N1.HOG0015228	Success	OG0004383	75	0.043483724254269	-4722.065725201	-4670.4737347866	-4668.4354863877	0.050650789633219	4.0764967979521	8.4419681990268e-06	0.6663575491681	0.093031278449291	0.28757362749664	1	0.046068823335259	0.55337606110909	0.6663575491681	0.88666638488872	0.28757362749664	1	0.046068823335259	n73	/public4/group_crf/home/cuirf/deepsea/cellpaper/hyphy/Relax_Macrourus_sp/hyphytmp/92265958/	0.124924813158586
N1.HOG0004884	Success	OG0000636	391	0	-26771.117502455	-26150.871714387	-26069.239388754	35.285587327266	163.26465126676	1.7422563004437e-05	0.4325786318971	0.0052430924825384	0.42802765214696	1.1549156461667	0.13939371595594	1.2018310991013e-168	0.4325786318971	3.4222066727627e-81	0.42802765214696	161.11012587844	0.13939371595594	n136	/public4/group_crf/home/cuirf/deepsea/cellpaper/hyphy/Relax_Macrourus_sp/hyphytmp/64799250/	0
N1.HOG0027331	Success	OG0014151	27	1	-1999.7437599574	-1966.8893105465	-1966.8893105465	0.92505526333645	0	0.00048708824780757	0.5321526175183	0.23836012985043	0.45566621292313	20.501599647239	0.01218116955857	0.00086268852947119	0.5321526175183	0.26540351856693	0.45566621292313	16.348434101385	0.01218116955857	n0	/public4/group_crf/home/cuirf/deepsea/cellpaper/hyphy/Relax_Macrourus_sp/hyphytmp/52110924/	1
N1.HOG0014456	Success	OG0003976	96	0.00019100609885958	-7044.1776910744	-6978.4590544761	-6971.5002767295	0	13.917555493195	0.00033986828093751	0.60044617335514	0.1902463497695	0.38606211918685	3.4336477898667	0.013491707458007	1	0.60044617335514	1	0.38606211918685	1	0.013491707458007	n8	/public4/group_crf/home/cuirf/deepsea/cellpaper/hyphy/Relax_Macrourus_sp/hyphytmp/23264226/	0.000861344846346115
N1.HOG0021938	Success	OG0009021	312	0.41469569487434	-29930.260999746	-29360.867253363	-29360.534604273	0.6730438240731	0.66529817831906	0.00015217203426958	0.44031121566503	0.10141792953739	0.52205058671992	3.8471694411958	0.037638197615054	0.0026949086351603	0.44031121566503	0.21432442339235	0.52205058671992	2.4764282400489	0.037638197615054	n0	/public4/group_crf/home/cuirf/deepsea/cellpaper/hyphy/Relax_Macrourus_sp/hyphytmp/73233896/	0.700019633991591
N1.HOG0026618	Success	OG0013496	269	0.11165705201517	-23816.546489265	-23404.210264555	-23402.944959611	2.7173306530715	2.5306098882211	0.0001575318249679	0.35174634295791	0.077882980112229	0.61361643114028	2.6940072024402	0.034637225901818	4.6450707237088e-11	0.35174634295791	0.00097203721019445	0.61361643114028	14.775280115294	0.034637225901818	n0	/public4/group_crf/home/cuirf/deepsea/cellpaper/hyphy/Relax_Macrourus_sp/hyphytmp/37951924/	0.271709370201221
N1.HOG0014784	Success	OG0004153	37	1	-2975.4060588379	-2960.2936293244	-2960.2936293305	1.167723461153	-1.2015334505122e-08	0	0.28656952135498	0.23296006249324	0.71343047864502	15.634534368149	0	0	0.28656952135498	0.18245666525717	0.71343047864502	24.794823004837	0	n92	/public4/group_crf/home/cuirf/deepsea/cellpaper/hyphy/Relax_Macrourus_sp/hyphytmp/80125117/	1
N1.HOG0021038	Success	OG0008240	187	0.0013559887416552	-17419.698670994	-17071.420360454	-17066.288004254	0.49231035227247	10.264712399017	0.0084250184998834	0.82623313740462	1	0.17283671950082	253.70892182821	0.00093014309455677	0.095221947801094	0.82623313740462	1	0.17283671950082	15.264387238233	0.00093014309455677	n0	/public4/group_crf/home/cuirf/deepsea/cellpaper/hyphy/Relax_Macrourus_sp/hyphytmp/25893191/	0.00550730179234902
N1.HOG0018248	Success	OG0006200	182	0.87824995374744	-14554.968279379	-14329.151276987	-14329.139543693	0.91191548787083	0.023466589318559	0.031435088344011	0.81717113544218	0.34972106678691	0.16338742428273	7.4470846567396	0.019441440275085	0.042635285901494	0.81717113544218	0.3836302436329	0.16338742428273	6.2399025005974	0.019441440275085	n2	/public4/group_crf/home/cuirf/deepsea/cellpaper/hyphy/Relax_Macrourus_sp/hyphytmp/29199829/	1
N1.HOG0015677	Success	OG0004654	131	1.2122991499552e-10	-10616.090045943	-10386.486142372	-10365.763607077	7.9269982054841	41.445070590355	1.1570962774095e-05	0.51972196027896	0.11920717610679	0.27277277953542	1.8730824019065	0.20750526018562	7.3678174456072e-40	0.51972196027896	4.7626732080816e-08	0.27277277953542	144.72978833715	0.20750526018562	n0	/public4/group_crf/home/cuirf/deepsea/cellpaper/hyphy/Relax_Macrourus_sp/hyphytmp/23012182/	1.04659795960956e-09
N1.HOG0027816	Success	OG0014611	52	0.77243583020899	-3438.8157203837	-3343.9132333197	-3343.8714178335	0.52193960755013	0.083630972299943	0	0.06354091839424	0.067096883257414	0.69779462017493	2.6253916887721	0.23866446143083	0	0.06354091839424	0.24412344135674	0.69779462017493	1.6549847916043	0.23866446143083	n0	/public4/group_crf/home/cuirf/deepsea/cellpaper/hyphy/Relax_Macrourus_sp/hyphytmp/75607126/	0.999280689984221
N1.HOG0014684	Success	OG0004100	163	0	-12404.987820748	-12134.253990928	-12090.575328887	22.141184448054	87.357324082117	0.0011507841207351	0.51289442922685	0.03104640726585	0.32927925135569	1.2806903804282	0.15782631941747	8.4512893916428e-66	0.51289442922685	4.0864403161734e-34	0.32927925135569	239.29889129342	0.15782631941747	n2	/public4/group_crf/home/cuirf/deepsea/cellpaper/hyphy/Relax_Macrourus_sp/hyphytmp/37502105/	0
N1.HOG0011611	Success	OG0002548	207	1.6261874567602e-05	-17411.083685233	-17209.692754663	-17200.400985393	0.087412355456096	18.583538539315	0.003138704763296	0.86955997637326	0.63350293270992	0.12977156712841	961.45305338699	0.000668456498333	0.60420603938487	0.86955997637326	0.96088271428648	0.12977156712841	1.8228241337063	0.000668456498333	n119	/public4/group_crf/home/cuirf/deepsea/cellpaper/hyphy/Relax_Macrourus_sp/hyphytmp/50414325/	8.54370046089915e-05
N1.HOG0008046	Success	OG0001312	122	0.84691542232379	-4117.373805839	-4000.1754062775	-4000.1567710446	0.97095779925173	0.037270465781148	2.7286852026211e-05	0.67175356748941	0.059290316331944	0.32471879893542	908.09082653722	0.0035276335751671	3.702570974928e-05	0.67175356748941	0.064360442178726	0.32471879893542	745.10710363293	0.0035276335751671	n108	/public4/group_crf/home/cuirf/deepsea/cellpaper/hyphy/Relax_Macrourus_sp/hyphytmp/86561617/	1
N1.HOG0026880	Success	OG0013736	23	0.072170086294161	-1993.2738151077	-1949.0046865695	-1947.3882060342	0.4131682240883	3.2329610705892	0.0042075753221744	0.73913383707348	0.80866724968351	0.1986749151453	8.7726750788104	0.062191247781221	0.1043098880574	0.73913383707348	0.9159956995897	0.1986749151453	2.4528567852509	0.062191247781221	n4	/public4/group_crf/home/cuirf/deepsea/cellpaper/hyphy/Relax_Macrourus_sp/hyphytmp/15425722/	0.191339827551495
N1.HOG0025216	Success	OG0012141	171	0.75719937621982	-11516.240692622	-11445.135727482	-11445.087937349	0.74174505739799	0.095580266141042	0.00071467239263085	0.48256990182952	0.052716355330082	0.48251714741615	1	0.034912950754331	0.0046403359165235	0.48256990182952	0.11272215944004	0.48251714741615	1	0.034912950754331	n0	/public4/group_crf/home/cuirf/deepsea/cellpaper/hyphy/Relax_Macrourus_sp/hyphytmp/87563102/	0.991082352177402
N1.HOG0017164	Success	OG0005507	167	0.63491882315611	-9338.8234680219	-9195.1384086212	-9195.0256839674	1.6512193040145	0.22544930744334	0.00033196210226146	0.52685369571967	0.1111389184274	0.47238030845685	9999999171.5964	0.00076599582348874	1.8011678422754e-06	0.52685369571967	0.026577602072259	0.47238030845685	32523178351156904	0.00076599582348874	n0	/public4/group_crf/home/cuirf/deepsea/cellpaper/hyphy/Relax_Macrourus_sp/hyphytmp/54986286/	0.919722207573522
N1.HOG0026606	Success	OG0013487	48	0.13691981502206	-2978.3539364299	-2921.8299005992	-2920.7237810495	0	2.2122390994891	0.0034429266976036	0.53767677205482	0.16129721696252	0.45242503823424	9999999171.5964	0.0098981897109414	1	0.53767677205482	1	0.45242503823424	1	0.0098981897109414	n0	/public4/group_crf/home/cuirf/deepsea/cellpaper/hyphy/Relax_Macrourus_sp/hyphytmp/71662084/	0.315351515661817
N1.HOG0023352	Success	OG0010342	129	0.65757823740975	-15568.086112978	-15248.844886849	-15248.746647474	1.0407984903468	0.19647875007286	0.00023359729165271	0.43388824177573	0.01589333757016	0.34824268085448	1.1345471130198	0.21786907736979	0.00016607596015008	0.43388824177573	0.013422314163592	0.34824268085448	1.1404052598015	0.21786907736979	n0	/public4/group_crf/home/cuirf/deepsea/cellpaper/hyphy/Relax_Macrourus_sp/hyphytmp/94079152/	0.939085130398961
N1.HOG0015038	Success	OG0004283	331	0.0021041265886785	-24131.529557441	-23809.191001756	-23804.462797517	3.2576191392417	9.4564084774756	7.1880989416134e-05	0.19007510099371	0.052214316555708	0.79425218974088	5.6235634349305	0.015672709265406	3.1799963114974e-14	0.19007510099371	6.6534493216784e-05	0.79425218974088	277.49306745303	0.015672709265406	n103	/public4/group_crf/home/cuirf/deepsea/cellpaper/hyphy/Relax_Macrourus_sp/hyphytmp/25189525/	0.00831009075712566
N1.HOG0003943	Success	OG0000495	129	0.52181869005553	-7624.9990344633	-7270.4809968803	-7270.2758482735	31.313289252039	0.41029721361338	0	0.61764583082233	0.082939974473486	0.37429687780811	573.07893218879	0.0080572913695611	0	0.61764583082233	1.3897643544769e-34	0.37429687780811	2.337581022929e+86	0.0080572913695611	n18	/public4/group_crf/home/cuirf/deepsea/cellpaper/hyphy/Relax_Macrourus_sp/hyphytmp/34857263/	0.817214685064176
N1.HOG0019570	Success	OG0007110	178	0.98973586291216	-12127.538698512	-11746.71742786	-11746.717345112	0.99923635966465	0.00016549646534258	3.5266577379475e-05	0.51356229905033	0.018600304617466	0.47150757320753	9.1114294213406	0.014930127742139	3.5543772982969e-05	0.51356229905033	0.018656987519218	0.47150757320753	9.0960687972103	0.014930127742139	n0	/public4/group_crf/home/cuirf/deepsea/cellpaper/hyphy/Relax_Macrourus_sp/hyphytmp/48412898/	1
N1.HOG0026263	Success	OG0013157	65	0.74021840305638	-4492.1478044769	-4443.4697023846	-4443.4147349959	0.62316503347198	0.10993477738157	0.0001115327082391	0.63553438499854	0.087940331279849	0.35251632810232	2.6701160791426	0.011949286899141	0.0034425423330568	0.63553438499854	0.21981379301334	0.35251632810232	1.8441603072111	0.011949286899141	n0	/public4/group_crf/home/cuirf/deepsea/cellpaper/hyphy/Relax_Macrourus_sp/hyphytmp/64977065/	0.982762918431886
N1.HOG0025755	Success	OG0012675	87	2.8130246432223e-06	-7771.0019189592	-7665.6625909783	-7654.6925690322	1.142915129105e-06	21.940043892151	0	0.3779231386481	0.10594020617624	0.60601875179527	286.58566233125	0.01605810955663	0	0.3779231386481	0.99999743429548	0.60601875179527	1.0000064666776	0.01605810955663	n0	/public4/group_crf/home/cuirf/deepsea/cellpaper/hyphy/Relax_Macrourus_sp/hyphytmp/15716456/	1.63822926679861e-05
N1.HOG0022236	Success	OG0009304	106	0.15084202767876	-6412.4489531834	-6369.0624465213	-6368.0305890074	0.10345322773134	2.0637150278726	1.1890134073375e-06	0.7297504293867	0.10238959080429	0.2666925030795	7.1049187861903	0.0035570675337972	0.24381417191277	0.7297504293867	0.7899648520708	0.2666925030795	1.2248884495805	0.0035570675337972	n0	/public4/group_crf/home/cuirf/deepsea/cellpaper/hyphy/Relax_Macrourus_sp/hyphytmp/35898850/	0.336117514334773
N1.HOG0007268	Success	OG0001123	156	0.76165681252048	-16387.267967006	-15855.472071384	-15855.426074174	1.0203157457753	0.09199441945384	6.5961460412055e-05	0.47803526636246	0.009967350137497	0.40987403693686	1.4362956097369	0.11209069670068	5.424453945744e-05	0.47803526636246	0.0090765199991462	0.40987403693686	1.4468994738792	0.11209069670068	n108	/public4/group_crf/home/cuirf/deepsea/cellpaper/hyphy/Relax_Macrourus_sp/hyphytmp/95316832/	0.994023910878425
N1.HOG0000652	Success	OG0000050	321	2.3558642663679e-05	-32523.397463342	-31846.931635551	-31837.992870949	0.52422288363779	17.877529204918	0.0078247570499303	0.76243169059957	0.78766059012063	0.23408526493514	13.638606084642	0.0034830444652938	0.078651900447806	0.76243169059957	0.88238596705263	0.23408526493514	3.9343445845958	0.0034830444652938	n12	/public4/group_crf/home/cuirf/deepsea/cellpaper/hyphy/Relax_Macrourus_sp/hyphytmp/80886559/	0.000119391587304426
N1.HOG0027321	Success	OG0014141	150	0.078095539125137	-9853.7621687754	-9806.4509323938	-9804.8988840109	9.8926193150886e-06	3.1040967657063	0	0.60773887255198	0.23288850514499	0.34666864100669	1.5616652272455	0.045592486441331	0	0.60773887255198	0.99998558462396	0.34666864100669	1.0000044096715	0.045592486441331	n0	/public4/group_crf/home/cuirf/deepsea/cellpaper/hyphy/Relax_Macrourus_sp/hyphytmp/22872007/	0.204524597891746
N1.HOG0027873	Success	OG0014668	37	0.36714394327019	-1854.125650403	-1836.6054841544	-1836.1988299844	2.4803204131465e-05	0.81330833993479	0	0.53789587784119	0.26951192230373	0.45753488199124	16.544992617969	0.0045692401675695	0	0.53789587784119	0.99996747998997	0.45753488199124	1.0000696022839	0.0045692401675695	n0	/public4/group_crf/home/cuirf/deepsea/cellpaper/hyphy/Relax_Macrourus_sp/hyphytmp/17935568/	0.641009445668889
N1.HOG0020178	Success	OG0007555	178	0.28706944335326	-11572.780209088	-11257.801175569	-11257.234518297	20.022604880068	1.1333145445678	0.00012986275618745	0.65566623228417	0.23997589181548	0.34072329600216	3999.9983996005	0.0036104717136627	1.5199808156612e-78	0.65566623228417	3.8845529832751e-13	0.34072329600216	1.3262349894152e+72	0.0036104717136627	n18	/public4/group_crf/home/cuirf/deepsea/cellpaper/hyphy/Relax_Macrourus_sp/hyphytmp/43840735/	0.540773359299233
N1.HOG0027021	Success	OG0013865	51	0.81246403334174	-4875.4288589448	-4810.5565209659	-4810.5283775469	0.3599343341219	0.056286838069354	0.013756542032955	0.6764153902978	0.88209081274198	0.32242354535683	9999999171.5964	0.001161064345377	0.21378910887493	0.6764153902978	0.95584696490552	0.32242354535683	3975.0567043866	0.001161064345377	n0	/public4/group_crf/home/cuirf/deepsea/cellpaper/hyphy/Relax_Macrourus_sp/hyphytmp/45617582/	1
N1.HOG0011468	Success	OG0002482	77	0.0015025417204961	-5680.6074582114	-5620.6247488907	-5615.5870009067	3.4658717173364e-07	10.07549596802	0	0.56516935372524	0.1236002594268	0.43247456056886	8.9899999284942	0.0023560857059055	0	0.56516935372524	0.99999927538955	0.43247456056886	1.0000007611448	0.0023560857059055	n107	/public4/group_crf/home/cuirf/deepsea/cellpaper/hyphy/Relax_Macrourus_sp/hyphytmp/99041188/	0.0060881289523875
N1.HOG0026903	Success	OG0013759	46	0.71043874339524	-4105.6587404435	-4077.4188429946	-4077.3499234363	0.45923299602645	0.13783911657538	0.0054069970586013	0.67416155940608	0.46273137630404	0.30494812105609	3.2164177027352	0.020890319537831	0.090970095992203	0.67416155940608	0.70195296107461	0.30494812105609	1.7100238493282	0.020890319537831	n0	/public4/group_crf/home/cuirf/deepsea/cellpaper/hyphy/Relax_Macrourus_sp/hyphytmp/16584498/	0.971762548688712
N1.HOG0010416	Success	OG0002066	116	0.027226386866977	-4887.0149687825	-4753.3437405618	-4750.9055418297	0.21580923768258	4.8763974642443	8.1402926173145e-05	0.58999667764916	0.023048194963873	0.40932487680836	9999999171.5964	0.00067844554247885	0.13106246727952	0.58999667764916	0.44324303676723	0.40932487680836	143.91046254525	0.00067844554247885	n1	/public4/group_crf/home/cuirf/deepsea/cellpaper/hyphy/Relax_Macrourus_sp/hyphytmp/32337796/	0.0841275766860908
N1.HOG0024912	Success	OG0011842	129	0.021028406040351	-12785.948112973	-12618.48184096	-12615.819622663	5.712759750375	5.3244365932514	0.00027114758174775	0.48093846862352	0.09878238963755	0.46021902296714	1.7766845968237	0.058842508409343	4.2049543744643e-21	0.48093846862352	1.8065320504704e-06	0.46021902296714	26.666369194331	0.058842508409343	n0	/public4/group_crf/home/cuirf/deepsea/cellpaper/hyphy/Relax_Macrourus_sp/hyphytmp/91074804/	0.0671501888054331
N1.HOG0007558	Success	OG0001197	516	0.062440463136792	-29607.277801308	-28830.769428798	-28829.033755537	0.80723566578784	3.4713465232417	1.8013073130265e-05	0.53843954318207	0.039826072744309	0.4453773779104	5.4662856005491	0.016183078907532	0.00014795895958868	0.53843954318207	0.074131922984529	0.4453773779104	3.9399576176843	0.016183078907532	n317	/public4/group_crf/home/cuirf/deepsea/cellpaper/hyphy/Relax_Macrourus_sp/hyphytmp/10893251/	0.171088860716122
N1.HOG0021330	Success	OG0008482	107	0.11495517017473	-9100.1762773191	-8904.880757451	-8903.6383862623	0.23074676109457	2.4847423773281	1.0726731656856e-05	0.54659356068318	0.094800594642242	0.43875188190909	5.8576038791559	0.01465455740773	0.071333979423046	0.54659356068318	0.58063400450005	0.43875188190909	1.5036574252508	0.01465455740773	n0	/public4/group_crf/home/cuirf/deepsea/cellpaper/hyphy/Relax_Macrourus_sp/hyphytmp/76543384/	0.275828187653891
N1.HOG0020909	Success	OG0008128	572	0	-33042.881840126	-32202.975470513	-32149.283125578	4.6470221671469e-08	107.3846898701	0	0.57157263740821	0.02868121331947	0.42410805307544	45.341644570322	0.0043193095163533	0	0.57157263740821	0.99999983496042	0.42410805307544	1.0000001772479	0.0043193095163533	n0	/public4/group_crf/home/cuirf/deepsea/cellpaper/hyphy/Relax_Macrourus_sp/hyphytmp/91242380/	0
N1.HOG0020634	Success	OG0007906	282	0.87636722768296	-23153.195658663	-22661.664311766	-22661.652209817	0.98869442672	0.024203898137785	0.00018455869501659	0.42200019801338	0.06982964899231	0.57200483966196	25.116130724438	0.0059949623246677	0.00020339861933111	0.42200019801338	0.071962899110419	0.57200483966196	24.217285769393	0.0059949623246677	n0	/public4/group_crf/home/cuirf/deepsea/cellpaper/hyphy/Relax_Macrourus_sp/hyphytmp/85785426/	1
N1.HOG0015937	Success	OG0004799	13	1	-549.25806301221	-548.9598962132	-548.95989625123	1.0816109356607	-7.6055584941059e-08	0	0.11968856616011	0.24998919171403	0.88031143383989	15.634534368149	0	0	0.11968856616011	0.22324668604388	0.88031143383989	19.567499961983	0	n0	/public4/group_crf/home/cuirf/deepsea/cellpaper/hyphy/Relax_Macrourus_sp/hyphytmp/48425435/	1
N1.HOG0015247	Success	OG0004393	97	0.99542532901446	-8231.2138858597	-7926.5393806603	-7926.5393642236	0.99923635966465	3.2873380405363e-05	0.00065319246786803	0.59620015477656	0.15021483282396	0.37534126363752	109.98664541581	0.028458581585924	0.00065686077921056	0.59620015477656	0.15043244495709	0.37534126363752	109.5925688141	0.028458581585924	n2	/public4/group_crf/home/cuirf/deepsea/cellpaper/hyphy/Relax_Macrourus_sp/hyphytmp/93997517/	1
N1.HOG0023984	Success	OG0010940	260	0.9952499464444	-20940.539188067	-20559.957912172	-20559.957894451	0.99023174111332	3.544231003616e-05	0	0.27119660558375	0.02932205879912	0.63980420705688	1.4698902078789	0.088999187359374	0	0.27119660558375	0.030350601438433	0.63980420705688	1.4643699712533	0.088999187359374	n0	/public4/group_crf/home/cuirf/deepsea/cellpaper/hyphy/Relax_Macrourus_sp/hyphytmp/70837103/	1
N1.HOG0017560	Success	OG0005757	21	0.2646456395034	-2239.5043303335	-2199.3877225074	-2198.7655769194	0.40044497316028	1.2442911759617	0	0.31261865440985	0.0063897725733484	0.45691290928642	3.2447689198337	0.23046843630373	0	0.31261865440985	0.13219580087893	0.45691290928642	1.6021418777891	0.23046843630373	n0	/public4/group_crf/home/cuirf/deepsea/cellpaper/hyphy/Relax_Macrourus_sp/hyphytmp/53012844/	0.51142993100882
N1.HOG0027051	Success	OG0013890	332	0.43574534215416	-22035.599940132	-21605.965866334	-21605.662135767	0.042269582427779	0.60746113520872	0.00010034510813636	0.41883945547623	0.072962725951565	0.56605364248604	6.6119927733207	0.015106902037727	0.67761796933267	0.41883945547623	0.89524881777276	0.56605364248604	1.0831163376272	0.015106902037727	n0	/public4/group_crf/home/cuirf/deepsea/cellpaper/hyphy/Relax_Macrourus_sp/hyphytmp/69169719/	0.718650463313406
N1.HOG0012168	Success	OG0002798	228	3.3306690738755e-16	-19500.109151124	-18972.378209884	-18939.095918121	43.252156989397	66.564583525142	5.2323023417829e-05	0.33412036233432	0.027192299879198	0.52152611549425	1.6706702171531	0.14435352217143	6.6716032948481e-186	0.33412036233432	1.9337933682257e-68	0.52152611549425	4370235793.2273	0.14435352217143	n1	/public4/group_crf/home/cuirf/deepsea/cellpaper/hyphy/Relax_Macrourus_sp/hyphytmp/61157474/	4.65210525928302e-15
N1.HOG0025365	Success	OG0012288	194	0	-9435.9720704751	-9395.5426817635	-9303.6291597542	1.835232289306e-07	183.82704401843	0	0.71767360311352	0.02602118021445	0.27584571448168	2.2825797313874	0.0064806824048053	0	0.71767360311352	0.99999933035251	0.27584571448168	1.0000001514629	0.0064806824048053	n0	/public4/group_crf/home/cuirf/deepsea/cellpaper/hyphy/Relax_Macrourus_sp/hyphytmp/95877392/	0
N1.HOG0021828	Success	OG0008918	129	0.41123445560698	-10534.961403454	-10465.555114408	-10465.217499904	0.35651283867117	0.67522900733456	0.0011185130706394	0.34963795162075	0.080845657075651	0.58449698072813	1.6926516051405	0.065865067651119	0.088675296160021	0.34963795162075	0.40791116026213	0.58449698072813	1.206388742368	0.065865067651119	n0	/public4/group_crf/home/cuirf/deepsea/cellpaper/hyphy/Relax_Macrourus_sp/hyphytmp/56528947/	0.6959235321954
N1.HOG0002734	Success	OG0000309	152	0.0057981833621178	-5966.9620135683	-5701.2144841923	-5697.4084949877	2.3269002233201e-06	7.6119784091916	0	0.5199469689552	0.026157218992355	0.45569284461245	8.3900881522771	0.024360186432347	0	0.5199469689552	0.99999152167233	0.45569284461245	1.0000049494478	0.024360186432347	n153	/public4/group_crf/home/cuirf/deepsea/cellpaper/hyphy/Relax_Macrourus_sp/hyphytmp/35668416/	0.0211044046951661
N1.HOG0025045	Success	OG0011972	330	0.019104190573775	-30311.519875875	-29813.425546332	-29810.679569808	0.33524470858484	5.4919530487823	0.0011041444580544	0.55312538909334	0.132522246141	0.38682692467412	2.4840378815324	0.06004768623254	0.102021118022	0.55312538909334	0.5078692993684	0.38682692467412	1.3566714960455	0.06004768623254	n0	/public4/group_crf/home/cuirf/deepsea/cellpaper/hyphy/Relax_Macrourus_sp/hyphytmp/40379195/	0.062043477137515
N1.HOG0013605	Success	OG0003524	229	0.75389439190801	-16496.912491089	-16201.348923707	-16201.299779929	0.83347755589942	0.098287556469586	0.00019932382851281	0.54021962080496	0.10860551801592	0.44632692647208	7.5031386150357	0.013453452722966	0.00082369354612972	0.54021962080496	0.15718249961431	0.44632692647208	5.3640815436815	0.013453452722966	n111	/public4/group_crf/home/cuirf/deepsea/cellpaper/hyphy/Relax_Macrourus_sp/hyphytmp/81325118/	0.990030703683537
N1.HOG0022924	Success	OG0009935	71	0.86639366318511	-5498.8493713619	-5417.3724146791	-5417.3582621569	0.78447082637743	0.028305044392255	4.5666083195545e-06	0.39737775861891	0.0090899494333555	0.52143603367771	1.1284791493172	0.081186207703385	6.465574294975e-05	0.39737775861891	0.02503519781073	0.52143603367771	1.0994605476071	0.081186207703385	n0	/public4/group_crf/home/cuirf/deepsea/cellpaper/hyphy/Relax_Macrourus_sp/hyphytmp/78928570/	1
N1.HOG0022423	Success	OG0009461	120	1.0592609931415e-06	-12510.889139783	-12180.323442864	-12168.414792569	1.4678464625042e-07	23.817300589511	0	0.20264479978019	0.0078240822690677	0.6697414025516	1.0615835960816	0.12761379766821	0	0.20264479978019	0.99999928801416	0.6697414025516	1.0000000087721	0.12761379766821	n0	/public4/group_crf/home/cuirf/deepsea/cellpaper/hyphy/Relax_Macrourus_sp/hyphytmp/65659996/	6.45322831991878e-06
N1.HOG0022560	Success	OG0009591	108	0.27658738518062	-7242.1565687764	-7054.5110782977	-7053.9191872652	0.94069755971977	1.1837820650308	3.3191097359927e-05	0.60232406104484	0.063113944929028	0.38042903691088	4.1547176067837	0.017246902044281	6.1183731395075e-05	0.60232406104484	0.074349974295163	0.38042903691088	3.8182159671125	0.017246902044281	n2	/public4/group_crf/home/cuirf/deepsea/cellpaper/hyphy/Relax_Macrourus_sp/hyphytmp/54763670/	0.529150476325507
N1.HOG0018118	Success	OG0006105	347	0.67963460878331	-31825.696793723	-31499.757375613	-31499.672106893	0.85205732257728	0.17053744008444	0.066951993251438	0.70110029154578	0.64014621571435	0.27313456564966	8.523892452552	0.025765142804563	0.099881073446448	0.70110029154578	0.68381521372309	0.27313456564966	6.2080740674155	0.025765142804563	n0	/public4/group_crf/home/cuirf/deepsea/cellpaper/hyphy/Relax_Macrourus_sp/hyphytmp/83957234/	0.959770098961896
N1.HOG0027342	Success	OG0014162	112	0.78010984668574	-8476.4375607618	-8403.6758220436	-8403.6368524553	0.71013876693689	0.077939176586369	0.00010078834847455	0.42402822572589	0.25806475059523	0.55623120546212	2.4828079455566	0.019740568811993	0.0014516661130445	0.42402822572589	0.38216044649959	0.55623120546212	1.9074994653709	0.019740568811993	n0	/public4/group_crf/home/cuirf/deepsea/cellpaper/hyphy/Relax_Macrourus_sp/hyphytmp/26698627/	1
N1.HOG0014745	Success	OG0004131	283	0.16162809162735	-21300.958095264	-20544.698294642	-20543.718831007	0.19805428233385	1.958927269261	1.2787897498314e-06	0.88250840385743	1	0.11000203911929	35.439476952858	0.0074895570232756	0.068049718705082	0.88250840385743	1	0.11000203911929	2.0271346441572	0.0074895570232756	n115	/public4/group_crf/home/cuirf/deepsea/cellpaper/hyphy/Relax_Macrourus_sp/hyphytmp/40895700/	0.356453223897031
N1.HOG0027042	Success	OG0013881	93	1.9231792391938e-07	-8684.175011736	-8505.5189169992	-8491.9645041423	5.0102226669846e-06	27.108825713825	0	0.2473977325603	0.092282725108611	0.74092066439717	136.69782175933	0.01168160304253	0	0.2473977325603	0.99998806122012	0.74092066439717	1.0000246394403	0.01168160304253	n0	/public4/group_crf/home/cuirf/deepsea/cellpaper/hyphy/Relax_Macrourus_sp/hyphytmp/46822899/	1.2856116470564e-06
N1.HOG0021968	Success	OG0009050	402	2.7461107835802e-05	-36325.034308606	-35607.824732541	-35599.031762159	1.9416857132173	17.585940764067	0.0016760012596885	0.61126036490219	0.27008669078186	0.37682744497439	18.093352022872	0.011912190123419	4.0776800231166e-06	0.61126036490219	0.078733191073131	0.37682744497439	276.50738833088	0.011912190123419	n0	/public4/group_crf/home/cuirf/deepsea/cellpaper/hyphy/Relax_Macrourus_sp/hyphytmp/10365953/	0.000136748357280892
N1.HOG0020521	Success	OG0007816	63	0.29209855724317	-6486.5848063778	-6408.6239821592	-6408.0690203601	0.24642735682468	1.1099235982256	1.8817117881804e-05	0.42602992457447	0.061067268022913	0.39014381686313	1.0848238410345	0.1838262585624	0.068473198030176	0.42602992457447	0.50209973925062	0.39014381686313	1.0202661531726	0.1838262585624	n0	/public4/group_crf/home/cuirf/deepsea/cellpaper/hyphy/Relax_Macrourus_sp/hyphytmp/13075555/	0.546650676845061
N1.HOG0025854	Success	OG0012764	71	0.66373613941635	-7120.4929930343	-7024.5791265225	-7024.4846180927	0.098367691698195	0.18901685954552	0.00010726914970881	0.49734095546613	0.21830898220758	0.37075365847244	1.8361516146246	0.13190538606144	0.40693680661083	0.49734095546613	0.86096599627441	0.37075365847244	1.0615979563009	0.13190538606144	n0	/public4/group_crf/home/cuirf/deepsea/cellpaper/hyphy/Relax_Macrourus_sp/hyphytmp/13773822/	0.944737934977042
N1.HOG0018340	Success	OG0006256	57	0.0097070396340795	-4866.2935543932	-4797.1776536744	-4793.8337120589	11.821303427963	6.6878832309176	0.00046683541730224	0.59148697654621	0.1431188139238	0.28525846524173	1.6423947724072	0.12325455821206	4.218660506403e-40	0.59148697654621	1.0452852965511e-10	0.28525846524173	352.55392030756	0.12325455821206	n0	/public4/group_crf/home/cuirf/deepsea/cellpaper/hyphy/Relax_Macrourus_sp/hyphytmp/49346529/	0.033895719697863
N1.HOG0027391	Success	OG0014202	83	0.44321114099513	-6743.8811108463	-6638.8692073652	-6638.5752300485	3.2573196525994e-06	0.58795463347633	0	0.55686144291204	1	0.43922875701329	9999999171.5964	0.0039098000746759	0	0.55686144291204	1	0.43922875701329	1.0000750053692	0.0039098000746759	n0	/public4/group_crf/home/cuirf/deepsea/cellpaper/hyphy/Relax_Macrourus_sp/hyphytmp/94691199/	0.724487859400222
N1.HOG0016645	Success	OG0005201	256	0.7739011107854	-21682.926025228	-21186.768094491	-21186.726830783	2.1850559652389	0.082527415353979	4.7074394865276e-05	0.55877127497383	0.13309601799307	0.41790273794268	4.7729298586413	0.023325987083488	3.5058432645356e-10	0.55877127497383	0.012196961272209	0.41790273794268	30.421689358229	0.023325987083488	n0	/public4/group_crf/home/cuirf/deepsea/cellpaper/hyphy/Relax_Macrourus_sp/hyphytmp/90355081/	0.999670758142344
N1.HOG0026132	Success	OG0013039	61	1	-4718.8503824345	-4635.8490998915	-4635.8490998915	0.92505526333645	0	0	0.50086528049241	0.00031110943958058	0.36022449604722	1	0.13891022346037	0	0.50086528049241	0.0005698373164033	0.36022449604722	1	0.13891022346037	n0	/public4/group_crf/home/cuirf/deepsea/cellpaper/hyphy/Relax_Macrourus_sp/hyphytmp/68567617/	1
N1.HOG0023410	Success	OG0010396	135	0.71996384826199	-14389.571716389	-14149.334832634	-14149.27056896	0.84497613358236	0.12852734770422	8.3240860590036e-05	0.51484670106959	0.28996580915325	0.43089779231248	4.0067665362314	0.054255506617934	0.00035709334906954	0.51484670106959	0.35131433487908	0.43089779231248	3.2310715518959	0.054255506617934	n0	/public4/group_crf/home/cuirf/deepsea/cellpaper/hyphy/Relax_Macrourus_sp/hyphytmp/61999181/	0.97493203711678
N1.HOG0014617	Success	OG0004055	200	0.11018474575418	-17460.663217536	-17025.749820398	-17024.474035623	0.48854212111798	2.5515695484937	1.9185147614362e-05	0.54167632572022	0.18482117992507	0.45136090810038	44.943596658721	0.0069627661793941	0.0049605494874114	0.54167632572022	0.43830592253872	0.45136090810038	6.4179723896116	0.0069627661793941	n115	/public4/group_crf/home/cuirf/deepsea/cellpaper/hyphy/Relax_Macrourus_sp/hyphytmp/63191451/	0.269270829595564
N1.HOG0019464	Success	OG0007038	262	2.5535129566379e-15	-18162.464632202	-17928.422179602	-17897.141075707	4.9042357606397e-07	62.56220779039	0	0.67224086180514	0.23086606948048	0.31752182523439	7.0916202452326	0.010237312960468	0	0.67224086180514	0.99999928107974	0.31752182523439	1.000000960698	0.010237312960468	n0	/public4/group_crf/home/cuirf/deepsea/cellpaper/hyphy/Relax_Macrourus_sp/hyphytmp/92623645/	3.32343580265448e-14
N1.HOG0023048	Success	OG0010055	370	0.63019433195823	-27613.747185681	-26955.402994252	-26955.287095591	1.0080381768218	0.23179732205608	0.00020195081608537	0.60375187723806	0.088347070128762	0.38863330595236	20.211860187766	0.007614816809577	0.00018860209970262	0.60375187723806	0.086640601292639	0.38863330595236	20.706227418394	0.007614816809577	n0	/public4/group_crf/home/cuirf/deepsea/cellpaper/hyphy/Relax_Macrourus_sp/hyphytmp/96129469/	0.915193459259712
N1.HOG0010278	Success	OG0002017	212	0.767973023728	-11949.741494821	-11745.104081984	-11745.06056143	2.0324464185671	0.087041108756239	6.0125173925459e-05	0.62587919223958	0.030274428731419	0.34661773873396	1.0350119794561	0.027503069026469	2.6372918142848e-09	0.62587919223958	0.0008182165666361	0.34661773873396	1.0724466002919	0.027503069026469	n1	/public4/group_crf/home/cuirf/deepsea/cellpaper/hyphy/Relax_Macrourus_sp/hyphytmp/41619496/	0.997776379746346
N1.HOG0026170	Success	OG0013077	66	0.31247197890665	-5409.3135957326	-5356.6110768464	-5356.1009777015	0.034475520254331	1.0201982898834	2.2601048849766e-10	0.81336250001565	0.81586081789021	0.1777470669204	9.5731747834641	0.0088904330639485	0.4650006553568	0.81336250001565	0.99300839081453	0.1777470669204	1.080991839877	0.0088904330639485	n0	/public4/group_crf/home/cuirf/deepsea/cellpaper/hyphy/Relax_Macrourus_sp/hyphytmp/11873971/	0.571092404001728
N1.HOG0015741	Success	OG0004692	192	0.10147399251303	-11442.291948625	-11191.895927669	-11190.554816211	7.0728589965036e-08	2.6822229160025	0	0.33082112527226	0.00099823375471911	0.63804780538388	2.8297202702543	0.031131069343852	0	0.33082112527226	0.99999951129929	0.63804780538388	1.0000000735703	0.031131069343852	n489	/public4/group_crf/home/cuirf/deepsea/cellpaper/hyphy/Relax_Macrourus_sp/hyphytmp/47042777/	0.2533899987462
N1.HOG0004619	Success	OG0000592	158	0.6012528343313	-10708.572886444	-10377.323024726	-10377.186469491	0.43871322138622	0.27311046903924	5.4408520455596e-11	0.56434939479755	0.064388911359335	0.42424686493642	16.240457719437	0.011403740266029	3.1397955342203e-05	0.56434939479755	0.30019929824544	0.42424686493642	3.3970775771809	0.011403740266029	n2	/public4/group_crf/home/cuirf/deepsea/cellpaper/hyphy/Relax_Macrourus_sp/hyphytmp/68719516/	0.8932602052651
N1.HOG0012146	Success	OG0002788	119	0.98632034357037	-9103.3059543467	-8986.4866909321	-8986.4865439437	0.98534921110071	0.00029397663456621	0	0.48982557185652	0.13200081252641	0.44158902732327	2.33337127156	0.068585400820204	0	0.48982557185652	0.13597555841434	0.44158902732327	2.3045842679348	0.068585400820204	n1	/public4/group_crf/home/cuirf/deepsea/cellpaper/hyphy/Relax_Macrourus_sp/hyphytmp/92740545/	1
N1.HOG0022736	Success	OG0009752	223	0	-20807.039347152	-20628.146961105	-20545.867124526	50	164.55967315773	0.00018097971713759	0.47401588633621	0.032670885184946	0.34139322067835	1.0961979231237	0.18459089298544	7.6119382205008e-188	0.47401588633621	5.1055798220973e-75	0.34139322067835	98.729911050231	0.18459089298544	n0	/public4/group_crf/home/cuirf/deepsea/cellpaper/hyphy/Relax_Macrourus_sp/hyphytmp/67926873/	0
N1.HOG0026932	Success	OG0013787	293	0.84559127768412	-18114.738715139	-17944.724007822	-17944.705044691	0.81848572639131	0.037926263627014	0.0048662428561256	0.68672296919836	0.25142432229716	0.30595115264569	7.1497089697927	0.0073258781559469	0.012793846045389	0.68672296919836	0.32302930552654	0.30595115264569	5.0029116364587	0.0073258781559469	n0	/public4/group_crf/home/cuirf/deepsea/cellpaper/hyphy/Relax_Macrourus_sp/hyphytmp/79001936/	1
N1.HOG0025265	Success	OG0012188	123	0.46174667651039	-14175.982333017	-13836.022045909	-13835.751217233	2.6541357133966	0.54165735223069	0.00010563436136924	0.48776966318534	0.19068424304562	0.46612088145917	3.6926975159676	0.04610945535549	2.7966583025216e-11	0.48776966318534	0.012298660899544	0.46612088145917	32.048467478198	0.04610945535549	n0	/public4/group_crf/home/cuirf/deepsea/cellpaper/hyphy/Relax_Macrourus_sp/hyphytmp/99177117/	0.746266030333819
N1.HOG0013758	Success	OG0003612	235	1	-21458.0653004	-20790.055681994	-20790.055681994	1.1620963895399	0	0.00019819349806112	0.50694814120241	0.034841021056423	0.41898132806245	2.3690254325056	0.074070530735135	4.9757776421052e-05	0.50694814120241	0.020219437452221	0.41898132806245	2.7244956750547	0.074070530735135	n130	/public4/group_crf/home/cuirf/deepsea/cellpaper/hyphy/Relax_Macrourus_sp/hyphytmp/40364091/	1
N1.HOG0026271	Success	OG0013165	108	0.73237736158343	-9194.4423118118	-9116.4683163886	-9116.4098464169	0.37224343965214	0.1169399435239	0.0018462574234741	0.59382575869503	0.22070250822983	0.36665615967565	2.2057108711277	0.039518081629321	0.096027412291822	0.59382575869503	0.56981852038079	0.36665615967565	1.34240544939	0.039518081629321	n0	/public4/group_crf/home/cuirf/deepsea/cellpaper/hyphy/Relax_Macrourus_sp/hyphytmp/41802219/	0.979303516758902
N1.HOG0014605	Success	OG0004048	149	0.00038067312058687	-16244.271526514	-15924.064014559	-15917.751640375	4.9413085384773	12.624748368689	3.9412622323855e-05	0.39033476687303	0.0873614066569	0.55347256545747	2.0512021101319	0.056192667669503	1.724547884991e-22	0.39033476687303	5.8712907861281e-06	0.55347256545747	34.81208544757	0.056192667669503	n2	/public4/group_crf/home/cuirf/deepsea/cellpaper/hyphy/Relax_Macrourus_sp/hyphytmp/56194521/	0.00164320708836242
N1.HOG0026811	Success	OG0013673	252	0.99999784778754	-20799.140819101	-20386.947485133	-20386.947485133	0.92505526333645	7.2759576141834e-12	0.00054455905306922	0.49849436922261	0.10616517390217	0.46857166656389	2.2345887173489	0.032933964213503	0.0009564477100065	0.49849436922261	0.12559709437556	0.46857166656389	2.1039096196826	0.032933964213503	n0	/public4/group_crf/home/cuirf/deepsea/cellpaper/hyphy/Relax_Macrourus_sp/hyphytmp/73160840/	1
N1.HOG0025282	Success	OG0012205	255	0.21548789951924	-17801.381854039	-17377.743627461	-17376.976543197	0.1701649354643	1.5341685285821	1.3947112538414e-11	0.91882680893102	0.82289830805708	0.074710549938089	24.009071881818	0.0064626411308922	0.014215818577672	0.91882680893102	0.96737505949177	0.074710549938089	1.7174791997978	0.0064626411308922	n0	/public4/group_crf/home/cuirf/deepsea/cellpaper/hyphy/Relax_Macrourus_sp/hyphytmp/81105972/	0.446572028195482
N1.HOG0020120	Success	OG0007509	219	2.7420859648464e-06	-15623.436483301	-15334.284714086	-15323.29018264	0	21.989062893168	0.00031124337914706	0.76148422440592	0.19809541262668	0.21932047437709	5.8205570594826	0.019195301216984	1	0.76148422440592	1	0.21932047437709	1	0.019195301216984	n2	/public4/group_crf/home/cuirf/deepsea/cellpaper/hyphy/Relax_Macrourus_sp/hyphytmp/12352646/	1.6023481930633e-05
N1.HOG0017664	Success	OG0005821	319	0.2223779762478	-17472.884484999	-17001.524422648	-17000.779942919	2.2025690405509	1.4889594568522	0.00011592160440516	0.62060385945753	0.15004567242528	0.36622137204473	15.236924750453	0.01317476849774	2.1431389138159e-09	0.62060385945753	0.015331171004779	0.36622137204473	403.10020702899	0.01317476849774	n0	/public4/group_crf/home/cuirf/deepsea/cellpaper/hyphy/Relax_Macrourus_sp/hyphytmp/10362027/	0.454815908563953
N1.HOG0025292	Success	OG0012215	178	0.69870726370037	-13309.287402292	-13181.536661567	-13181.461751479	0.77971282637341	0.14982017612419	0.00011318885639214	0.56850078108968	0.13614641074205	0.4225707192349	8.5937125574446	0.008928499675424	0.00083772236031247	0.56850078108968	0.21123871833354	0.4225707192349	5.3504803088838	0.008928499675424	n0	/public4/group_crf/home/cuirf/deepsea/cellpaper/hyphy/Relax_Macrourus_sp/hyphytmp/98963415/	0.968828958060723
N1.HOG0019631	Success	OG0007158	204	1.0719393918057e-06	-13104.265783613	-12949.211344419	-12937.314144987	2.1267482473787e-06	23.794398865124	0	0.775397859096	0.49433742524809	0.22194065811525	17.851306557023	0.0026614827887517	0	0.775397859096	0.9999985016284	0.22194065811525	1.0000061294704	0.0026614827887517	n5	/public4/group_crf/home/cuirf/deepsea/cellpaper/hyphy/Relax_Macrourus_sp/hyphytmp/28226919/	6.50739178488407e-06
N1.HOG0026180	Success	OG0013087	51	0.99999530936169	-4395.5503872617	-4279.8904933414	-4279.8904933414	0.92683837640673	3.4560798667371e-11	2.3799000187292e-05	0.55599476461164	0.03162972643385	0.28127815522204	1.0375782771776	0.16272708016632	5.185816958599e-05	0.55599476461164	0.040722167774999	0.28127815522204	1.0347817432913	0.16272708016632	n0	/public4/group_crf/home/cuirf/deepsea/cellpaper/hyphy/Relax_Macrourus_sp/hyphytmp/54832187/	1
N1.HOG0012575	Success	OG0002990	116	1.4418724122445e-06	-7454.8107204573	-7277.1390628867	-7265.5270669606	9.4508790251329e-06	23.223991852241	0	0.71957545931943	0.081737399883674	0.27595926596008	985.43416599468	0.0044652747204898	0	0.71957545931943	0.99997633297665	0.27595926596008	1.0000651478092	0.0044652747204898	n103	/public4/group_crf/home/cuirf/deepsea/cellpaper/hyphy/Relax_Macrourus_sp/hyphytmp/45035284/	8.57140762711436e-06
N1.HOG0025828	Success	OG0012741	93	0.0018487033130262	-6536.2463581655	-6421.1556446341	-6416.3086429859	0.15235916445001	9.6940032962957	0.00017294732475443	0.67895300130159	0.018849064535848	0.31920985344056	1.6085403710996	0.0018371452578451	0.26718476901861	0.67895300130159	0.546040172547	0.31920985344056	1.0751072777426	0.0018371452578451	n0	/public4/group_crf/home/cuirf/deepsea/cellpaper/hyphy/Relax_Macrourus_sp/hyphytmp/65352216/	0.00738621463204421
N1.HOG0009077	Success	OG0001631	183	0.32656785883467	-12415.987345366	-12259.132633321	-12258.651403319	0.030810040612429	0.96246000420433	4.5484549891057e-32	0.46509030025544	0.2450408966754	0.53163627766345	9999999171.5964	0.0032734220811045	0.10822996398272	0.46509030025544	0.95759620358482	0.53163627766345	2.0328269280926	0.0032734220811045	n1	/public4/group_crf/home/cuirf/deepsea/cellpaper/hyphy/Relax_Macrourus_sp/hyphytmp/47154211/	0.587727902938674
N1.HOG0026097	Success	OG0013004	134	1.632027846199e-14	-12929.106645459	-12720.696824609	-12691.228019226	24.119381101164	58.937610766996	0.00028002686744694	0.50805006945408	0.030993276937956	0.33812673575569	1.3695615815478	0.15382319479023	2.0354275085312e-86	0.50805006945408	4.0766720674741e-37	0.33812673575569	1969.0775175361	0.15382319479023	n0	/public4/group_crf/home/cuirf/deepsea/cellpaper/hyphy/Relax_Macrourus_sp/hyphytmp/86702188/	1.92042728751362e-13
N1.HOG0018176	Success	OG0006141	130	0.10298546562212	-8365.4318378435	-7988.9049537017	-7987.5756082766	29.121150137519	2.6586908502413	0	0.27445546076396	0.021738162616236	0.7149662601931	9999999171.5964	0.01057827904294	0	0.27445546076396	3.7845694715634e-49	0.7149662601931	1.6274225428534e+291	0.01057827904294	n2	/public4/group_crf/home/cuirf/deepsea/cellpaper/hyphy/Relax_Macrourus_sp/hyphytmp/93180929/	0.256047800200871
N1.HOG0011755	Success	OG0002602	217	0.98523134063947	-14296.156008743	-13949.518524901	-13949.518353576	0.99724064419397	0.00034265070280526	6.8874180273454e-05	0.46640279821179	0.065850392575825	0.52047732645636	8.5416831111481	0.013119875331855	7.0719751527771e-05	0.46640279821179	0.066346556359107	0.52047732645636	8.49127674712	0.013119875331855	n107	/public4/group_crf/home/cuirf/deepsea/cellpaper/hyphy/Relax_Macrourus_sp/hyphytmp/41614031/	1
N1.HOG0003686	Success	OG0000458	240	0.14074194786009	-22472.366894744	-22121.12220577	-22120.037291622	0.60027423790539	2.1698282948855	1.1765253786861e-05	0.34813287589221	0.069850018030027	0.55791605698019	2.1251782062233	0.093951067127597	0.0010990284928393	0.34813287589221	0.20238715253373	0.55791605698019	1.5722695238866	0.093951067127597	n152	/public4/group_crf/home/cuirf/deepsea/cellpaper/hyphy/Relax_Macrourus_sp/hyphytmp/54887557/	0.322823319657723
N1.HOG0021850	Success	OG0008938	146	0.73822426615327	-7756.9496616437	-7704.6834065399	-7704.6275597809	0.81227041102674	0.11169351807075	3.7491708154377e-06	0.23655524609405	0.010942982928405	0.76226838570678	195.07842754748	0.0011763681991688	3.9135252222594e-05	0.23655524609405	0.02554159220462	0.76226838570678	72.48851548496	0.0011763681991688	n0	/public4/group_crf/home/cuirf/deepsea/cellpaper/hyphy/Relax_Macrourus_sp/hyphytmp/23301906/	0.981632576819905
N1.HOG0014859	Success	OG0004196	142	0.098613014934389	-13544.527037292	-13277.915581765	-13276.551665343	0.018060269487784	2.7278328427128	9.0966247241409e-05	0.48591273114078	0.03165872388288	0.36704438440878	1.0540254088087	0.14704288445044	0.84531054907285	0.48591273114078	0.93954699269566	0.36704438440878	1.0009507208452	0.14704288445044	n1	/public4/group_crf/home/cuirf/deepsea/cellpaper/hyphy/Relax_Macrourus_sp/hyphytmp/95320453/	0.246963789587872
N1.HOG0002813	Success	OG0000318	355	0.63423876614879	-18990.467786633	-18442.769577904	-18442.656399706	6.7242059182275	0.22635639672808	0.006674433256271	0.85731615257501	1	0.14131589674207	104.41162921631	0.0013679506829123	2.3491697290409e-15	0.85731615257501	1	0.14131589674207	37539035981018	0.0013679506829123	n520	/public4/group_crf/home/cuirf/deepsea/cellpaper/hyphy/Relax_Macrourus_sp/hyphytmp/10636156/	0.919512405268879
N1.HOG0026318	Success	OG0013212	110	0.94217345879919	-8487.9552537939	-8325.5898169452	-8325.5871860365	0.98116135394871	0.0052618173540395	0.00020872223801604	0.40421416420118	0.19760906285244	0.56173843378923	7.6040307413233	0.034047402009592	0.0002448516669098	0.40421416420118	0.20373840594219	0.56173843378923	7.3189063553324	0.034047402009592	n3	/public4/group_crf/home/cuirf/deepsea/cellpaper/hyphy/Relax_Macrourus_sp/hyphytmp/68490005/	1
N1.HOG0016727	Success	OG0005256	255	0	-22594.638922753	-22189.031725566	-22153.137197031	10.617324382887	71.789057069182	0.00011647237323023	0.18912962722204	0.023481906587693	0.67427845844234	1.4979088240791	0.13659191433562	1.7132184455604e-42	0.18912962722204	5.0297631552738e-18	0.67427845844234	72.976863752185	0.13659191433562	n0	/public4/group_crf/home/cuirf/deepsea/cellpaper/hyphy/Relax_Macrourus_sp/hyphytmp/89562648/	0
N1.HOG0013927	Success	OG0003701	139	0.52712754875456	-11574.1953423	-11391.433716575	-11391.233753646	0.97682112052021	0.39992585924483	0.00028012704848096	0.5458017783307	0.09204324635947	0.42522383413156	4.0281339474751	0.028974387537732	0.00033861124350044	0.5458017783307	0.097275939522146	0.42522383413156	3.900122725759	0.028974387537732	n1	/public4/group_crf/home/cuirf/deepsea/cellpaper/hyphy/Relax_Macrourus_sp/hyphytmp/21655795/	0.822529635567969
N1.HOG0002518	Success	OG0000286	622	0.046211525107359	-57691.248041122	-56123.638618178	-56121.651684549	1.4320072262917	3.9738672580861	0.00022438439330835	0.28989533532991	0.16760863797569	0.66673079875794	13.751893180321	0.04337386591215	5.9510705888405e-06	0.28989533532991	0.077479504552442	0.66673079875794	42.67203083601	0.04337386591215	n319	/public4/group_crf/home/cuirf/deepsea/cellpaper/hyphy/Relax_Macrourus_sp/hyphytmp/39583270/	0.131879402216682
N1.HOG0026459	Success	OG0013344	154	0.085929420831886	-14348.733238217	-14118.711680279	-14117.237168109	0.43617566010403	2.9490243398723	0.00016863155215914	0.73830622455307	0.81961161031784	0.25978553561773	437.84714100126	0.0019082398291986	0.022609062625697	0.73830622455307	0.91689152142106	0.25978553561773	14.193208836323	0.0019082398291986	n0	/public4/group_crf/home/cuirf/deepsea/cellpaper/hyphy/Relax_Macrourus_sp/hyphytmp/27351609/	0.221661779263033
N1.HOG0005515	Success	OG0000780	370	0.0056301398753447	-9684.8233679204	-9415.5356676659	-9411.7031538588	12.61205921611	7.6650276142464	0	0.19514188036361	0.034861527576451	0.79679603222688	18.100636257201	0.0080620874095084	0	0.19514188036361	4.1303480314744e-19	0.79679603222688	7279628208973995	0.0080620874095084	n82	/public4/group_crf/home/cuirf/deepsea/cellpaper/hyphy/Relax_Macrourus_sp/hyphytmp/85942713/	0.0205362639189855
N1.HOG0024476	Success	OG0011420	195	2.0626595842455e-05	-11659.830435182	-11535.075077527	-11526.009804802	0.086460110290123	18.1305454502	0	0.12805612441277	0.016637749979612	0.85750328679647	3.2437883030914	0.014440588790761	0	0.12805612441277	0.70177136345092	0.85750328679647	1.1070969538302	0.014440588790761	n0	/public4/group_crf/home/cuirf/deepsea/cellpaper/hyphy/Relax_Macrourus_sp/hyphytmp/41602536/	0.000106097280411191
N1.HOG0019887	Success	OG0007337	243	0.92664520020909	-16801.960678843	-16474.147883919	-16474.143645798	0.88351819861492	0.0084762414189754	0.00019163474266239	0.46522907779896	0.019817357600419	0.44374319171335	1.3263379452084	0.091027730487688	0.00051939569318816	0.46522907779896	0.031290242241951	0.44374319171335	1.2834153019537	0.091027730487688	n0	/public4/group_crf/home/cuirf/deepsea/cellpaper/hyphy/Relax_Macrourus_sp/hyphytmp/60345305/	1
N1.HOG0022074	Success	OG0009151	343	0.93767748843707	-29895.881815283	-29220.665487129	-29220.662430347	1.0485917339367	0.0061135636642575	0.00057949450094096	0.43441912484995	0.13902902500085	0.50721373028037	5.020003233093	0.058367144869673	0.00040342264537696	0.43441912484995	0.12631865314863	0.50721373028037	5.4294072564086	0.058367144869673	n0	/public4/group_crf/home/cuirf/deepsea/cellpaper/hyphy/Relax_Macrourus_sp/hyphytmp/43330688/	1
N1.HOG0010439	Success	OG0002075	219	0	-20615.859858488	-20140.306781539	-20093.123259155	50	94.367044768434	9.5686323752055e-06	0.37939941360007	0.0028017296699477	0.4779355496097	1.1041139581354	0.14266503679022	1.1027916525573e-251	0.37939941360007	2.3513185135768e-128	0.4779355496097	141.47998719439	0.14266503679022	n1	/public4/group_crf/home/cuirf/deepsea/cellpaper/hyphy/Relax_Macrourus_sp/hyphytmp/86850944/	0
N1.HOG0029230	Success	OG0015989	62	1	-2864.298089709	-2844.6526083811	-2844.6526083811	1.2201496761528	-5.4569682106376e-12	3.750084680547e-05	0.14499273941345	0.079211883893235	0.70156788917205	1.006523847633	0.1534393714145	3.9780263044471e-06	0.14499273941345	0.045327252236975	0.70156788917205	1.0079657771287	0.1534393714145	n0	/public4/group_crf/home/cuirf/deepsea/cellpaper/hyphy/Relax_Macrourus_sp/hyphytmp/37691633/	1
N1.HOG0016410	Success	OG0005071	241	9.7194474690809e-12	-22892.553542784	-22368.479721566	-22345.287600681	5.8478181884266	46.384241770284	0	0.11293189694612	0.040754717419085	0.82822594099819	3.4926377606582	0.058842162055689	0	0.11293189694612	7.4571514657639e-09	0.82822594099819	1500.5939113298	0.058842162055689	n80	/public4/group_crf/home/cuirf/deepsea/cellpaper/hyphy/Relax_Macrourus_sp/hyphytmp/23068608/	9.12459603927923e-11
N1.HOG0013344	Success	OG0003396	104	0.76481216089203	-10929.989609115	-10654.167231428	-10654.122480799	0.94844640205135	0.089501259473764	0	0.28008545854176	0.00066799161221736	0.54865901174024	1.0225584512063	0.171255529718	0	0.28008545854176	0.00097379039819265	0.54865901174024	1.021383137989	0.171255529718	n114	/public4/group_crf/home/cuirf/deepsea/cellpaper/hyphy/Relax_Macrourus_sp/hyphytmp/23915535/	0.995520399444872
N1.HOG0007038	Success	OG0001072	104	0.92954198244087	-7889.1927709612	-7810.1280043718	-7810.1240952254	0.18270204971238	0.0078182929646573	1.1579567206394e-09	0.64434509611123	0.37238664900159	0.35535569139711	9999999171.5964	0.00029921249166043	0.023297980176571	0.64434509611123	0.83487170627595	0.35535569139711	67.146053251686	0.00029921249166043	n1	/public4/group_crf/home/cuirf/deepsea/cellpaper/hyphy/Relax_Macrourus_sp/hyphytmp/25329467/	1
N1.HOG0026421	Success	OG0013308	82	1	-3262.1235365265	-3172.6316062516	-3172.6317229894	1.1667570210645	-0.00023347549176833	1.4811064757038e-05	0.50232104337212	0.49222293160166	0.49218773363555	430.16315461883	0.0054912229923344	2.3187164091892e-06	0.50232104337212	0.43734852744688	0.49218773363555	1182.5241989096	0.0054912229923344	n66	/public4/group_crf/home/cuirf/deepsea/cellpaper/hyphy/Relax_Macrourus_sp/hyphytmp/37144019/	1
N1.HOG0024673	Success	OG0011616	300	1.5934152219899e-08	-16764.067652924	-16265.498372603	-16249.53040253	3.4622088508425	31.935940146424	3.1921920065325e-16	0.0466938121178	0.020416421562443	0.91104501068535	4.1170510162433	0.042261177196851	2.2383077780326e-54	0.0466938121178	1.4086285874946e-06	0.91104501068535	134.22269340087	0.042261177196851	n0	/public4/group_crf/home/cuirf/deepsea/cellpaper/hyphy/Relax_Macrourus_sp/hyphytmp/27426030/	1.17995144455976e-07
N1.HOG0016489	Success	OG0005115	102	0.08943907326642	-3786.6427704933	-3712.2155843955	-3710.7733641754	0	2.8844404402407	0	0.0052894882656428	0.076413891987625	0.98271174504519	16.070069722758	0.01199876668917	1	0.98271174504519	1	0.0052894882656428	1	0.01199876668917	n3	/public4/group_crf/home/cuirf/deepsea/cellpaper/hyphy/Relax_Macrourus_sp/hyphytmp/66727591/	0.228315494608781
N1.HOG0009763	Success	OG0001848	162	0.42302133295508	-15172.981553527	-14839.190670907	-14838.869717747	1.255979255455	0.64190632024838	0	0.45856285114421	0.27646285903368	0.51455767757084	14.373806254511	0.026879471284952	0	0.45856285114421	0.19893325899309	0.51455767757084	28.437155366627	0.026879471284952	n145	/public4/group_crf/home/cuirf/deepsea/cellpaper/hyphy/Relax_Macrourus_sp/hyphytmp/79344300/	0.708402807850467
N1.HOG0020636	Success	OG0007908	169	0.075763103524996	-16461.814638941	-16020.899915469	-16019.323152662	2.4212396055899	3.1535256133539	6.8203168636206e-05	0.35810366540189	0.032907257032328	0.59281313331946	3.1126490715497	0.049083201278655	8.1779147029451e-11	0.35810366540189	0.00025704425417221	0.59281313331946	15.630982392962	0.049083201278655	n0	/public4/group_crf/home/cuirf/deepsea/cellpaper/hyphy/Relax_Macrourus_sp/hyphytmp/43136534/	0.19902295390817
N1.HOG0009865	Success	OG0001890	266	0.11219224099056	-22125.846844465	-21823.918578091	-21822.657044968	0.17057597622229	2.523066245165	0.0015674502565492	0.50100823242517	0.22007281608253	0.46640223693201	3.7423575165865	0.032589530642822	0.33232838629708	0.50100823242517	0.77242731299395	0.46640223693201	1.2524627398706	0.032589530642822	n1	/public4/group_crf/home/cuirf/deepsea/cellpaper/hyphy/Relax_Macrourus_sp/hyphytmp/60578860/	0.271739573744581
N1.HOG0026527	Success	OG0013410	222	0.30930068178068	-20154.995344068	-19843.868458462	-19843.351628665	0.35430638215281	1.0336595929766	0	0.74346371990753	0.66793103600556	0.25056967891123	29.287213802762	0.0059666011812444	0	0.74346371990753	0.86676485939679	0.25056967891123	3.3086695636081	0.0059666011812444	n0	/public4/group_crf/home/cuirf/deepsea/cellpaper/hyphy/Relax_Macrourus_sp/hyphytmp/35282337/	0.567878517281352
N1.HOG0011497	Success	OG0002497	162	0.70113881519295	-14487.749397324	-13848.295782038	-13848.222137098	1.755293847861	0.14728988179195	6.602475914384e-05	0.41938777086583	0.03369306301769	0.54710274333327	9.9339842497148	0.033509485800895	4.595757543268e-08	0.41938777086583	0.0026025608252222	0.54710274333327	56.265824510692	0.033509485800895	n1	/public4/group_crf/home/cuirf/deepsea/cellpaper/hyphy/Relax_Macrourus_sp/hyphytmp/40064865/	0.968943647003923
N1.HOG0025522	Success	OG0012445	131	0.91684744047918	-10661.097317745	-10459.70744599	-10459.70199572	0.99326114264055	0.010900539400609	0.00054059095065929	0.572366860158	0.16620289271289	0.41512706162323	7.6932339843611	0.012506078218772	0.00056870297845635	0.572366860158	0.16822501811277	0.41512706162323	7.5881792200169	0.012506078218772	n0	/public4/group_crf/home/cuirf/deepsea/cellpaper/hyphy/Relax_Macrourus_sp/hyphytmp/65322599/	1
N1.HOG0022118	Success	OG0009195	216	0.054335911413528	-22287.13631749	-21808.212877465	-21806.361702806	0.89253366218888	3.7023493192319	1.8335580847263e-05	0.35523275602297	0.14213463306873	0.61802288849515	8.0936704998912	0.026744355481883	5.9201273248584e-05	0.35523275602297	0.17528960003689	0.61802288849515	6.4647308253811	0.026744355481883	n0	/public4/group_crf/home/cuirf/deepsea/cellpaper/hyphy/Relax_Macrourus_sp/hyphytmp/77331805/	0.151787147656002
N1.HOG0008129	Success	OG0001333	175	0.25730389591466	-14821.755155159	-14459.234100609	-14458.592497911	1.6142071619739	1.2832053957536	0.00014103432727904	0.45903600207588	0.12269432762125	0.52255350008399	13.507167898595	0.018410497840131	6.0843272422238e-07	0.45903600207588	0.033820027612011	0.52255350008399	66.829003823169	0.018410497840131	n208	/public4/group_crf/home/cuirf/deepsea/cellpaper/hyphy/Relax_Macrourus_sp/hyphytmp/44664703/	0.502327378615211
N1.HOG0026448	Success	OG0013335	202	0.9291298699036	-17498.775166825	-17240.263422073	-17240.259466942	1.0118039283165	0.0079102618692559	0.00043975540460551	0.4392411267855	0.091851784605272	0.49234383242111	2.1446684470544	0.068415040793386	0.00040140972604722	0.4392411267855	0.089299280364388	0.49234383242111	2.1640710435694	0.068415040793386	n0	/public4/group_crf/home/cuirf/deepsea/cellpaper/hyphy/Relax_Macrourus_sp/hyphytmp/62510516/	1
N1.HOG0024634	Success	OG0011577	317	0.79089235232958	-28299.843555519	-27597.900480795	-27597.865327997	0.98659420858813	0.07030559542909	3.202937806513e-05	0.40623049304179	0.10374479558961	0.57986839581035	15.679747417465	0.01390111114786	3.6795963977028e-05	0.40623049304179	0.10694440525431	0.57986839581035	15.111744294463	0.01390111114786	n0	/public4/group_crf/home/cuirf/deepsea/cellpaper/hyphy/Relax_Macrourus_sp/hyphytmp/14274535/	1
N1.HOG0016345	Success	OG0005035	152	1.1102230246252e-16	-10292.394429835	-10129.408169745	-10094.376222537	24.669369352797	70.063894416806	0.00033541204499677	0.64630554937915	0.020805168048525	0.28440511019933	1.2233115470491	0.069289340421518	1.9418538528352e-86	0.64630554937915	3.2385069734327e-42	0.28440511019933	144.37248724351	0.069289340421518	n75	/public4/group_crf/home/cuirf/deepsea/cellpaper/hyphy/Relax_Macrourus_sp/hyphytmp/45802304/	1.64427858302249e-15
N1.HOG0024742	Success	OG0011679	257	0.33662549126529	-19688.791477514	-19454.171731223	-19453.710110844	0.35615555993856	0.92324075851502	0.0002162884508449	0.84710545000027	0.66776353364353	0.15098136770218	14.192909347342	0.0019131822975507	0.049511005176378	0.84710545000027	0.86604089277837	0.15098136770218	2.5722705460075	0.0019131822975507	n0	/public4/group_crf/home/cuirf/deepsea/cellpaper/hyphy/Relax_Macrourus_sp/hyphytmp/94118650/	0.600542672890725
N1.HOG0013278	Success	OG0003365	150	1.0701989294759e-09	-13140.152913412	-12790.753623401	-12772.157330424	12.913175848815	37.192585954217	0.11179655247206	0.73818235305379	0.11652739946819	0.20912882305764	7.7958355521438	0.052688823888567	5.1545260761476e-13	0.73818235305379	8.8028094214145e-13	0.20912882305764	328684695752.79	0.052688823888567	n2	/public4/group_crf/home/cuirf/deepsea/cellpaper/hyphy/Relax_Macrourus_sp/hyphytmp/78805515/	8.79713761167271e-09
N1.HOG0015643	Success	OG0004633	322	0.00092159528055147	-23057.704376676	-22642.603599773	-22637.114194162	0.40886258944378	10.978811222107	0.00014271178799828	0.87689324393957	0.81057059584631	0.12119125431566	58.672201218197	0.0019155017447754	0.026773336433597	0.87689324393957	0.91771533501251	0.12119125431566	5.2850103600571	0.0019155017447754	n102	/public4/group_crf/home/cuirf/deepsea/cellpaper/hyphy/Relax_Macrourus_sp/hyphytmp/29853982/	0.00381518239033115
N1.HOG0021743	Success	OG0008850	9	1	-833.44144172417	-825.85367485445	-825.8536878123	1.1667570210645	-2.5915704327417e-05	0.0078133124780388	0.4349427434965	0.0078158655989864	0.18851846261148	2.4622106725519	0.37653879389202	0.0034789698688881	0.4349427434965	0.003480296282949	0.18851846261148	2.861418862101	0.37653879389202	n0	/public4/group_crf/home/cuirf/deepsea/cellpaper/hyphy/Relax_Macrourus_sp/hyphytmp/30398314/	1
N1.HOG0007707	Success	OG0001229	236	0	-18377.557304939	-18097.219213018	-18043.27191954	0.17227539717147	107.89458695614	0.00028097514555006	0.69181713307683	0.10036316577027	0.30245877642331	6.2753436818746	0.0057240904998552	0.244451582349	0.69181713307683	0.67297018667436	0.30245877642331	1.3721870609833	0.0057240904998552	n202	/public4/group_crf/home/cuirf/deepsea/cellpaper/hyphy/Relax_Macrourus_sp/hyphytmp/26302771/	0
N1.HOG0015971	Success	OG0004816	259	0	-25332.633760896	-24835.82880148	-24776.31884905	25.586169555654	119.01990485939	0.00042086637837774	0.56687675507509	0.043106820410696	0.32622388771815	1.2754545078036	0.10689935720676	4.2148482650458e-87	0.56687675507509	1.156810399083e-35	0.32622388771815	505.3146815709	0.10689935720676	n101	/public4/group_crf/home/cuirf/deepsea/cellpaper/hyphy/Relax_Macrourus_sp/hyphytmp/48709581/	0
N1.HOG0019042	Success	OG0006732	86	4.5999330513524e-06	-7708.805822102	-7499.3486528145	-7488.8501324099	6.1247681600426	20.997040809101	0.00019992662942663	0.51401097945286	0.032275153942796	0.38062571211084	2.2953673894498	0.1053633084363	2.2064307532166e-23	0.51401097945286	7.3648546228636e-10	0.38062571211084	162.2318458722	0.1053633084363	n0	/public4/group_crf/home/cuirf/deepsea/cellpaper/hyphy/Relax_Macrourus_sp/hyphytmp/31555893/	2.57416448932359e-05
N1.HOG0013045	Success	OG0003240	214	4.4408920985006e-16	-15806.000399471	-15403.080624533	-15370.152994764	13.289881143162	65.855259536496	1.5640941213641e-05	0.47845833529029	0.024746645418304	0.47141134914407	1.600753180093	0.050130315565634	1.3562036833925e-64	0.47845833529029	4.4670729165018e-22	0.47141134914407	519.33385575675	0.050130315565634	n111	/public4/group_crf/home/cuirf/deepsea/cellpaper/hyphy/Relax_Macrourus_sp/hyphytmp/80798856/	6.15278437518067e-15
N1.HOG0014809	Success	OG0004167	233	0.92160273716846	-24229.999827618	-23598.429677919	-23598.424835159	1.0060180541625	0.0096855189331109	5.6893179096318e-05	0.3873434802845	0.028633148091352	0.47540775940769	1.3346766246713	0.13724876030781	5.3643107037804e-05	0.3873434802845	0.028027376922582	0.47540775940769	1.3369974355311	0.13724876030781	n144	/public4/group_crf/home/cuirf/deepsea/cellpaper/hyphy/Relax_Macrourus_sp/hyphytmp/33398870/	1
N1.HOG0023271	Success	OG0010267	284	0.0094308044285132	-13401.636249905	-13092.088250887	-13088.718567027	5.5029264138801	6.7393677196233	7.1597626739107e-05	0.58374349975255	0.019471825526546	0.39021134452632	1.7037251589796	0.026045155721129	1.5481468938655e-23	0.58374349975255	3.8612753998228e-10	0.39021134452632	18.766125770462	0.026045155721129	n0	/public4/group_crf/home/cuirf/deepsea/cellpaper/hyphy/Relax_Macrourus_sp/hyphytmp/37013669/	0.0330655551187463
N1.HOG0016068	Success	OG0004871	229	0.0076231286577623	-17343.724241043	-16725.587492463	-16722.027522805	7.1137028151764e-07	7.1199393161878	0	0.3350299132224	0.050741820099286	0.64301668317848	15.515099691692	0.021953403599121	0	0.3350299132224	0.99999787940399	0.64301668317848	1.0000019504467	0.021953403599121	n2	/public4/group_crf/home/cuirf/deepsea/cellpaper/hyphy/Relax_Macrourus_sp/hyphytmp/89268959/	0.0271712345104474
N1.HOG0005105	Success	OG0000688	128	0.30092812089207	-13511.531443209	-13383.567017599	-13383.031979247	0.67871086046482	1.0700767039816	0	0.32473904837608	0.14792971602463	0.64345760464883	3.7941691949466	0.031803346975097	0	0.32473904837608	0.27334277706401	0.64345760464883	2.4720246068505	0.031803346975097	n2	/public4/group_crf/home/cuirf/deepsea/cellpaper/hyphy/Relax_Macrourus_sp/hyphytmp/43983111/	0.556506471143785
N1.HOG0026850	Success	OG0013708	191	0.049502338398594	-16352.361484595	-15963.267881923	-15961.338763759	0.40977948021606	3.8582363272399	6.1473170087776e-10	0.63719815077731	0.7487917238742	0.3560422531788	75.069676302678	0.0067595960438882	0.00016803214718705	0.63719815077731	0.88821014742396	0.3560422531788	5.8684969834455	0.0067595960438882	n0	/public4/group_crf/home/cuirf/deepsea/cellpaper/hyphy/Relax_Macrourus_sp/hyphytmp/49842169/	0.140338312489743
N1.HOG0023183	Success	OG0010184	165	0.67721115534392	-15250.753088325	-14771.598451779	-14771.511810691	1.0164620050641	0.17328217744216	3.4856810712348e-05	0.40421554001037	0.057302092034333	0.59194496209146	9999999171.5964	0.003839497898169	2.9437760301515e-05	0.40421554001037	0.054667281019611	0.59194496209146	14608984021.471	0.003839497898169	n0	/public4/group_crf/home/cuirf/deepsea/cellpaper/hyphy/Relax_Macrourus_sp/hyphytmp/75079742/	0.957570999901938
N1.HOG0026711	Success	OG0013584	67	0.75872665160904	-5026.9599684478	-4916.6843427753	-4916.6371711851	1.3463697722323	0.094343180398937	1.5803083926191e-05	0.52946946447162	0.14995869051053	0.44712217235628	6.8870715349211	0.0234083631721	3.4334533693135e-07	0.52946946447162	0.077723638609606	0.44712217235628	13.437065847063	0.0234083631721	n0	/public4/group_crf/home/cuirf/deepsea/cellpaper/hyphy/Relax_Macrourus_sp/hyphytmp/80335751/	0.991248963851202
N1.HOG0016750	Success	OG0005266	249	0.99828757172519	-17083.088780048	-16928.683515162	-16928.683512859	0.998001998002	4.6062268665992e-06	1.1376630951871e-05	0.47062022256407	0.20066759614768	0.50413975778231	3.452637791037	0.025240019653619	1.1638359410284e-05	0.47062022256407	0.20131257317359	0.50413975778231	3.4441003190472	0.025240019653619	n9	/public4/group_crf/home/cuirf/deepsea/cellpaper/hyphy/Relax_Macrourus_sp/hyphytmp/24517835/	1
N1.HOG0016153	Success	OG0004924	89	0.037517712997039	-5903.2847562419	-5811.9249736148	-5809.7615962628	8.9989269786474e-06	4.3267547039504	0	0.16971749436281	0.17111307673815	0.72113436404084	4.0573926832064	0.10914814159635	0	0.16971749436281	0.99998411314448	0.72113436404084	1.0000126034418	0.10914814159635	n1	/public4/group_crf/home/cuirf/deepsea/cellpaper/hyphy/Relax_Macrourus_sp/hyphytmp/19393587/	0.10943197101683
N1.HOG0001372	Success	OG0000135	331	0.58242085351076	-11983.151093201	-11584.051650818	-11583.900482178	0.83260383491684	0.30233727899758	0.0029139554739459	0.79214096741153	0.58153469494107	0.18925979162838	18.704871976896	0.018599240960094	0.0077431691844291	0.79214096741153	0.63677318542899	0.18925979162838	11.456036651818	0.018599240960094	n600	/public4/group_crf/home/cuirf/deepsea/cellpaper/hyphy/Relax_Macrourus_sp/hyphytmp/86335267/	0.876949190474571
N1.HOG0022756	Success	OG0009772	154	6.5281113847959e-14	-13682.368401653	-13440.342529814	-13412.239086563	3.0515392338874e-06	56.206886501597	0	0.49979302231873	0.13103861533753	0.4909555332203	12.560499117754	0.0092514444609723	0	0.49979302231873	0.99999379848826	0.4909555332203	1.0000077221235	0.0092514444609723	n0	/public4/group_crf/home/cuirf/deepsea/cellpaper/hyphy/Relax_Macrourus_sp/hyphytmp/61368351/	7.33025840462703e-13
N1.HOG0025001	Success	OG0011930	81	3.3394388976316e-07	-7039.605720855	-6906.5329518227	-6893.5115866765	7.2475339725422	26.042730292314	0.00058576261710675	0.37042720689761	0.086549206393243	0.58443167440538	4.3360094723979	0.04514111869701	3.7493230646144e-24	0.37042720689761	1.9850805808762e-08	0.58443167440538	41431.726352005	0.04514111869701	n0	/public4/group_crf/home/cuirf/deepsea/cellpaper/hyphy/Relax_Macrourus_sp/hyphytmp/38060286/	2.1814281468179e-06
N1.HOG0026239	Success	OG0013137	40	1	-4233.4084628277	-4185.3518083073	-4185.3527197597	1	-0.0018229046181659	0.0031789195969852	0.59299265659989	0.57282941109076	0.40332458208578	9999999171.5964	0.0036827613143268	0.0031789195969852	0.59299265659989	0.57282941109076	0.40332458208578	9999999171.5964	0.0036827613143268	n0	/public4/group_crf/home/cuirf/deepsea/cellpaper/hyphy/Relax_Macrourus_sp/hyphytmp/57522694/	1
N1.HOG0020262	Success	OG0007612	290	0.28364364742364	-25270.542715819	-24311.215314359	-24310.640540021	7.5752616341964e-06	1.1495486764325	0	0.33076907526155	0.062003165248852	0.65496071876537	4459.4854126915	0.014270205973083	0	0.33076907526155	0.99997893667778	0.65496071876537	1.0000636553485	0.014270205973083	n0	/public4/group_crf/home/cuirf/deepsea/cellpaper/hyphy/Relax_Macrourus_sp/hyphytmp/61761920/	0.538452802512501
N1.HOG0000416	Success	OG0000030	1860	0.66179575278926	-100207.98707062	-98487.176557094	-98487.080882312	1.0088457513816	0.19134956406197	0.0001294518261785	0.29459721012864	0.017551987743816	0.59012876912507	1.3004966502401	0.1152740207463	0.00011959605575766	0.29459721012864	0.016935423210021	0.59012876912507	1.3035227639917	0.1152740207463	n3810	/public4/group_crf/home/cuirf/deepsea/cellpaper/hyphy/Relax_Macrourus_sp/hyphytmp/46553647/	0.942757133741251
N1.HOG0005369	Success	OG0000756	233	0.1898887267129	-24305.694499015	-24024.789937979	-24023.930697617	0.047399739635096	1.7184807239828	0.0059372352169	0.54940017049101	0.43212324891272	0.41872815451867	5.9904177380073	0.03187167499032	0.78427518410436	0.54940017049101	0.96100997748484	0.41872815451867	1.0885572246802	0.03187167499032	n265	/public4/group_crf/home/cuirf/deepsea/cellpaper/hyphy/Relax_Macrourus_sp/hyphytmp/52937629/	0.407276944435408
N1.HOG0025911	Success	OG0012819	82	0.1115788174403	-4378.2025686323	-4317.0294548834	-4315.7635969028	0	2.5317159611022	9.8590218420606e-06	0.80535771185313	0.3532499460006	0.19404570518264	1582.6665770039	0.00059658296422607	1	0.80535771185313	1	0.19404570518264	1	0.00059658296422607	n0	/public4/group_crf/home/cuirf/deepsea/cellpaper/hyphy/Relax_Macrourus_sp/hyphytmp/89565523/	0.271709370201221
N1.HOG0015666	Success	OG0004647	53	0.43689674346034	-3721.7650528798	-3660.5932082554	-3660.2909985131	0.073909853259059	0.60441948464722	1.1595660312237e-09	0.6814197921029	0.6474347531097	0.29198732516587	8.9135454861051	0.026592882731234	0.21855633055657	0.6814197921029	0.9683793606931	0.29198732516587	1.1754877075759	0.026592882731234	n92	/public4/group_crf/home/cuirf/deepsea/cellpaper/hyphy/Relax_Macrourus_sp/hyphytmp/23355780/	0.718650463313406
N1.HOG0027133	Success	OG0013972	70	0.0085534281798482	-6074.2319026143	-5958.5971540298	-5955.1402671885	0	6.9137736826706	0	0.37433132954887	0.10112180320996	0.56518185781467	2.6505626642747	0.060486812636465	1	0.37433132954887	1	0.56518185781467	1	0.060486812636465	n0	/public4/group_crf/home/cuirf/deepsea/cellpaper/hyphy/Relax_Macrourus_sp/hyphytmp/53978285/	0.0303611355640066
N1.HOG0019985	Success	OG0007408	97	0.59148252623566	-4715.9409393894	-4641.9777823612	-4641.8337648747	7.3258859320455	0.28803497295667	9.4133317272646e-05	0.32749421097972	0.012618746426732	0.67100573581109	315.35878384393	0.0015000532091915	3.1922959601848e-30	0.32749421097972	1.2253534895316e-14	0.67100573581109	2022832390423199232	0.0015000532091915	n0	/public4/group_crf/home/cuirf/deepsea/cellpaper/hyphy/Relax_Macrourus_sp/hyphytmp/98453962/	0.88439249788761
N1.HOG0023449	Success	OG0010433	88	0.29497258330352	-6740.0084637068	-6618.0082556899	-6617.4598628189	2.9112032291584	1.0967857419437	1.7874953426985e-16	0.73125246845994	0.33132713490987	0.24896147884186	10.048478045064	0.019786052698196	1.4291721874373e-46	0.73125246845994	0.040120897897584	0.24896147884186	826.64224195262	0.019786052698196	n0	/public4/group_crf/home/cuirf/deepsea/cellpaper/hyphy/Relax_Macrourus_sp/hyphytmp/58769040/	0.549634379734758
N1.HOG0027006	Success	OG0013855	135	0.0065656867538001	-10718.501346297	-10406.180221639	-10402.486172448	1.0482932459939	7.3880983827221	0.00021192771467391	0.4620705958681	0.1215722211657	0.50631688270393	9.1974098256249	0.031612521427971	0.0001408534329995	0.4620705958681	0.10980902405172	0.50631688270393	10.237739518128	0.031612521427971	n0	/public4/group_crf/home/cuirf/deepsea/cellpaper/hyphy/Relax_Macrourus_sp/hyphytmp/40628144/	0.0235487470626901
N1.HOG0016945	Success	OG0005380	70	0.41958093599229	-3154.8037392004	-3083.3775807384	-3083.0518363928	1.5603900939837	0.65148869126187	2.1298721258495e-05	0.38922914222131	0.16428510781547	0.60545482551632	9999999171.5964	0.0053160322623655	5.1334475068704e-08	0.38922914222131	0.059707267623768	0.60545482551632	4016991231190676	0.0053160322623655	n3	/public4/group_crf/home/cuirf/deepsea/cellpaper/hyphy/Relax_Macrourus_sp/hyphytmp/33959170/	0.706302583846864
N1.HOG0026217	Success	OG0013120	322	0.94654038924866	-32943.92582094	-32035.483751004	-32035.481503025	0.99847359360409	0.0044959567312617	0.00035864770233522	0.44030137241926	0.1371948608331	0.52481893557008	8.0572034780754	0.034879692010656	0.00036301705532438	0.44030137241926	0.1376114644239	0.52481893557008	8.0315825222986	0.034879692010656	n0	/public4/group_crf/home/cuirf/deepsea/cellpaper/hyphy/Relax_Macrourus_sp/hyphytmp/28514636/	1
N1.HOG0022880	Success	OG0009892	311	0.54736997618764	-29993.167791416	-29351.485494776	-29351.30446983	1.353792754652	0.36204989218095	9.1030965408383e-05	0.49082088662437	0.12436783822337	0.46271686372374	3.7552453830617	0.046462249651898	3.3851626963469e-06	0.49082088662437	0.059487040780699	0.46271686372374	5.9970986834804	0.046462249651898	n0	/public4/group_crf/home/cuirf/deepsea/cellpaper/hyphy/Relax_Macrourus_sp/hyphytmp/66430274/	0.843391195725252
N1.HOG0026004	Success	OG0012912	154	0.71765955613547	-12145.230097882	-11947.164516927	-11947.099143804	0.8720258581923	0.13074624677029	0.00061451730487257	0.82826568868514	0.59960315567962	0.16900452212017	9999999171.5964	0.0027297891946884	0.0015831377597645	0.82826568868514	0.64016449772758	0.16900452212017	525119989.33183	0.0027297891946884	n0	/public4/group_crf/home/cuirf/deepsea/cellpaper/hyphy/Relax_Macrourus_sp/hyphytmp/35279218/	0.97493203711678
N1.HOG0001132	Success	OG0000102	80	0.23938466727289	-5939.6925622384	-5876.5901588915	-5875.8980519363	0.22159732047138	1.3842139103908	1.3503949026253e-05	0.65390906788691	0.53259741817883	0.34346032852388	9999999171.5964	0.0026306035892041	0.083353369223554	0.65390906788691	0.86970259139099	0.34346032852388	164.42702410126	0.0026306035892041	n406	/public4/group_crf/home/cuirf/deepsea/cellpaper/hyphy/Relax_Macrourus_sp/hyphytmp/71312495/	0.47955271841008
N1.HOG0026021	Success	OG0012929	108	0.48680522114547	-10633.565578317	-10550.448927657	-10550.207137699	0.76136170444496	0.48357991563171	0.038757606097788	0.87248790125346	0.91476958682174	0.12658719905123	57.40329529662	0.00092489969531401	0.084183899176369	0.87248790125346	0.93442451351112	0.12658719905123	21.836706579913	0.00092489969531401	n0	/public4/group_crf/home/cuirf/deepsea/cellpaper/hyphy/Relax_Macrourus_sp/hyphytmp/98101816/	0.77581759733573
N1.HOG0023947	Success	OG0010903	78	0.95768049906832	-6562.5105982279	-6488.2828864995	-6488.2814785777	1.0112807606438	0.002815843479766	0.0042979390749733	0.51434444046544	0.2369231690823	0.46382532320624	6.6990235956236	0.021830236328317	0.0040416772551228	0.51434444046544	0.23310555894088	0.46382532320624	6.8443080101112	0.021830236328317	n0	/public4/group_crf/home/cuirf/deepsea/cellpaper/hyphy/Relax_Macrourus_sp/hyphytmp/15094802/	1
N1.HOG0022138	Success	OG0009213	481	0.26661494708141	-29690.593617419	-29003.232470107	-29002.615429867	0.70257942854186	1.234080480237	2.9819982934246e-07	0.43802476780897	0.13422342235868	0.55085008095685	18.85273568555	0.011125151234178	2.6020949000839e-05	0.43802476780897	0.24391028354617	0.55085008095685	7.8713967334757	0.011125151234178	n0	/public4/group_crf/home/cuirf/deepsea/cellpaper/hyphy/Relax_Macrourus_sp/hyphytmp/22925758/	0.514586574023299
N1.HOG0020143	Success	OG0007528	155	0.96275134357787	-10694.508576455	-10472.947502809	-10472.946412306	0.9723865877712	0.0021810056387039	0.00057816374789984	0.42478067713983	0.022291964381719	0.50496299139073	1.6717162553513	0.070256331469439	0.00071033249339457	0.42478067713983	0.024760624912671	0.50496299139073	1.6481634751526	0.070256331469439	n0	/public4/group_crf/home/cuirf/deepsea/cellpaper/hyphy/Relax_Macrourus_sp/hyphytmp/51876289/	1
N1.HOG0026997	Success	OG0013846	197	0	-18034.269310931	-17508.955710305	-17467.685848093	10.125385774626	82.539724423907	0	0.083668080824426	0.048899431722446	0.70846928046616	2.5522356290588	0.20786263870941	0	0.083668080824426	5.3542107761683e-14	0.70846928046616	13189.542954998	0.20786263870941	n0	/public4/group_crf/home/cuirf/deepsea/cellpaper/hyphy/Relax_Macrourus_sp/hyphytmp/54078426/	0
N1.HOG0013480	Success	OG0003465	125	0.86869386589822	-9358.2376406725	-9259.6542930836	-9259.6406280996	0.38864336926493	0.027329967990227	8.1246005507141e-08	0.78600931156017	0.61269945923598	0.2046959153919	7.3674237549203	0.0092947730479236	0.0017556646609369	0.78600931156017	0.82663759037128	0.2046959153919	2.1730838111976	0.0092947730479236	n2	/public4/group_crf/home/cuirf/deepsea/cellpaper/hyphy/Relax_Macrourus_sp/hyphytmp/28950079/	1
N1.HOG0023481	Success	OG0010463	224	1	-18471.232832284	-18126.312246514	-18126.323087445	0.97694999999537	-0.021681862133846	0	0.21120781239758	0.084610767119276	0.77008640855411	8.5350813993486	0.018705779048309	0	0.21120781239758	0.089567091519337	0.77008640855411	8.123502727349	0.018705779048309	n0	/public4/group_crf/home/cuirf/deepsea/cellpaper/hyphy/Relax_Macrourus_sp/hyphytmp/92828503/	1
N1.HOG0016981	Success	OG0005396	236	2.0633494912659e-12	-9700.3972769788	-9491.2461045972	-9466.5347058503	50	49.422797493815	0	0.50917342893079	0.034970248024563	0.43344843359998	1.1027764734871	0.057378137469236	0	0.50917342893079	1.530860532342e-73	0.43344843359998	133.1602546693	0.057378137469236	n72	/public4/group_crf/home/cuirf/deepsea/cellpaper/hyphy/Relax_Macrourus_sp/hyphytmp/33260521/	2.06095024767140e-11
N1.HOG0026904	Success	OG0013760	117	0.68784437647313	-11043.084586178	-10925.180490472	-10925.099776033	0.97775743333112	0.16142887805836	0.028284117354763	0.92165568480322	1	0.074382290400426	2921.2783809134	0.0039620247963576	0.030618527213499	0.92165568480322	1	0.074382290400426	2446.1873018845	0.0039620247963576	n0	/public4/group_crf/home/cuirf/deepsea/cellpaper/hyphy/Relax_Macrourus_sp/hyphytmp/32121705/	0.962339815131735
N1.HOG0011049	Success	OG0002317	391	0	-37911.962359382	-37327.476049196	-37261.339897641	11.590325198768	132.27230310968	0.00011543678929358	0.38719768052587	0.058388902325897	0.51232841335857	1.5107720460594	0.10047390611556	2.2976782279145e-46	0.38719768052587	5.0276740615964e-15	0.51232841335857	119.39166121432	0.10047390611556	n1	/public4/group_crf/home/cuirf/deepsea/cellpaper/hyphy/Relax_Macrourus_sp/hyphytmp/80926204/	0
N1.HOG0007536	Success	OG0001193	269	0.30208793858343	-24007.754794092	-23478.428373964	-23477.895896815	4.1994309466981	1.0649542961837	0.00011978592248392	0.35935053393197	0.029326157888765	0.60075128525448	2.9836676863628	0.039898180813548	3.4004459768805e-17	0.35935053393197	3.6588442343412e-07	0.60075128525448	98.555697341797	0.039898180813548	n1	/public4/group_crf/home/cuirf/deepsea/cellpaper/hyphy/Relax_Macrourus_sp/hyphytmp/20317389/	0.558050622028315
N1.HOG0009900	Success	OG0001903	140	0.36295107255464	-4244.5883315865	-4148.2796409681	-4147.8658127518	0.63383637661376	0.82765643254425	9.6386456134978e-06	0.51900193689018	0.081316561055027	0.47513101152132	12.076450094761	0.0058670515885056	0.00066173923397423	0.51900193689018	0.20381296572232	0.47513101152132	4.8503433170471	0.0058670515885056	n48	/public4/group_crf/home/cuirf/deepsea/cellpaper/hyphy/Relax_Macrourus_sp/hyphytmp/65357554/	0.636275451682522
N1.HOG0015579	Success	OG0004594	176	0.086558755543594	-13045.889495227	-12566.863596906	-12565.394979109	12.810882975785	2.9372355936321	0	0.33854517993348	0.026327886862861	0.64985980394094	9999999171.5964	0.011595016125577	0	0.33854517993348	5.8094399152012e-21	0.64985980394094	1.2847815666309e+128	0.011595016125577	n78	/public4/group_crf/home/cuirf/deepsea/cellpaper/hyphy/Relax_Macrourus_sp/hyphytmp/52409719/	0.222616679676489
N1.HOG0027264	Success	OG0014085	140	0.32967279196123	-8771.8304057085	-8576.6435646992	-8576.1684733392	31.9731769337	0.95018271986919	0	0.55929189673754	0.14109272414967	0.4303356184942	339.4280531992	0.010372484768262	0	0.55929189673754	6.4115154359565e-28	0.4303356184942	8.2422360662394e+80	0.010372484768262	n0	/public4/group_crf/home/cuirf/deepsea/cellpaper/hyphy/Relax_Macrourus_sp/hyphytmp/19068056/	0.589976933947285
N1.HOG0027052	Success	OG0013891	13	1	-896.10691755182	-891.17765159649	-891.17814455768	1.1620963895399	-0.00098592237645789	0.013977787549192	0.61562528450157	0.87009286308	0.38437471549843	1.2591034973618	0	0.0069955312574904	0.61562528450157	0.85068624253937	0.38437471549843	1.3070163694139	0	n0	/public4/group_crf/home/cuirf/deepsea/cellpaper/hyphy/Relax_Macrourus_sp/hyphytmp/50579527/	1
N1.HOG0014513	Success	OG0004002	258	0.0096208347939268	-16450.21539091	-15798.362137567	-15795.010243985	1.4652491420561	6.7037871639914	0	0.43056664363444	0.11755454612644	0.54604228833428	128.51675391217	0.023391068031281	0	0.43056664363444	0.043417930695011	0.54604228833428	1230.6979034447	0.023391068031281	n2	/public4/group_crf/home/cuirf/deepsea/cellpaper/hyphy/Relax_Macrourus_sp/hyphytmp/54819339/	0.0336631245946359
N1.HOG0027792	Success	OG0014586	48	0.61668767641218	-2399.2362885054	-2389.49372549	-2389.368450209	1.7997083796523	0.25055056200745	0	0.41245142993335	0.16753533230373	0.52354000563388	1.4432759338564	0.06400856443277	0	0.41245142993335	0.040143737756106	0.52354000563388	1.9354519612927	0.06400856443277	n0	/public4/group_crf/home/cuirf/deepsea/cellpaper/hyphy/Relax_Macrourus_sp/hyphytmp/77732582/	0.9031092656864
N1.HOG0020462	Success	OG0007769	177	0.29971389596129	-12046.774848899	-11744.145866587	-11743.608133219	0.315753997728	1.0754667371584	9.4722835025559e-10	0.36208216718936	0.0020141487762939	0.49914059869905	1	0.13877723411159	0.0014150751160757	0.36208216718936	0.14084976554295	0.49914059869905	1	0.13877723411159	n0	/public4/group_crf/home/cuirf/deepsea/cellpaper/hyphy/Relax_Macrourus_sp/hyphytmp/45217608/	0.555062712607052
N1.HOG0027495	Success	OG0014305	243	0.004106956359704	-14663.768156402	-14546.873778667	-14542.755823403	0.23137689507164	8.2359105283213	4.5652999840234e-05	0.21192153595624	0.036223324587422	0.78269293121873	4.6532733624632	0.0053855328250322	0.099015113201819	0.21192153595624	0.46406967371102	0.78269293121873	1.4272626594195	0.0053855328250322	n0	/public4/group_crf/home/cuirf/deepsea/cellpaper/hyphy/Relax_Macrourus_sp/hyphytmp/92838412/	0.0152721883679036
N1.HOG0020164	Success	OG0007546	412	0.0026912721149618	-26206.374811198	-25971.963079616	-25967.460189973	0.36122901341142	9.0057792855005	0.010753413592846	0.86564432030302	0.62357041291101	0.13268697405306	33.789988470923	0.0016687056439222	0.19450798283351	0.86564432030302	0.84315358662896	0.13268697405306	3.566503024922	0.0016687056439222	n0	/public4/group_crf/home/cuirf/deepsea/cellpaper/hyphy/Relax_Macrourus_sp/hyphytmp/35345466/	0.0104606459129058
N1.HOG0005189	Success	OG0000708	226	0.99999695631195	-21384.109720192	-20906.246740727	-20906.246740727	1	1.4551915228367e-11	0.000211177698124	0.3452145329318	0.12435862201218	0.61493215644857	5.1913116425526	0.039853310619632	0.000211177698124	0.3452145329318	0.12435862201218	0.61493215644857	5.1913116425526	0.039853310619632	n3	/public4/group_crf/home/cuirf/deepsea/cellpaper/hyphy/Relax_Macrourus_sp/hyphytmp/47912075/	1
N1.HOG0023711	Success	OG0010684	88	0.91319230100951	-6879.923039173	-6784.6548903879	-6784.6489484875	6.3234875613804	0.011883800709256	0	0.47245073405331	0.0032759495112513	0.40022323434464	1	0.12732603160206	0	0.47245073405331	1.942073618808e-16	0.40022323434464	1	0.12732603160206	n0	/public4/group_crf/home/cuirf/deepsea/cellpaper/hyphy/Relax_Macrourus_sp/hyphytmp/14392956/	1
N1.HOG0014457	Success	OG0003976	104	0.0030365464892916	-7730.6998522854	-7591.4499497083	-7587.0572607446	0.31481591527496	8.7853779272536	2.9176972743344e-05	0.54731208035147	0.15691931998944	0.32210873069971	1.7630370619846	0.13057918894882	0.037352742089723	0.54731208035147	0.55819524829097	0.32210873069971	1.195437902005	0.13057918894882	n109	/public4/group_crf/home/cuirf/deepsea/cellpaper/hyphy/Relax_Macrourus_sp/hyphytmp/92803811/	0.0116706641355771
N1.HOG0023252	Success	OG0010252	89	0.0042134448044485	-7549.8548177252	-7352.8020092408	-7348.7072789095	11.018553202284	8.1894606625756	0.00021273777516966	0.35946073794683	0.0084515321709157	0.52086791414329	1.6245474001132	0.11967134790988	3.4527131728663e-41	0.35946073794683	1.438228705493e-23	0.52086791414329	209.87756781165	0.11967134790988	n0	/public4/group_crf/home/cuirf/deepsea/cellpaper/hyphy/Relax_Macrourus_sp/hyphytmp/19793237/	0.0156343373089471
N1.HOG0022094	Success	OG0009171	337	0.70626356939377	-25600.789306607	-25202.35719855	-25202.286179681	0.76698886069066	0.14203773893678	6.9103453732912e-06	0.36877309499298	0.069696388143453	0.58208874498212	2.5182094100309	0.049138160024902	0.00011014221230176	0.36877309499298	0.12964481870444	0.58208874498212	2.0306401801291	0.049138160024902	n0	/public4/group_crf/home/cuirf/deepsea/cellpaper/hyphy/Relax_Macrourus_sp/hyphytmp/56495578/	0.969643657612975
N1.HOG0006287	Success	OG0000921	370	0.21165762779053	-22638.406500829	-22077.814479491	-22077.034453563	1.5937888609057	1.5600518559295	0.00021780639962024	0.60212223301494	0.067903224026867	0.38556751073414	12.337104321699	0.012310256250922	1.457665148862e-06	0.60212223301494	0.013749278949898	0.38556751073414	54.84834178277	0.012310256250922	n2	/public4/group_crf/home/cuirf/deepsea/cellpaper/hyphy/Relax_Macrourus_sp/hyphytmp/51709929/	0.442369591902835
N1.HOG0019281	Success	OG0006900	239	0.22547314349294	-23322.349015631	-22655.15212027	-22654.417524024	1.5355557021393	1.46919249239	1.0243659646469e-05	0.63830991792968	0.2898208789274	0.33852269330366	12.738397002497	0.023167388766661	2.1790938728513e-08	0.63830991792968	0.14930355426549	0.33852269330366	49.769731958021	0.023167388766661	n0	/public4/group_crf/home/cuirf/deepsea/cellpaper/hyphy/Relax_Macrourus_sp/hyphytmp/92975384/	0.459505172622623
N1.HOG0000571	Success	OG0000042	99	0.056250260333981	-8763.8603153821	-8619.887574906	-8618.0652593031	0.24889268373139	3.6446312058288	5.7830922514122e-05	0.21076954004885	0.1877456424066	0.74295249322088	8.4311056105748	0.046277966730273	0.088152099262731	0.21076954004885	0.65947274928796	0.74295249322088	1.6999881158582	0.046277966730273	n183	/public4/group_crf/home/cuirf/deepsea/cellpaper/hyphy/Relax_Macrourus_sp/hyphytmp/56599483/	0.156625522291377
N1.HOG0025920	Success	OG0012828	106	0.203521537711	-9166.4286634504	-8991.3922376531	-8990.5837767685	0.039750135377717	1.6169217693096	3.288639337937e-11	0.5571411698606	0.1679302242462	0.40378333200736	5.1117027927712	0.039075498132045	0.38308926006123	0.5571411698606	0.9315341218139	0.40378333200736	1.0670028472503	0.039075498132045	n0	/public4/group_crf/home/cuirf/deepsea/cellpaper/hyphy/Relax_Macrourus_sp/hyphytmp/63589478/	0.430073802936652
N1.HOG0020614	Success	OG0007889	254	0.58364495242435	-15664.387471936	-15387.158986683	-15387.008797209	0.62621926792332	0.300378947235	0.0001277767412322	0.69977476323843	0.099394313212822	0.29845558031467	135.00331375682	0.0017696564468987	0.0036457350326111	0.69977476323843	0.23557460730509	0.29845558031467	21.580560916659	0.0017696564468987	n0	/public4/group_crf/home/cuirf/deepsea/cellpaper/hyphy/Relax_Macrourus_sp/hyphytmp/22404007/	0.877254617904666
N1.HOG0009259	Success	OG0001683	129	0.71851357632833	-10397.201326207	-10079.579496032	-10079.514535346	0.3375951390773	0.12992137269976	1.5945077099124e-05	0.39687646442509	0.015655326034202	0.50844418051629	2.0394698928712	0.09467935505862	0.024012095821588	0.39687646442509	0.24576877576665	0.50844418051629	1.2720129578674	0.09467935505862	n1	/public4/group_crf/home/cuirf/deepsea/cellpaper/hyphy/Relax_Macrourus_sp/hyphytmp/46805494/	0.97493203711678
N1.HOG0027817	Success	OG0014612	50	0.99603993487533	-2055.3909794227	-2055.3909012448	-2055.390888928	0.90611669745074	2.4633612156322e-05	0.066757959340718	0.21554040837693	0.067512589858352	0.78445959162307	NA	NA	0.086072137488785	0.21554040837693	0.22133832256735	0.78445959162307	NA	NA	n0	/public4/group_crf/home/cuirf/deepsea/cellpaper/hyphy/Relax_Macrourus_sp/hyphytmp/97385265/	1
N1.HOG0008708	Success	OG0001525	185	0.42775703771585	-17896.155709466	-17506.728345933	-17506.413893141	0.32021983195826	0.62890558277286	0	0.33633207608364	0.050172545517275	0.5536713180164	1.7296162264276	0.10999660589996	0	0.33633207608364	0.38358665031381	0.5536713180164	1.1917803739916	0.10999660589996	n144	/public4/group_crf/home/cuirf/deepsea/cellpaper/hyphy/Relax_Macrourus_sp/hyphytmp/79492086/	0.709717370422087
N1.HOG0027521	Success	OG0014330	81	0.022767436997974	-6574.8867703205	-6502.3564926856	-6499.7634114597	0.043372725958433	5.1861624517569	1.0916849362272e-25	0.38338454361061	0.60565695400848	0.56779294488253	6.0044170661959	0.048822511506858	0.082667391787692	0.38338454361061	0.97848591541018	0.56779294488253	1.0808474514739	0.048822511506858	n0	/public4/group_crf/home/cuirf/deepsea/cellpaper/hyphy/Relax_Macrourus_sp/hyphytmp/45659916/	0.0720339903545476
N1.HOG0021928	Success	OG0009011	97	0.031862715641525	-6174.2334704898	-5909.9288288972	-5907.6258947944	0.52446850172262	4.6058682055882	1.0012741887832e-07	0.43248144956797	0.036374627545483	0.55583310480687	368.18612243091	0.011685445625161	0.00021330966319905	0.43248144956797	0.17586692678987	0.55583310480687	22.172850692321	0.011685445625161	n0	/public4/group_crf/home/cuirf/deepsea/cellpaper/hyphy/Relax_Macrourus_sp/hyphytmp/22696635/	0.0962041220951493
N1.HOG0003260	Success	OG0000385	158	0.0001998782507997	-10490.218544521	-10321.813504608	-10314.897390702	0.0063756847303444	13.832227811199	3.1795177343436e-197	0.45648630510461	0.050874956628725	0.53426239538473	5.9777675204158	0.0092512995106652	0.055871843998436	0.45648630510461	0.98118991929945	0.53426239538473	1.0114652529806	0.0092512995106652	n3	/public4/group_crf/home/cuirf/deepsea/cellpaper/hyphy/Relax_Macrourus_sp/hyphytmp/11850054/	0.00089892888710441
N1.HOG0014500	Success	OG0003994	396	0.019881463653807	-28552.114610868	-28208.034005968	-28205.322869578	0.21963598476376	5.422272780168	2.9957763472061e-05	0.76262348665975	0.33332997682012	0.23608814450539	773.60347562026	0.0012883688348547	0.10150295475461	0.76262348665975	0.78560826330031	0.23608814450539	4.3094573406607	0.0012883688348547	n2	/public4/group_crf/home/cuirf/deepsea/cellpaper/hyphy/Relax_Macrourus_sp/hyphytmp/62095122/	0.0642036739797752
N1.HOG0024009	Success	OG0010960	436	0	-34038.939548238	-33518.603746608	-33414.358480007	50	208.49053320209	0	0.32713018949237	0.027069389545593	0.50937137072303	1.1188499878785	0.1634984397846	0	0.32713018949237	4.2065213276807e-79	0.50937137072303	274.53206394328	0.1634984397846	n0	/public4/group_crf/home/cuirf/deepsea/cellpaper/hyphy/Relax_Macrourus_sp/hyphytmp/27559830/	0
N1.HOG0011719	Success	OG0002593	222	0.5191650250046	-18647.359140234	-18374.450921946	-18374.243146074	39.146845369642	0.41555174314271	0.01711379140244	0.80047767403777	0.96930510010964	0.19762103307998	8002.2440437791	0.0019012928822531	6.9355068638344e-70	0.80047767403777	0.29510135409813	0.19762103307998	6.2867828824159e+152	0.0019012928822531	n1	/public4/group_crf/home/cuirf/deepsea/cellpaper/hyphy/Relax_Macrourus_sp/hyphytmp/30287771/	0.81454384745014
N1.HOG0013785	Success	OG0003627	188	0.78886517077453	-12874.579060525	-12626.250068413	-12626.214214133	0.71791049487553	0.071708560419211	7.3905732500653e-06	0.64348140663001	0.060689184394107	0.34384410503723	3.6296117262833	0.012674488332759	0.00020709526717037	0.64348140663001	0.13377742490071	0.34384410503723	2.5230711125091	0.012674488332759	n102	/public4/group_crf/home/cuirf/deepsea/cellpaper/hyphy/Relax_Macrourus_sp/hyphytmp/57600548/	1
N1.HOG0026518	Success	OG0013401	48	0.31513059963385	-3190.6683774052	-3199.0573245141	-3198.5527996441	50	1.0090497398978	0.044003799338359	0.94234110532151	0.8485573642198	0.056638634826313	9998.9900010095	0.0010202598521795	1.4945442546269e-68	0.94234110532151	0.00027168167256186	0.056638634826313	9.9496248107647e+199	0.0010202598521795	n0	/public4/group_crf/home/cuirf/deepsea/cellpaper/hyphy/Relax_Macrourus_sp/hyphytmp/94122861/	0.574119162429432
N1.HOG0016199	Success	OG0004956	194	0.6468896150826	-13485.249810602	-13197.193441867	-13197.088519811	1.467786421531	0.20984411173413	8.6230195957191e-06	0.50678977587774	0.01377686117921	0.30229713950835	1.1168284328618	0.19091308461392	3.6866303470591e-08	0.50678977587774	0.0018563935545767	0.30229713950835	1.1760719102759	0.19091308461392	n118	/public4/group_crf/home/cuirf/deepsea/cellpaper/hyphy/Relax_Macrourus_sp/hyphytmp/10988082/	0.928451427495327
N1.HOG0023156	Success	OG0010157	211	0	-13774.589758051	-13505.653371484	-13458.778807797	50	93.749127374962	0	0.67117516835815	0.0047908985094317	0.26564726287631	1.1113819944862	0.063177568765541	0	0.67117516835815	1.0491764705292e-116	0.26564726287631	196.41191264769	0.063177568765541	n0	/public4/group_crf/home/cuirf/deepsea/cellpaper/hyphy/Relax_Macrourus_sp/hyphytmp/83638038/	0
N1.HOG0002781	Success	OG0000314	112	0.0002142816909021	-9124.5440428108	-8949.979182359	-8943.1284254456	3.5653880851293e-06	13.701513826705	0	0.4679895729642	0.16037794361607	0.52616130032986	3999.9983996325	0.0058491267059357	0	0.4679895729642	0.99999347456922	0.52616130032986	1.0000295719416	0.0058491267059357	n3	/public4/group_crf/home/cuirf/deepsea/cellpaper/hyphy/Relax_Macrourus_sp/hyphytmp/69774973/	0.000956197259661838
N1.HOG0013402	Success	OG0003424	157	3.7728828674588e-06	-13136.750017455	-12770.550495353	-12759.862041852	8.5801551717616e-10	21.376907003036	0	0.36282569801093	0.0049144439634901	0.49823677746682	1.1345751438177	0.13893752452225	0	0.36282569801093	0.99999999543915	0.49823677746682	1.0000000001083	0.13893752452225	n2	/public4/group_crf/home/cuirf/deepsea/cellpaper/hyphy/Relax_Macrourus_sp/hyphytmp/42072358/	2.13217525207047e-05
N1.HOG0020758	Success	OG0008009	279	6.7358341127033e-12	-20731.375751857	-20250.603627288	-20227.052212049	0.32038141721213	47.102830477757	6.4763197947393e-06	0.36330413757117	0.055598907172798	0.62095034323693	10.150784404642	0.015745519191901	0.021759354250443	0.36330413757117	0.39622561520067	0.62095034323693	2.1011824729903	0.015745519191901	n0	/public4/group_crf/home/cuirf/deepsea/cellpaper/hyphy/Relax_Macrourus_sp/hyphytmp/77038316/	6.42897944756904e-11
N1.HOG0015897	Success	OG0004772	79	0.34578932226427	-6101.0603783516	-5938.8037571092	-5938.3593324499	1.243494638746	0.88884931859866	0.0016291917986878	0.4436604632783	0.078464136653997	0.53532669019291	13.113607840494	0.02101284652879	0.00034127336675627	0.4436604632783	0.042221101933151	0.53532669019291	24.540395260131	0.02101284652879	n76	/public4/group_crf/home/cuirf/deepsea/cellpaper/hyphy/Relax_Macrourus_sp/hyphytmp/77021855/	0.615159805266638
N1.HOG0009517	Success	OG0001764	94	0.14369380626649	-8107.9983124369	-8018.5188439391	-8017.449868986	7.3698159025557	2.1379499062132	7.2974565715573e-06	0.62745082827289	0.29169100065456	0.30150030204724	2.2763711826174	0.071048869679867	1.388416521089e-38	0.62745082827289	0.00011391508534434	0.30150030204724	429.35420962329	0.071048869679867	n132	/public4/group_crf/home/cuirf/deepsea/cellpaper/hyphy/Relax_Macrourus_sp/hyphytmp/74325316/	0.326110910390792
N1.HOG0022147	Success	OG0009222	205	0.067443733565365	-17090.557739253	-16667.886471807	-16666.214389849	0.66441141489375	3.3441639161683	0.0070769080907288	0.91006489705923	0.98666057740761	0.08930425981189	9999999171.5964	0.00063084312887906	0.037274473208078	0.91006489705923	0.99111717906354	0.08930425981189	4406706.4887236	0.00063084312887906	n0	/public4/group_crf/home/cuirf/deepsea/cellpaper/hyphy/Relax_Macrourus_sp/hyphytmp/52928004/	0.182469817740625
N1.HOG0015219	Success	OG0004378	138	0.73807746688529	-12829.623488928	-12589.11511032	-12589.059198519	1.2610400124832	0.11182360158637	0.0027104617856677	0.32882057661177	0.037917979806405	0.49861430637616	1.4801386703014	0.17256511701208	0.00057938183729263	0.32882057661177	0.016138639547882	0.49861430637616	1.6396764049655	0.17256511701208	n69	/public4/group_crf/home/cuirf/deepsea/cellpaper/hyphy/Relax_Macrourus_sp/hyphytmp/87939421/	0.981632576819905
N1.HOG0027844	Success	OG0014639	345	0	-17318.971212002	-16769.492605787	-16700.349737791	19.715328022424	138.28573599199	0	0.34785644828392	0.0096040546975388	0.54098555310403	1.6923728872201	0.11115799861205	0	0.34785644828392	1.6727503445272e-40	0.54098555310403	31979.727322704	0.11115799861205	n0	/public4/group_crf/home/cuirf/deepsea/cellpaper/hyphy/Relax_Macrourus_sp/hyphytmp/81117480/	0
N1.HOG0008277	Success	OG0001376	77	0.00029973656060778	-5286.3622608365	-5255.874721414	-5249.3387015761	0.12610904609215	13.072039675711	0.0021653114920312	0.44106114834928	0.51647344982603	0.5547745095204	9999999171.5964	0.0041643421303182	0.46130165943826	0.44106114834928	0.92005281218077	0.5547745095204	18.242756293058	0.0041643421303182	n0	/public4/group_crf/home/cuirf/deepsea/cellpaper/hyphy/Relax_Macrourus_sp/hyphytmp/79062123/	0.00131132389497842
N1.HOG0027343	Success	OG0014163	9	1	-385.39826712078	-385.15864609428	-385.15864612743	1.167723461153	-6.6309439716861e-08	0	0.087042540589469	0	0.47459528139272	1	0.43836217801781	0	0.087042540589469	0	0.47459528139272	1	0.43836217801781	n0	/public4/group_crf/home/cuirf/deepsea/cellpaper/hyphy/Relax_Macrourus_sp/hyphytmp/14617713/	1
N1.HOG0023898	Success	OG0010858	146	0.042767961035981	-12428.259986555	-12308.363346862	-12306.311071659	0	4.104550406817	0.0010691333124916	0.50699651556844	0.1014805004953	0.44550888317671	2.1426749258014	0.047494601254848	1	0.50699651556844	1	0.44550888317671	1	0.047494601254848	n0	/public4/group_crf/home/cuirf/deepsea/cellpaper/hyphy/Relax_Macrourus_sp/hyphytmp/47067137/	0.123074299932689
N1.HOG0014475	Success	OG0003983	251	0.0017064434943003	-21227.839827128	-20694.769034059	-20689.848424411	0.86194020230981	9.8412192972391	2.2534999764779e-05	0.59466328655112	0.13604275249959	0.3993718598913	48.495018958881	0.0059648535575806	9.8728173672191e-05	0.59466328655112	0.17917607049206	0.3993718598913	28.377238366509	0.0059648535575806	n104	/public4/group_crf/home/cuirf/deepsea/cellpaper/hyphy/Relax_Macrourus_sp/hyphytmp/45758795/	0.00688185427983079
N1.HOG0008068	Success	OG0001321	107	0.023921603686932	-10986.617908248	-10794.598160622	-10792.04800692	0.44413702700197	5.1003074046239	0.00072010132496429	0.68252785092785	0.5016642200033	0.30721027986382	20.465938834142	0.010261869208329	0.040202414864176	0.68252785092785	0.73610942256316	0.30721027986382	3.8218858270364	0.010261869208329	n172	/public4/group_crf/home/cuirf/deepsea/cellpaper/hyphy/Relax_Macrourus_sp/hyphytmp/92724250/	0.0752698079380022
N1.HOG0023510	Success	OG0010492	555	0.058850215963075	-40534.833520192	-40146.299481116	-40144.514733759	0.17357191832585	3.5694947142474	1.1996998002237e-05	0.60678260010496	0.15275205315803	0.38328239628391	4.7550991311597	0.0099350036111306	0.13991529384631	0.60678260010496	0.72171057344957	0.38328239628391	1.3107983513807	0.0099350036111306	n0	/public4/group_crf/home/cuirf/deepsea/cellpaper/hyphy/Relax_Macrourus_sp/hyphytmp/97323749/	0.162773691928962
N1.HOG0020203	Success	OG0007576	121	0.81606947538586	-12056.216913046	-11926.698141014	-11926.671088869	0.9548443859677	0.054104288697999	0.00086880933921945	0.43175604017169	0.188658892879	0.45227560890443	1.5404975331959	0.11596835092388	0.0011943984341748	0.43175604017169	0.2034157229914	0.45227560890443	1.5107307155873	0.11596835092388	n0	/public4/group_crf/home/cuirf/deepsea/cellpaper/hyphy/Relax_Macrourus_sp/hyphytmp/28364550/	1
N1.HOG0011469	Success	OG0002483	295	0.321381087639	-27076.452077437	-26403.500751404	-26403.009092549	0.76372351660916	0.98331770906225	1.1024126061288e-05	0.45398414446247	0.058674214667463	0.40576805064029	2.0367103188403	0.14024780489725	0.00016357678040801	0.45398414446247	0.11466588569423	0.40576805064029	1.7216170049571	0.14024780489725	n2	/public4/group_crf/home/cuirf/deepsea/cellpaper/hyphy/Relax_Macrourus_sp/hyphytmp/21547823/	0.582418468949158
N1.HOG0015311	Success	OG0004439	173	0.95509008356857	-11776.456726208	-11492.338273987	-11492.336688242	1.0035340979485	0.0031714903489046	0.00020519835082442	0.57003576458128	0.10617339511862	0.42087650902869	16.450946212943	0.0090877263900339	0.00019913184943213	0.57003576458128	0.10533520605769	0.42087650902869	16.614566721272	0.0090877263900339	n3	/public4/group_crf/home/cuirf/deepsea/cellpaper/hyphy/Relax_Macrourus_sp/hyphytmp/30714983/	1
N1.HOG0004367	Success	OG0000544	486	5.3146376188806e-13	-43849.589345312	-42965.793779214	-42939.751130478	3.7868625819855	52.085297470854	1.8377707559814e-05	0.44399954482489	0.065791964491282	0.50096689336108	2.6907480853783	0.055033561814032	1.1655262595094e-18	0.44399954482489	3.3464396968343e-05	0.50096689336108	42.449260597428	0.055033561814032	n138	/public4/group_crf/home/cuirf/deepsea/cellpaper/hyphy/Relax_Macrourus_sp/hyphytmp/65243280/	5.60156284002262e-12
N1.HOG0025246	Success	OG0012169	292	0	-27021.114426467	-26651.639950032	-26541.665465678	50	219.94896870862	0.00016505563282412	0.23350910409682	0.01636240580417	0.58716660970332	1.1628520720235	0.17932428619986	7.6123281327953e-190	0.23350910409682	4.9244526960844e-90	0.58716660970332	1888.9634417626	0.17932428619986	n0	/public4/group_crf/home/cuirf/deepsea/cellpaper/hyphy/Relax_Macrourus_sp/hyphytmp/79287209/	0
N1.HOG0007287	Success	OG0001130	184	0	-11162.742633051	-10856.189337706	-10780.353279314	9.3262261513267e-07	151.67211678372	0	0.53005126855751	0.060901821600848	0.44755414251366	9.5657359822952	0.02239458892883	0	0.53005126855751	0.9999973900663	0.44755414251366	1.000002106039	0.02239458892883	n206	/public4/group_crf/home/cuirf/deepsea/cellpaper/hyphy/Relax_Macrourus_sp/hyphytmp/78900656/	0
N1.HOG0026653	Success	OG0013530	293	0.12472034366979	-25716.532731755	-25243.464582781	-25242.28607345	0.33855748751607	2.3570186629295	0.0043840427920001	0.67340652042517	0.76305739602954	0.32391002213066	65269.283810087	0.0026834574441684	0.15908859700048	0.67340652042517	0.91251258502006	0.32391002213066	42.663426275297	0.0026834574441684	n0	/public4/group_crf/home/cuirf/deepsea/cellpaper/hyphy/Relax_Macrourus_sp/hyphytmp/66064708/	0.295952417713673
N1.HOG0009929	Success	OG0001909	336	0.94382351078837	-21275.042746217	-20818.861854757	-20818.859372095	0.99645824534898	0.0049653244495858	2.3152984046566e-05	0.65616692125687	0.095693144559434	0.3230338250555	7.3665132182182	0.020799253687625	2.4044978735529e-05	0.65616692125687	0.096491775157258	0.3230338250555	7.3145959863476	0.020799253687625	n27	/public4/group_crf/home/cuirf/deepsea/cellpaper/hyphy/Relax_Macrourus_sp/hyphytmp/83475439/	1
N1.HOG0001037	Success	OG0000096	57	0.39053989099222	-4886.4018443351	-4831.8397864835	-4831.4711562921	0	0.73726038288623	0	0.60395304573385	0.7505071882818	0.38896571065134	26.685181539109	0.0070812436148061	1	0.38896571065134	1	0.60395304573385	1	0.0070812436148061	n3	/public4/group_crf/home/cuirf/deepsea/cellpaper/hyphy/Relax_Macrourus_sp/hyphytmp/16730476/	0.672292116958551
N1.HOG0003113	Success	OG0000363	110	1.5346325995313e-05	-6764.4045558321	-6694.6358180291	-6685.2888095323	6.4709229241084e-07	18.694016993579	0	0.65041636080061	0.27121740737833	0.34715362632566	9999999171.5964	0.0024300128737354	0	0.65041636080061	0.99999915565198	0.34715362632566	1.0000148999616	0.0024300128737354	n318	/public4/group_crf/home/cuirf/deepsea/cellpaper/hyphy/Relax_Macrourus_sp/hyphytmp/98588895/	8.11230401844546e-05
N1.HOG0019151	Success	OG0006796	194	0.60808476694572	-22238.506862999	-21961.845441682	-21961.713955025	0.071754717344914	0.26297331479145	6.2595285922934e-07	0.14376236077405	0.10433334495134	0.76959454838866	NA	NA	0.30482308789097	0.76959454838866	0.3588166588582	0.14376236077405	NA	NA	n0	/public4/group_crf/home/cuirf/deepsea/cellpaper/hyphy/Relax_Macrourus_sp/hyphytmp/81795722/	0.895521527528606
N1.HOG0013606	Success	OG0003525	142	2.1471713296251e-13	-7184.4214757043	-7104.4625863695	-7077.5300917571	50	53.864989224876	0.034848622776611	0.832783557594	0.050400682761222	0.073672026715492	1.1039744178648	0.093544415690507	1.2861184520595e-73	0.832783557594	1.3237957619455e-65	0.073672026715492	140.58872275042	0.093544415690507	n2	/public4/group_crf/home/cuirf/deepsea/cellpaper/hyphy/Relax_Macrourus_sp/hyphytmp/76119148/	2.2912051827925e-12
N1.HOG0009777	Success	OG0001856	302	0.21918683579018	-25439.051593977	-24971.042646159	-24970.2878026	0.3001271905982	1.5096871171409	5.0453199822616e-05	0.51759907769523	0.16402695965064	0.45861619962484	6.7611184323333	0.023784722679936	0.051323948719075	0.51759907769523	0.58126572509252	0.45861619962484	1.7746435443366	0.023784722679936	n121	/public4/group_crf/home/cuirf/deepsea/cellpaper/hyphy/Relax_Macrourus_sp/hyphytmp/21644087/	0.450973633398239
N1.HOG0006131	Success	OG0000890	164	1.2784220745354e-06	-11158.911532273	-10847.652640053	-10835.924931284	37.238933281372	23.455417537727	0.0056040605343843	0.74608340634763	0.014281755644436	0.13545654761079	2.3964880945687	0.11846004604158	1.4343219682731e-84	0.74608340634763	1.9321242227145e-69	0.13545654761079	136451517969310	0.11846004604158	n1	/public4/group_crf/home/cuirf/deepsea/cellpaper/hyphy/Relax_Macrourus_sp/hyphytmp/85064258/	7.67947246171964e-06
N1.HOG0008508	Success	OG0001456	293	0.052864914475672	-24593.6729575	-24203.916544764	-24202.042452716	0.064867269351312	3.748184095406	0.00061745960450457	0.49424452523837	0.11327382596469	0.43569786690811	1.9581709996577	0.070057607853523	0.6191780332824	0.49424452523837	0.86824835271813	0.43569786690811	1.0445555776158	0.070057607853523	n2	/public4/group_crf/home/cuirf/deepsea/cellpaper/hyphy/Relax_Macrourus_sp/hyphytmp/26943335/	0.1484018350804
N1.HOG0024028	Success	OG0010979	59	2.9359899083037e-06	-3394.3825703499	-3399.2307384026	-3388.3017677467	0.20008685949304	21.85794131191	0.01441133718236	0.98622178428247	1	0.0133856429466	9999999171.5964	0.00039257277093047	0.42813518638185	0.98622178428247	1	0.0133856429466	100.20019984917	0.00039257277093047	n0	/public4/group_crf/home/cuirf/deepsea/cellpaper/hyphy/Relax_Macrourus_sp/hyphytmp/66376742/	1.70406441299519e-05
N1.HOG0017767	Success	OG0005874	287	0.39544507069373	-23093.429705333	-22613.240710484	-22612.879643883	0.95571270886313	0.72213320148876	6.1099579086543e-05	0.57337686593658	0.12920796922949	0.41220833248054	6.2891933789394	0.014414801582886	9.389947642155e-05	0.57337686593658	0.14146463721838	0.41220833248054	5.7973209126424	0.014414801582886	n13	/public4/group_crf/home/cuirf/deepsea/cellpaper/hyphy/Relax_Macrourus_sp/hyphytmp/12887027/	0.677342603640905
N1.HOG0017588	Success	OG0005769	151	0.94827580849993	-9433.1600042547	-9201.2187973897	-9201.2166931929	1.0052517795442	0.0042083936386916	0.0024182550078485	0.8660926631722	0.82296061547671	0.13271508513571	288.53755590575	0.0011922516920945	0.0023429381586325	0.8660926631722	0.82211891624735	0.13271508513571	297.25063366179	0.0011922516920945	n9	/public4/group_crf/home/cuirf/deepsea/cellpaper/hyphy/Relax_Macrourus_sp/hyphytmp/49634670/	1
N1.HOG0010659	Success	OG0002164	84	0.38175152577663	-8854.085241756	-8768.265455054	-8767.8829280962	0.72319436227606	0.76505391567116	0.017419238482544	0.56256882658233	0.63509351828854	0.40456109907399	7.757581818598	0.032870074343672	0.053446861626458	0.56256882658233	0.7201340100556	0.40456109907399	4.3999231488181	0.032870074343672	n1	/public4/group_crf/home/cuirf/deepsea/cellpaper/hyphy/Relax_Macrourus_sp/hyphytmp/29186866/	0.661138227101059
N1.HOG0026654	Success	OG0013531	121	8.6874951676918e-12	-9928.6960291448	-9822.3268783121	-9799.0247884292	40.750229827638	46.604179765716	0.00015530691863553	0.33009570630972	0.044561597143942	0.572706509803	1.1651159218407	0.09719778388728	6.1680780378858e-156	0.33009570630972	8.8072430025725e-56	0.572706509803	506.47450838811	0.09719778388728	n0	/public4/group_crf/home/cuirf/deepsea/cellpaper/hyphy/Relax_Macrourus_sp/hyphytmp/61534459/	8.2006135703816e-11
N1.HOG0009698	Success	OG0001825	135	0	-10359.463074942	-10179.316597812	-10141.75211417	50	75.128967283337	0.00057289606595675	0.21999253245874	0.014712959814531	0.59586225745275	1.1697575819715	0.18414521008851	8.0129420012887e-163	0.21999253245874	2.4266237245424e-92	0.59586225745275	2539.7644570896	0.18414521008851	n118	/public4/group_crf/home/cuirf/deepsea/cellpaper/hyphy/Relax_Macrourus_sp/hyphytmp/90923444/	0
N1.HOG0005635	Success	OG0000807	204	0.3877447933319	-18026.410346135	-17870.61674178	-17870.243740485	2.372030170347	0.74600258952705	0	0.36580498403524	0.20956166594372	0.5627016532229	2.1229558124105	0.07149336274186	0	0.36580498403524	0.02455450670323	0.5627016532229	5.9636728138265	0.07149336274186	n136	/public4/group_crf/home/cuirf/deepsea/cellpaper/hyphy/Relax_Macrourus_sp/hyphytmp/25050847/	0.669694187807908
N1.HOG0016613	Success	OG0005186	81	1	-2822.1994038237	-2794.1168897967	-2794.1169889202	1	-0.00019824697665172	0.00071739535808056	0.72905595881773	0.59906659225715	0.25907412679146	10.524394079043	0.011869914390814	0.00071739535808056	0.72905595881773	0.59906659225715	0.25907412679146	10.524394079043	0.011869914390814	n51	/public4/group_crf/home/cuirf/deepsea/cellpaper/hyphy/Relax_Macrourus_sp/hyphytmp/13454138/	1
N1.HOG0023957	Success	OG0010913	183	0.24899318514831	-13865.713715427	-13864.236823704	-13863.572351751	0	1.3289439050168	1.1526565139727e-05	0.45332461721968	0.010517662283665	0.47245491162184	1	0.074220471158486	1	0.45332461721968	1	0.47245491162184	1	0.074220471158486	n0	/public4/group_crf/home/cuirf/deepsea/cellpaper/hyphy/Relax_Macrourus_sp/hyphytmp/45689891/	0.490562261565134
N1.HOG0005302	Success	OG0000740	284	0.88151009787921	-13735.858970856	-13643.287036343	-13643.275927621	0.95111457517512	0.022217444427952	1.6148512386413e-05	0.62675285026113	0.095717262031811	0.37267492852969	25.228792959889	0.00057222120918387	2.7693956032905e-05	0.62675285026113	0.10735072725033	0.37267492852969	21.545876596573	0.00057222120918387	n1	/public4/group_crf/home/cuirf/deepsea/cellpaper/hyphy/Relax_Macrourus_sp/hyphytmp/28297025/	1
N1.HOG0028124	Success	OG0014907	39	0.17430636158496	-2004.0781254951	-1996.1008047666	-1995.1780491208	0	1.8455112916354	0	0.29914644720747	0.1996624677852	0.59855371617638	1	0.10229983661614	1	0.59855371617638	1	0.29914644720747	1	0.10229983661614	n0	/public4/group_crf/home/cuirf/deepsea/cellpaper/hyphy/Relax_Macrourus_sp/hyphytmp/32007823/	0.382449973439286
N1.HOG0024001	Success	OG0010952	119	0.013798442526232	-8986.2748878627	-8850.4709021339	-8847.4390274237	2.411954454721	6.0637494204311	0.030795611752206	0.90797558825678	0.36076256815902	0.081294099984247	13.891337720148	0.010730311758968	0.00022610174492161	0.90797558825678	0.08551422257127	0.081294099984247	570.48817888414	0.010730311758968	n0	/public4/group_crf/home/cuirf/deepsea/cellpaper/hyphy/Relax_Macrourus_sp/hyphytmp/25715188/	0.0464012083938393
N1.HOG0025856	Success	OG0012766	227	1.0700936191266e-05	-17781.103080912	-17520.805393837	-17511.114379754	1.7986881024773e-06	19.382028165863	0	0.69856610963493	0.5123836360014	0.29698810215326	49.582865812551	0.0044457882118131	0	0.69856610963493	0.999998797251	0.29698810215326	1.0000070214651	0.0044457882118131	n0	/public4/group_crf/home/cuirf/deepsea/cellpaper/hyphy/Relax_Macrourus_sp/hyphytmp/96488025/	5.74506511768593e-05
N1.HOG0020536	Success	OG0007826	549	0.070841685397735	-41215.970876595	-40637.671763976	-40636.040059187	1.3872822646382e-05	3.2634095778485	0	0.70438008507174	0.35696852228482	0.28648558411891	18.032794283274	0.0091343308093536	0	0.70438008507174	0.99998570960104	0.28648558411891	1.0000401236717	0.0091343308093536	n0	/public4/group_crf/home/cuirf/deepsea/cellpaper/hyphy/Relax_Macrourus_sp/hyphytmp/48685449/	0.188984496138678
N1.HOG0008552	Success	OG0001470	80	0.3994444363742	-6310.5686156254	-6225.2405897291	-6224.8855906696	0	0.70999811905131	0.041105670413841	0.7542542220202	0.87550784970792	0.23909744539475	134.72594394348	0.0066483325850509	1	0.23909744539475	1	0.7542542220202	1	0.0066483325850509	n176	/public4/group_crf/home/cuirf/deepsea/cellpaper/hyphy/Relax_Macrourus_sp/hyphytmp/26705783/	0.681955914390758
N1.HOG0007601	Success	OG0001206	40	0.21419389078027	-2213.5443379281	-2170.5621728765	-2169.7907472175	0.29470318547509	1.5428513178886	0.00037320732839502	0.53478970138584	0.037810098612067	0.46318334982087	9913.2137563382	0.0020269487932917	0.097665863255689	0.53478970138584	0.38090483958646	0.46318334982087	15.055567641626	0.0020269487932917	n200	/public4/group_crf/home/cuirf/deepsea/cellpaper/hyphy/Relax_Macrourus_sp/hyphytmp/74876918/	0.44499645490419
N1.HOG0013532	Success	OG0003493	104	4.4045878055954e-12	-8912.3746875391	-8734.9071903451	-8710.9394136418	36.012413716357	47.935553406536	6.7052152215313e-05	0.41483753098018	0.0076611245348109	0.40025183707271	1.201187392576	0.1849106319471	5.0009011690696e-151	0.41483753098018	6.4308295811957e-77	0.40025183707271	736.16610177865	0.1849106319471	n1	/public4/group_crf/home/cuirf/deepsea/cellpaper/hyphy/Relax_Macrourus_sp/hyphytmp/86738104/	4.29947832387096e-11
N1.HOG0006752	Success	OG0001011	278	5.1070259132757e-15	-24041.044649754	-23369.507070142	-23338.900970573	6.3603931054435	61.212199139096	6.0581426741297e-05	0.55208654657758	0.042928634405272	0.3665256502171	2.2556055087551	0.081387803205314	1.4928673377254e-27	0.55208654657758	2.0124908408458e-09	0.3665256502171	176.56006574706	0.081387803205314	n184	/public4/group_crf/home/cuirf/deepsea/cellpaper/hyphy/Relax_Macrourus_sp/hyphytmp/64272654/	6.40428505037055e-14
N1.HOG0026301	Success	OG0013195	229	0.95832368759154	-23376.176505567	-22937.60675467	-22937.605389258	1.0032417854351	0.0027308239441481	0.00014781238670174	0.31376242597212	0.019058786877684	0.50491442411099	1.3065275794668	0.18132314991689	0.00014364610480214	0.31376242597212	0.018815670170208	0.50491442411099	1.3076605235847	0.18132314991689	n0	/public4/group_crf/home/cuirf/deepsea/cellpaper/hyphy/Relax_Macrourus_sp/hyphytmp/66078736/	1
N1.HOG0021054	Success	OG0008253	298	5.169384587056e-09	-18800.623126372	-18339.618242708	-18322.555947196	2.5325447306764	34.124591022788	0	0.51855703436629	0.031213068540228	0.47229408075635	8.4284989567955	0.0091488848773628	0	0.51855703436629	0.00015375871854985	0.47229408075635	221.05680342177	0.0091488848773628	n0	/public4/group_crf/home/cuirf/deepsea/cellpaper/hyphy/Relax_Macrourus_sp/hyphytmp/43011616/	4.00045167592892e-08
N1.HOG0005596	Success	OG0000797	206	0.72976983075268	-10367.766934025	-10057.20820416	-10057.148542622	0.8480962597618	0.11932307614188	1.6594632312427e-06	0.53690811200337	0.0044848615774803	0.44628330010183	2.9578923987943	0.016808587894803	1.2530724140414e-05	0.53690811200337	0.010196641413488	0.44628330010183	2.508640258611	0.016808587894803	n3	/public4/group_crf/home/cuirf/deepsea/cellpaper/hyphy/Relax_Macrourus_sp/hyphytmp/26199045/	0.978723317121861
N1.HOG0025939	Success	OG0012847	203	1	-15110.319600953	-14896.964531499	-14896.964531499	0.92505526333645	0	3.4081050066302e-05	0.2998678817717	0.05836844520762	0.67475606788454	3.1926282685945	0.025376050343765	7.3676265882868e-05	0.2998678817717	0.072218186825377	0.67475606788454	2.9266115958482	0.025376050343765	n0	/public4/group_crf/home/cuirf/deepsea/cellpaper/hyphy/Relax_Macrourus_sp/hyphytmp/23863112/	1
N1.HOG0024335	Success	OG0011282	173	0.53492345187587	-14316.945822643	-14103.322991783	-14103.130476753	2.1781358074118	0.38503005903476	5.825799766075e-05	0.67624292410998	0.54599031471808	0.31924270713127	25.054130590897	0.0045143687587457	5.9754318825284e-10	0.67624292410998	0.26764128391872	0.31924270713127	1114.1641332542	0.0045143687587457	n0	/public4/group_crf/home/cuirf/deepsea/cellpaper/hyphy/Relax_Macrourus_sp/hyphytmp/18432933/	0.830920877326171
N1.HOG0025741	Success	OG0012661	126	0.0001144533795111	-12050.215527019	-11856.173738156	-11848.732767091	0.32415137621307	14.881942128701	0.001899524782253	0.77368401623536	0.51926497508858	0.22552976883916	3394.7495273092	0.00078621492548021	0.13118042086391	0.77368401623536	0.80861717667176	0.22552976883916	13.948136438844	0.00078621492548021	n0	/public4/group_crf/home/cuirf/deepsea/cellpaper/hyphy/Relax_Macrourus_sp/hyphytmp/31626843/	0.000532875084011029
N1.HOG0023985	Success	OG0010941	248	0.9039138683167	-20134.342213905	-19707.863223849	-19707.85593735	0.93678910529477	0.014572997992218	0.0089147759791958	0.81626487440158	0.75430189405515	0.17977754579334	1454.6318040075	0.0039575798050848	0.012013949102051	0.81626487440158	0.7678664203292	0.17977754579334	917.97874772717	0.0039575798050848	n0	/public4/group_crf/home/cuirf/deepsea/cellpaper/hyphy/Relax_Macrourus_sp/hyphytmp/58780548/	1
N1.HOG0004621	Success	OG0000592	141	0.14071550587015	-6557.7452070973	-6381.0493659487	-6379.9643073289	0.10709145528612	2.170117239637	4.0215104265214e-15	0.34870340590416	0.025965574143962	0.54936211268991	1.7520874514061	0.10193448140593	0.028731155297445	0.34870340590416	0.67638749036923	0.54936211268991	1.0618978532763	0.10193448140593	n182	/public4/group_crf/home/cuirf/deepsea/cellpaper/hyphy/Relax_Macrourus_sp/hyphytmp/85167170/	0.322823319657723
N1.HOG0027199	Success	OG0014026	195	0.062691696046549	-21294.436470793	-20821.969827368	-20820.237474958	3.1879749744551	3.4647048201659	9.3776892260299e-05	0.23697379021696	0.082237521364701	0.69527673142825	4.4125878130157	0.067749478354781	1.4425880372167e-13	0.23697379021696	0.00034775257137026	0.69527673142825	113.57069975879	0.067749478354781	n0	/public4/group_crf/home/cuirf/deepsea/cellpaper/hyphy/Relax_Macrourus_sp/hyphytmp/49102132/	0.171503716254731
N1.HOG0017973	Success	OG0006004	168	9.2093797599002e-07	-14437.24783046	-14143.723676769	-14131.680322767	4.4409663201603	24.086708003531	0.014932538430518	0.76325560821884	0.93463883708776	0.18907336833499	3.6929832455344	0.047671023446169	7.7873374618703e-09	0.76325560821884	0.74067930106176	0.18907336833499	330.90524113836	0.047671023446169	n0	/public4/group_crf/home/cuirf/deepsea/cellpaper/hyphy/Relax_Macrourus_sp/hyphytmp/93827548/	5.73250522735817e-06
N1.HOG0022475	Success	OG0009511	149	0.1423263822894	-12473.437464673	-11994.91908725	-11993.842774823	0.37521721617634	2.1526248545888	4.3190742703802e-13	0.29508348017173	0.00083152928558945	0.56158033180935	2.7870213942746	0.14333618801892	2.2939593033895e-05	0.29508348017173	0.069869080612984	0.56158033180935	1.4690084878518	0.14333618801892	n0	/public4/group_crf/home/cuirf/deepsea/cellpaper/hyphy/Relax_Macrourus_sp/hyphytmp/28862668/	0.324956713268036
N1.HOG0006302	Success	OG0000925	129	0.82223944177124	-10734.476258375	-10543.982915216	-10543.957677904	1.1882845511495	0.050474623709306	0.00051939511501942	0.43968723585337	0.13835222364658	0.46627218977624	2.5819545782039	0.094040574370389	0.00012504802867594	0.43968723585337	0.095333844117585	0.46627218977624	3.086826036395	0.094040574370389	n91	/public4/group_crf/home/cuirf/deepsea/cellpaper/hyphy/Relax_Macrourus_sp/hyphytmp/35201982/	1
N1.HOG0019774	Success	OG0007263	153	3.086197963853e-12	-13976.67367895	-13574.934251325	-13550.617717814	49.37052581941	48.633067022914	0.00020094067794986	0.43469962606777	0.022690830728609	0.5043174533553	1.6054276444847	0.060982920576931	3.0235453482971e-183	0.43469962606777	6.7215514321674e-82	0.5043174533553	14129369703.514	0.060982920576931	n0	/public4/group_crf/home/cuirf/deepsea/cellpaper/hyphy/Relax_Macrourus_sp/hyphytmp/25876237/	3.04717707005716e-11
N1.HOG0010900	Success	OG0002262	847	0.80724072924303	-58259.089307877	-57535.381486916	-57535.351722038	0.9243392384594	0.059529756341362	0.00065051352609351	0.68044396796821	0.29093929666728	0.30662262525263	7.3522196265616	0.012933406779153	0.0011333597473062	0.68044396796821	0.31942691309671	0.30662262525263	6.3221470119889	0.012933406779153	n1	/public4/group_crf/home/cuirf/deepsea/cellpaper/hyphy/Relax_Macrourus_sp/hyphytmp/49936009/	1
N1.HOG0008181	Success	OG0001351	256	3.8499471993747e-05	-24290.308712434	-23586.856583322	-23578.384599784	0.049178092540826	16.943967075815	8.9056304455016e-06	0.78276719591271	0.92669996545402	0.21237879322636	43.36288291236	0.0048540108609261	0.56446126114669	0.78276719591271	0.99626329559405	0.21237879322636	1.2036780690477	0.0048540108609261	n230	/public4/group_crf/home/cuirf/deepsea/cellpaper/hyphy/Relax_Macrourus_sp/hyphytmp/10413739/	0.000188439011069109
N1.HOG0003753	Success	OG0000469	381	0.088831360729796	-32555.900779303	-31276.521256932	-31275.07354457	3.1548380553774	2.8954247242291	6.2149696382811e-05	0.50561647315749	0.036150864310693	0.48323972026704	17.194959045897	0.01114380657547	5.3577360071844e-14	0.50561647315749	2.8255172060064e-05	0.48323972026704	7897.5166168119	0.01114380657547	n136	/public4/group_crf/home/cuirf/deepsea/cellpaper/hyphy/Relax_Macrourus_sp/hyphytmp/83360514/	0.22710160377052
N1.HOG0025048	Success	OG0011975	85	0.036987984749798	-6008.5564300802	-5944.7699182525	-5942.5944358108	0.26245826464977	4.3509648835407	0.0010922050504823	0.64472080177173	0.081194617353222	0.29950411220092	1.0048151658673	0.05577508602735	0.1669853821393	0.64472080177173	0.51736424530427	0.29950411220092	1.0012615422301	0.05577508602735	n0	/public4/group_crf/home/cuirf/deepsea/cellpaper/hyphy/Relax_Macrourus_sp/hyphytmp/57737242/	0.108629835198105
N1.HOG0001223	Success	OG0000112	233	2.2204460492503e-16	-19616.90970111	-19285.760530933	-19252.145107184	14.136228677433	67.23084749742	0.00010879449555522	0.31274679492365	0.046526716567643	0.60230420000327	1.5013581472228	0.084949005073078	9.3879144368288e-57	0.31274679492365	1.466683923156e-19	0.60230420000327	312.48019289386	0.084949005073078	n901	/public4/group_crf/home/cuirf/deepsea/cellpaper/hyphy/Relax_Macrourus_sp/hyphytmp/71798672/	3.17893859384335e-15
N1.HOG0022426	Success	OG0009464	225	0	-24853.26537227	-24353.624849364	-24315.268783305	50	76.7121321171	0	0.28695998912033	0.0010468072190977	0.49299831250063	1.1143272232386	0.22004169837904	0	0.28695998912033	9.8477145209742e-150	0.49299831250063	224.20073266465	0.22004169837904	n0	/public4/group_crf/home/cuirf/deepsea/cellpaper/hyphy/Relax_Macrourus_sp/hyphytmp/68565727/	0
N1.HOG0001273	Success	OG0000125	202	0.03059110601505	-15750.303141421	-15126.328521435	-15123.990639798	0.516921701725	4.6757632739645	5.753122089738e-06	0.50801797347964	0.088602598697079	0.46012676282039	14.151421930856	0.03185526369997	0.0019556018831408	0.50801797347964	0.28570131075619	0.46012676282039	3.9343549232293	0.03185526369997	n692	/public4/group_crf/home/cuirf/deepsea/cellpaper/hyphy/Relax_Macrourus_sp/hyphytmp/68019989/	0.0926905116999222
N1.HOG0020647	Success	OG0007919	123	5.9012147042292e-06	-11381.747193824	-11001.888459855	-10991.628471549	0.15494212111814	20.519976613137	0	0.73035975781951	0.34632131043265	0.26163608156772	9999999171.5964	0.0080041606127635	0	0.73035975781951	0.84848844617297	0.26163608156772	35.434083610918	0.0080041606127635	n0	/public4/group_crf/home/cuirf/deepsea/cellpaper/hyphy/Relax_Macrourus_sp/hyphytmp/12945777/	3.25989931249703e-05
N1.HOG0015504	Success	OG0004544	337	2.0303687209289e-06	-24165.939813062	-23730.665742788	-23719.382697752	0.050935062564313	22.566090071894	0	0.20493141126226	0.0039693413057934	0.69958948132487	1	0.095479107412868	0	0.20493141126226	0.75455443084914	0.69958948132487	1	0.095479107412868	n112	/public4/group_crf/home/cuirf/deepsea/cellpaper/hyphy/Relax_Macrourus_sp/hyphytmp/10859959/	1.19457995293009e-05
N1.HOG0012321	Success	OG0002868	271	0.32921952341592	-23085.046739017	-22822.44610538	-22821.970122675	0.49301646447376	0.95196540935285	7.8157336548004e-06	0.54962043082478	0.28567577289316	0.43665026171108	7.4057218465945	0.013729307464142	0.0030349392529184	0.54962043082478	0.53918354886063	0.43665026171108	2.6835583530966	0.013729307464142	n106	/public4/group_crf/home/cuirf/deepsea/cellpaper/hyphy/Relax_Macrourus_sp/hyphytmp/37332360/	0.589780126411419
N1.HOG0005856	Success	OG0000841	734	0.919160705095	-27933.783038247	-27681.65794227	-27681.652792059	0.78495573793017	0.010300422196451	3.8265308034183e-05	0.11631841966578	0.08054986683419	0.87280344276502	8.6286877022422	0.010878137569197	0.00034095542656613	0.11631841966578	0.13845521197084	0.87280344276502	5.4284420074613	0.010878137569197	n485	/public4/group_crf/home/cuirf/deepsea/cellpaper/hyphy/Relax_Macrourus_sp/hyphytmp/10347235/	1
N1.HOG0018143	Success	OG0006117	126	0.036883863679354	-12420.965321201	-12229.636301222	-12227.458418111	1.3385245762918e-05	4.3557662215026	0	0.35461499153086	0.066672848147402	0.53030287453701	1.6219693393365	0.11508213393213	0	0.35461499153086	0.99996375398047	0.53030287453701	1.0000064736753	0.11508213393213	n2	/public4/group_crf/home/cuirf/deepsea/cellpaper/hyphy/Relax_Macrourus_sp/hyphytmp/27695297/	0.108629835198105
N1.HOG0011911	Success	OG0002671	57	0.45739405520183	-3655.1990325929	-3588.1160746484	-3587.8399425961	0.18369613790478	0.55226410460364	0.00018299505212237	0.81848060622308	1	0.18151939377692	15.235663045168	0	0.20579013066139	0.81848060622308	1	0.18151939377692	1.6492521668813	0	n1	/public4/group_crf/home/cuirf/deepsea/cellpaper/hyphy/Relax_Macrourus_sp/hyphytmp/34959860/	0.741323572487494
N1.HOG0027356	Success	OG0014176	42	0.43049752482636	-2822.7725951861	-2815.848601581	-2815.5378611562	50	0.62148084966248	2.6146568850961e-05	0.80855451150284	0.75253902220411	0.19144548849716	1.001565215798	0	7.425663723828e-230	0.80855451150284	6.705809922571e-07	0.19144548849716	1.0813384790178	0	n0	/public4/group_crf/home/cuirf/deepsea/cellpaper/hyphy/Relax_Macrourus_sp/hyphytmp/62322261/	0.712519024712607
N1.HOG0025969	Success	OG0012877	88	0.25369344356817	-6460.3662233716	-6398.782209273	-6398.1307846837	12.740330972037	1.3028491786699	0.0071889805391282	0.85008642629896	0.59543884985837	0.11350004934194	1.6265831505708	0.036413524359098	4.9343746424746e-28	0.85008642629896	0.0013531657173618	0.11350004934194	491.73327383372	0.036413524359098	n0	/public4/group_crf/home/cuirf/deepsea/cellpaper/hyphy/Relax_Macrourus_sp/hyphytmp/81866122/	0.4974546198015
N1.HOG0022466	Success	OG0009503	341	2.0869105865629e-05	-29045.969513824	-28698.723436906	-28689.669292783	0.1448455117409	18.108288246389	0.012849308929364	0.9717414999013	1.5424819400508	0.02677958897409	NA	NA	0.53220594635875	0.9717414999013	1.6466196946381	0.02677958897409	NA	NA	n0	/public4/group_crf/home/cuirf/deepsea/cellpaper/hyphy/Relax_Macrourus_sp/hyphytmp/23202041/	0.000107024250379554
N1.HOG0001422	Success	OG0000141	163	0.70425204592114	-8205.4928624974	-7959.9374351806	-7959.8653920525	0.70666408315984	0.14408625621945	5.3351814330873e-05	0.24050833752339	0.05910897955467	0.69877215512483	4.6936774246579	0.060719507351782	0.00095615830594968	0.24050833752339	0.13551008565957	0.69877215512483	2.9821829816107	0.060719507351782	n994	/public4/group_crf/home/cuirf/deepsea/cellpaper/hyphy/Relax_Macrourus_sp/hyphytmp/39914715/	0.969643657612975
N1.HOG0026099	Success	OG0013006	44	0.097759031054973	-3681.8717566304	-3650.2269392891	-3648.8560755217	0	2.7417275348798	0	0.76540040099565	0	0.00068056946005102	1	0.2339190295443	1	0.76540040099565	1	0.00068056946005102	1	0.2339190295443	n0	/public4/group_crf/home/cuirf/deepsea/cellpaper/hyphy/Relax_Macrourus_sp/hyphytmp/64054157/	0.245182504164151
N1.HOG0017632	Success	OG0005796	201	0	-10386.370850428	-10268.49626016	-10213.422573433	50	110.14737345317	0	0.93348611422666	0.16302891257033	0	1.1079922729013	0.066513885773341	0	0.93348611422666	4.1042290229355e-40	0	168.5918523792	0.066513885773341	n28	/public4/group_crf/home/cuirf/deepsea/cellpaper/hyphy/Relax_Macrourus_sp/hyphytmp/88491251/	0
N1.HOG0019953	Success	OG0007382	123	0.14215796295839	-12147.251179059	-11822.354966295	-11821.277744663	0.069992636128995	2.1544432640621	7.4848811950231e-05	0.50192906386382	0.11120264191678	0.4735423142593	5.0335478339959	0.024528621876885	0.51430805446312	0.50192906386382	0.85750188153925	0.4735423142593	1.1197627740433	0.024528621876885	n0	/public4/group_crf/home/cuirf/deepsea/cellpaper/hyphy/Relax_Macrourus_sp/hyphytmp/53935587/	0.324956713268036
N1.HOG0026955	Success	OG0013808	147	0.018803034563123	-14567.223320701	-14331.772236852	-14329.012365984	5.0821896597856e-07	5.5197417351192	0	0.44898880839892	0.24177613866098	0.52930344361848	10.409803223015	0.021707747982594	0	0.44898880839892	0.99999927845993	0.52930344361848	1.0000011906297	0.021707747982594	n0	/public4/group_crf/home/cuirf/deepsea/cellpaper/hyphy/Relax_Macrourus_sp/hyphytmp/99426592/	0.0611810859459192
N1.HOG0023795	Success	OG0010757	73	6.8380667794798e-10	-5819.5868765948	-5772.8635110462	-5753.8303555869	50	38.066310918521	4.9952497619138e-05	0.52090202711187	0.051083173168227	0.38672005936558	1.11523307197	0.092377913522555	8.4695510283718e-216	0.52090202711187	2.593542324723e-65	0.38672005936558	233.49736943238	0.092377913522555	n0	/public4/group_crf/home/cuirf/deepsea/cellpaper/hyphy/Relax_Macrourus_sp/hyphytmp/28604325/	5.67526508557792e-09
N1.HOG0014812	Success	OG0004169	102	0.040942436719947	-7850.0614466527	-7684.3989082837	-7682.3097103722	0	4.1783958229717	1.1157825961258e-05	0.35083038846477	0.06376677589944	0.64573178924708	384.54844611629	0.0034378222881467	1	0.35083038846477	1	0.64573178924708	1	0.0034378222881467	n96	/public4/group_crf/home/cuirf/deepsea/cellpaper/hyphy/Relax_Macrourus_sp/hyphytmp/11021874/	0.11881605791363
N1.HOG0006274	Success	OG0000916	309	0.00049026377673267	-15340.103984756	-14717.123230673	-14711.047061863	1.6105000175044	12.152337618591	0	0.1784910574624	0.0096369170783322	0.81242609936087	172.2816945108	0.0090828431767265	0	0.1784910574624	0.00056641182337784	0.81242609936087	3994.5068070732	0.0090828431767265	n26	/public4/group_crf/home/cuirf/deepsea/cellpaper/hyphy/Relax_Macrourus_sp/hyphytmp/12206488/	0.00209000786210106
N1.HOG0026069	Success	OG0012977	187	0.58777891163022	-19961.280483656	-19632.105117223	-19631.958204069	0.1683393036257	0.29382630767941	5.3585754201431e-06	0.32452310272476	0.1735943936809	0.61496264524988	3.9531202244984	0.060514252025364	0.12962591581839	0.32452310272476	0.74470448348384	0.61496264524988	1.2603421702023	0.060514252025364	n0	/public4/group_crf/home/cuirf/deepsea/cellpaper/hyphy/Relax_Macrourus_sp/hyphytmp/97783809/	0.881816105790298
N1.HOG0015745	Success	OG0004694	221	3.4441202201307e-06	-14207.90493534	-13892.842697072	-13882.066832515	0.3279349914462	21.551729113951	1.1915039004364e-06	0.52569595893407	0.015354564484368	0.38991160983473	1	0.084392431231203	0.011411544235549	0.52569595893407	0.25421654436984	0.38991160983473	1	0.084392431231203	n133	/public4/group_crf/home/cuirf/deepsea/cellpaper/hyphy/Relax_Macrourus_sp/hyphytmp/13059506/	1.9789292769848e-05
N1.HOG0027587	Success	OG0014394	51	1.1522109211182e-06	-1763.4855316317	-1755.3495752081	-1743.5218665062	50	23.655417403809	0.0026307239506452	0.0047749981758143	0.0028842222860132	0.90316554128833	1.1154267366523	0.092059460535859	1.0087044482139e-129	0.0047749981758143	1.0033129391586e-127	0.90316554128833	235.5334066079	0.092059460535859	n0	/public4/group_crf/home/cuirf/deepsea/cellpaper/hyphy/Relax_Macrourus_sp/hyphytmp/68976010/	6.94560828940725e-06
N1.HOG0024365	Success	OG0011312	160	0.42284255196013	-12979.763718058	-12799.414646213	-12799.093445514	1.8853764649126	0.64240139725734	0.0012131821806093	0.55385294069133	0.11378681921584	0.41140585984162	2.8127386445961	0.034741199467056	3.1776258020785e-06	0.55385294069133	0.016610319698446	0.41140585984162	7.0271295941399	0.034741199467056	n0	/public4/group_crf/home/cuirf/deepsea/cellpaper/hyphy/Relax_Macrourus_sp/hyphytmp/45348826/	0.708402807850467
N1.HOG0018331	Success	OG0006250	108	0.20998394549573	-7984.5536370407	-7807.1020019638	-7806.3162334674	1.2278912216415e-05	1.5715369928566	0	0.36386966669836	0.064949300943397	0.62832053961753	21.079889202599	0.0078097936841085	0	0.36386966669836	0.9999664281966	0.62832053961753	1.0000374307477	0.0078097936841085	n0	/public4/group_crf/home/cuirf/deepsea/cellpaper/hyphy/Relax_Macrourus_sp/hyphytmp/43545618/	0.439941973611786
N1.HOG0006223	Success	OG0000905	329	0.14570884603639	-25787.00306858	-25113.705076195	-25112.646771706	0.63747341426932	2.1166089769686	1.724712373909e-09	0.46336040838668	0.017477070839728	0.44638837949827	1.6737360522743	0.09025121211505	2.5920290305115e-06	0.46336040838668	0.075791497400787	0.44638837949827	1.3886554312447	0.09025121211505	n1	/public4/group_crf/home/cuirf/deepsea/cellpaper/hyphy/Relax_Macrourus_sp/hyphytmp/38432665/	0.328945857411982
N1.HOG0016011	Success	OG0004836	219	0.034886789010689	-21615.206780431	-21187.685200343	-21185.459846558	0.17844669126135	4.4507075703514	2.8448092060674e-08	0.42193394466641	0.30691552958624	0.49695289592888	6.5129033917539	0.081113159404711	0.04502469206345	0.42193394466641	0.80995373708524	0.49695289592888	1.3970610710625	0.081113159404711	n1	/public4/group_crf/home/cuirf/deepsea/cellpaper/hyphy/Relax_Macrourus_sp/hyphytmp/96729791/	0.103874356187805
N1.HOG0021569	Success	OG0008696	112	0.62791747846647	-10766.592868092	-10637.133474751	-10637.016027048	0.52810112772742	0.23489540649825	0.03107243437483	0.35472240799873	0.098246179875427	0.58583757726856	2.4445487013813	0.05944001473271	0.15989014077562	0.35472240799873	0.29365727898362	0.58583757726856	1.6032755441357	0.05944001473271	n0	/public4/group_crf/home/cuirf/deepsea/cellpaper/hyphy/Relax_Macrourus_sp/hyphytmp/40775031/	0.914693949938204
N1.HOG0024411	Success	OG0011356	190	9.3278797588248e-05	-14377.135993755	-14243.091476474	-14235.457428773	5.4775463882017e-06	15.268095401894	0	0.72437545528946	0.61805800107214	0.27320122645738	565.93895766116	0.002423318253159	0	0.72437545528946	0.99999736435619	0.27320122645738	1.000034719955	0.002423318253159	n0	/public4/group_crf/home/cuirf/deepsea/cellpaper/hyphy/Relax_Macrourus_sp/hyphytmp/87498529/	0.000440255423781896
N1.HOG0004452	Success	OG0000558	98	0.99173790121579	-6516.1675087313	-6377.3098135344	-6377.3097599194	1.001236009535	0.00010722996557888	0.00019194436358626	0.5043464481711	0.078929997772091	0.46861157469935	3.0365386129628	0.027041977129556	0.00018992464922271	0.5043464481711	0.078682666830802	0.46861157469935	3.0407102132084	0.027041977129556	n131	/public4/group_crf/home/cuirf/deepsea/cellpaper/hyphy/Relax_Macrourus_sp/hyphytmp/39738181/	1
N1.HOG0004484	Success	OG0000562	306	0.6039940641543	-26257.878422913	-25619.007808337	-25618.873301416	2.8181144431158	0.2690138414182	0.00025706240615655	0.51368756609953	0.089976630950341	0.46740062370997	7.3999441768283	0.018911810190505	7.6397269905574e-11	0.51368756609953	0.0011288022844715	0.46740062370997	281.56925459256	0.018911810190505	n277	/public4/group_crf/home/cuirf/deepsea/cellpaper/hyphy/Relax_Macrourus_sp/hyphytmp/80353187/	0.895307853509135
N1.HOG0007698	Success	OG0001226	246	0.0034835920104233	-21969.425412973	-21643.077948715	-21638.810390908	0.050118309691608	8.5351156154356	2.2549882817073e-09	0.45745366176231	0.098437933830512	0.47161027056636	2.1002175014229	0.070936067671332	0.36866695137184	0.45745366176231	0.89030539654147	0.47161027056636	1.0378900312425	0.070936067671332	n113	/public4/group_crf/home/cuirf/deepsea/cellpaper/hyphy/Relax_Macrourus_sp/hyphytmp/83333834/	0.0131824032464917
N1.HOG0023176	Success	OG0010177	94	0.19175945631956	-7684.3099255783	-7636.1802334452	-7635.32820952	0.51667531968376	1.7040478504332	0.028152763691423	0.8957965134378	0.98344782265173	0	1.0034953245359	0.1042034865622	0.15809050438771	0.8957965134378	0.9914134068691	0	1.0018044250895	0.1042034865622	n0	/public4/group_crf/home/cuirf/deepsea/cellpaper/hyphy/Relax_Macrourus_sp/hyphytmp/40790680/	0.410264938925285
N1.HOG0002136	Success	OG0000232	236	0.17692228521409	-19714.784569559	-19418.196635141	-19417.284990678	0.26977527866069	1.8232889259671	2.8502136795803e-05	0.36900627444766	0.066324399579359	0.48889983169267	1.0789384995861	0.14209389385967	0.059407091378573	0.36900627444766	0.48096845497505	0.48889983169267	1.0207084057728	0.14209389385967	n139	/public4/group_crf/home/cuirf/deepsea/cellpaper/hyphy/Relax_Macrourus_sp/hyphytmp/71350174/	0.387070978910186
N1.HOG0024468	Success	OG0011412	111	1	-8677.6863117868	-8320.2043344577	-8320.2074683404	1.1535268679197	-0.0062677655223524	0	0.54011160366285	0.0062671563701466	0.41283580030735	2.5410820479447	0.047052596029795	0	0.54011160366285	0.0028764820558812	0.41283580030735	2.9322428681082	0.047052596029795	n0	/public4/group_crf/home/cuirf/deepsea/cellpaper/hyphy/Relax_Macrourus_sp/hyphytmp/39627718/	1
N1.HOG0012786	Success	OG0003102	780	0.9799438203352	-66818.653415119	-64972.566461759	-64972.566145765	0.998001998002	0.00063198647694662	0.00010807366799906	0.62363400704961	0.13585844175674	0.36692539742999	17.928753358057	0.0094405955204023	0.00011006380614089	0.62363400704961	0.13640136729742	0.36692539742999	17.825655012277	0.0094405955204023	n131	/public4/group_crf/home/cuirf/deepsea/cellpaper/hyphy/Relax_Macrourus_sp/hyphytmp/81951821/	1
N1.HOG0006523	Success	OG0000965	110	0.36656785236372	-7390.3904916699	-7189.8665714172	-7189.4589382986	9.6123683202792e-07	0.81526623711761	0	0.41593394664955	0.14717298095544	0.57541888157362	6668.3442909353	0.0086471717768306	0	0.41593394664955	0.99999815813097	0.57541888157362	1.0000084638481	0.0086471717768306	n178	/public4/group_crf/home/cuirf/deepsea/cellpaper/hyphy/Relax_Macrourus_sp/hyphytmp/77563112/	0.640654700265383
N1.HOG0024354	Success	OG0011301	130	4.2838195768447e-08	-10867.989624437	-10460.725002018	-10445.716743803	8.2172705696616	30.016516431304	0	0.55664615933408	0.0020214341957986	0.37054140994807	2.4792987174191	0.072812430717846	0	0.55664615933408	7.2422913811767e-23	0.37054140994807	1739.0293069608	0.072812430717846	n0	/public4/group_crf/home/cuirf/deepsea/cellpaper/hyphy/Relax_Macrourus_sp/hyphytmp/28082924/	3.04115786488396e-07
N1.HOG0002174	Success	OG0000239	361	0.36456349779101	-19405.029914473	-18891.829382996	-18891.418327181	0.72157709582388	0.82211162890599	4.9071033130508e-05	0.36170799083895	0.18338129421566	0.56942335119911	5.7761657598867	0.068868657961934	0.00077731699590402	0.36170799083895	0.29407212808191	0.56942335119911	3.544718281682	0.068868657961934	n134	/public4/group_crf/home/cuirf/deepsea/cellpaper/hyphy/Relax_Macrourus_sp/hyphytmp/63222270/	0.638450651585072
N1.HOG0020812	Success	OG0008058	223	0.06762335592923	-14274.173710579	-13875.604215253	-13873.934321674	1.0648637158414	3.3397871577035	9.9752851892435e-05	0.40126515614122	0.036188100434521	0.56806177847437	3.9875488016712	0.030673065384411	5.4878312673348e-05	0.40126515614122	0.029178906190517	0.56806177847437	4.3618430571129	0.030673065384411	n0	/public4/group_crf/home/cuirf/deepsea/cellpaper/hyphy/Relax_Macrourus_sp/hyphytmp/31532890/	0.182668121833989
N1.HOG0012617	Success	OG0003013	57	0.98859353002792	-3554.005275363	-3531.2109152191	-3531.2108130259	0.99800216231179	0.00020438639694476	0.0014635632080391	0.45241843030908	0.074583870414938	0.50803031129594	1.5355112660149	0.039551258394984	0.001482772528326	0.45241843030908	0.074971670729786	0.50803031129594	1.5341962042447	0.039551258394984	n11	/public4/group_crf/home/cuirf/deepsea/cellpaper/hyphy/Relax_Macrourus_sp/hyphytmp/78448228/	1
N1.HOG0026364	Success	OG0013252	121	0.00019102001540039	-9109.4451646485	-8950.3404291049	-8943.3817198307	1.3804317950607e-08	13.917418548393	0	0.71881316917858	0.46130935238786	0.27500153471976	10.587576794444	0.0061852961016623	0	0.71881316917858	0.99999998931979	0.27500153471976	1.0000000325738	0.0061852961016623	n0	/public4/group_crf/home/cuirf/deepsea/cellpaper/hyphy/Relax_Macrourus_sp/hyphytmp/49436085/	0.000861344846346115
N1.HOG0012839	Success	OG0003127	456	0.22881268046436	-28590.432387486	-28312.685900212	-28311.961786781	0.46785744197597	1.4482268639113	0.00070099299805522	0.43005686269675	0.11737198805437	0.5507139801156	3.352398290024	0.019229157187651	0.033438260057008	0.43005686269675	0.36701922065696	0.5507139801156	1.7611304740484	0.019229157187651	n117	/public4/group_crf/home/cuirf/deepsea/cellpaper/hyphy/Relax_Macrourus_sp/hyphytmp/94673047/	0.463015530079824
N1.HOG0026400	Success	OG0013288	80	0.0010181966867453	-4121.7467743726	-4044.9593407582	-4039.5622504226	0.08909096755706	10.794180671245	0	0.51556802273438	0.030088050313396	0.48078194240108	9999999171.5964	0.0036500348645398	0	0.51556802273438	0.73187793387698	0.48078194240108	7.7787474632831	0.0036500348645398	n0	/public4/group_crf/home/cuirf/deepsea/cellpaper/hyphy/Relax_Macrourus_sp/hyphytmp/49736986/	0.00419487268064371
N1.HOG0014550	Success	OG0004021	76	0.11633546831987	-6684.4126460297	-6602.2710062238	-6601.0380185515	50	2.4659753446886	0.014122972413654	0.71385347418153	0.68281538770243	0.28242201567955	97.922474942278	0.0037245101389177	3.1354908693751e-93	0.71385347418153	5.1899716257541e-09	0.28242201567955	3.5004112903142e+99	0.0037245101389177	n1	/public4/group_crf/home/cuirf/deepsea/cellpaper/hyphy/Relax_Macrourus_sp/hyphytmp/50375783/	0.2783625829715
N1.HOG0011150	Success	OG0002359	104	0.58045871500626	-8622.8541004768	-8549.2054483537	-8549.0527015267	0.48483999134387	0.30549365399929	0.030813737522482	0.69608759133395	0.74168837643916	0.28114348118129	7.5482480725907	0.022768927484766	0.18504733620602	0.69608759133395	0.86512364104	0.28114348118129	2.6644951062765	0.022768927484766	n75	/public4/group_crf/home/cuirf/deepsea/cellpaper/hyphy/Relax_Macrourus_sp/hyphytmp/51279638/	0.876298833375004
N1.HOG0013893	Success	OG0003684	259	0.39148904800978	-7255.7300116671	-7064.4975009271	-7064.1303449051	1.1887597625758	0.7343120439873	0.00093955489727935	0.55225852269489	0.13197497835949	0.44478286092549	84.459965759479	0.0029586163796208	0.00025207609726768	0.55225852269489	0.090048358947399	0.44478286092549	195.13045969058	0.0029586163796208	n2	/public4/group_crf/home/cuirf/deepsea/cellpaper/hyphy/Relax_Macrourus_sp/hyphytmp/97230331/	0.672578184480802
N1.HOG0026449	Success	OG0013336	59	0.028724606188397	-5635.64537084	-5580.0329445864	-5577.6409231251	1.8619741221993e-05	4.7840429226962	0	0.64483934822972	0.61238079185598	0.35444091789873	583.98413574487	0.00071973387154639	0	0.64483934822972	0.99999086890233	0.35444091789873	1.000118612436	0.00071973387154639	n0	/public4/group_crf/home/cuirf/deepsea/cellpaper/hyphy/Relax_Macrourus_sp/hyphytmp/47261647/	0.087343138817108
N1.HOG0007273	Success	OG0001125	474	2.8865798640254e-15	-33750.656923603	-33043.035196412	-33011.863256346	5.1394647746914e-09	62.343880130691	0	0.59621357496277	0.06534890253128	0.39398538735886	3.0694853263434	0.0098010376783723	0	0.59621357496277	0.99999998597946	0.39398538735886	1.000000005764	0.0098010376783723	n109	/public4/group_crf/home/cuirf/deepsea/cellpaper/hyphy/Relax_Macrourus_sp/hyphytmp/60779969/	3.70085388536988e-14
N1.HOG0026332	Success	OG0013223	86	0.72648466190475	-6861.581912709	-6742.4607205708	-6742.3995386226	0.64438670529362	0.12236389643294	0.0024605616281169	0.73592192464719	0.55519213811237	0.25603581331539	16.925066317816	0.0080422620374191	0.020836134596168	0.73592192464719	0.68441995750252	0.25603581331539	6.1894013216202	0.0080422620374191	n0	/public4/group_crf/home/cuirf/deepsea/cellpaper/hyphy/Relax_Macrourus_sp/hyphytmp/36323707/	0.977369341544527
N1.HOG0020800	Success	OG0008048	115	1	-10512.833358033	-10316.7300166	-10316.7300166	0.92505526333645	0	3.8664741924663e-05	0.36322000907802	0.027138093935815	0.42778561753859	1	0.20899437338339	8.2798529228808e-05	0.36322000907802	0.035561029480102	0.42778561753859	1	0.20899437338339	n2	/public4/group_crf/home/cuirf/deepsea/cellpaper/hyphy/Relax_Macrourus_sp/hyphytmp/24365219/	1
N1.HOG0018695	Success	OG0006479	260	0	-10216.203663895	-9954.7000494983	-9914.9350516327	20.675885248718	79.529995731249	0	0.46631708252438	0.0023040018446224	0.49395622096711	1.268019331545	0.039726696508513	0	0.46631708252438	2.9308763437073e-55	0.49395622096711	135.58721795878	0.039726696508513	n5	/public4/group_crf/home/cuirf/deepsea/cellpaper/hyphy/Relax_Macrourus_sp/hyphytmp/55306301/	0
N1.HOG0015976	Success	OG0004818	280	0.022907889994033	-22613.810455353	-22250.653945834	-22248.066207668	0.14791024964194	5.1754763321369	7.0821967995927e-05	0.47766597776538	0.1779701609162	0.48644109279115	5.1159075152786	0.035892929443467	0.24333092751204	0.47766597776538	0.77467343988201	0.48644109279115	1.273083622661	0.035892929443467	n78	/public4/group_crf/home/cuirf/deepsea/cellpaper/hyphy/Relax_Macrourus_sp/hyphytmp/47771626/	0.0722123945133003
N1.HOG0012820	Success	OG0003121	26	0.86624854500548	-964.21884794317	-957.33205573139	-957.31787215611	8.4505857490225	0.028367150571739	0	0.15846311609774	0.0029096242072309	0.81776722619535	1	0.023769657706913	0	0.15846311609774	3.6977390582092e-22	0.81776722619535	1	0.023769657706913	n2	/public4/group_crf/home/cuirf/deepsea/cellpaper/hyphy/Relax_Macrourus_sp/hyphytmp/33411586/	1
N1.HOG0019058	Success	OG0006742	322	0.40493425165542	-27467.277293922	-27113.963435944	-27113.616623648	0.521675374783	0.69362459339754	0.00024974069482514	0.26583392027306	0.10261263571195	0.69808527620329	3.7710796976798	0.036080803523655	0.01320258245788	0.26583392027306	0.30490730489873	0.69808527620329	1.9986095844053	0.036080803523655	n0	/public4/group_crf/home/cuirf/deepsea/cellpaper/hyphy/Relax_Macrourus_sp/hyphytmp/81838651/	0.688789152815853
N1.HOG0025864	Success	OG0012774	196	1	-14943.836453081	-14726.844859852	-14726.845068668	1	-0.00041763283297769	0	0.51660314694376	0.11205606136654	0.46780359366652	5.0171276582376	0.015593259389722	0	0.51660314694376	0.11205606136654	0.46780359366652	5.0171276582376	0.015593259389722	n0	/public4/group_crf/home/cuirf/deepsea/cellpaper/hyphy/Relax_Macrourus_sp/hyphytmp/56307119/	1
N1.HOG0007614	Success	OG0001212	318	0.81011402886174	-24985.395504053	-24387.939208786	-24387.910341804	0.95753367962951	0.057733963702049	0.00025004293924071	0.60875399234116	0.15678604350095	0.38068390704679	10.044951403412	0.010562100612053	0.00035561302670661	0.60875399234116	0.1696210450227	0.38068390704679	9.1074920757408	0.010562100612053	n1	/public4/group_crf/home/cuirf/deepsea/cellpaper/hyphy/Relax_Macrourus_sp/hyphytmp/59148327/	1
N1.HOG0024653	Success	OG0011596	67	0.0021602125690432	-6124.8312634696	-6015.146752868	-6010.4426701525	0	9.4081654311431	0.0013324375843443	0.7555538296997	0.74523291209949	0.24004485682602	9999999171.5964	0.0044013134742814	1	0.24004485682602	1	0.7555538296997	1	0.0044013134742814	n0	/public4/group_crf/home/cuirf/deepsea/cellpaper/hyphy/Relax_Macrourus_sp/hyphytmp/71979962/	0.00851203026058766
N1.HOG0005084	Success	OG0000683	176	0.96285015255536	-13138.193736107	-12688.815157624	-12688.814072903	4.6380458965278	0.0021694415809179	0	0.41313538249005	0.00090954327455443	0.49311762171819	1	0.093746995791766	0	0.41313538249005	7.8502447339901e-15	0.49311762171819	1	0.093746995791766	n378	/public4/group_crf/home/cuirf/deepsea/cellpaper/hyphy/Relax_Macrourus_sp/hyphytmp/21129887/	1
N1.HOG0017879	Success	OG0005949	197	0.20219717065831	-13512.723529201	-13154.452721663	-13153.639505326	0.94768108759423	1.6264326747587	1.7951352206017e-05	0.55446816588938	0.006427583882765	0.39720336837843	1.4150958509942	0.048328465732189	3.1797841661875e-05	0.55446816588938	0.0083700549791272	0.39720336837843	1.3896227182304	0.048328465732189	n2	/public4/group_crf/home/cuirf/deepsea/cellpaper/hyphy/Relax_Macrourus_sp/hyphytmp/61416748/	0.428189153800317
N1.HOG0004173	Success	OG0000518	215	0.55328133311389	-18714.818830317	-18503.882203555	-18503.706467808	0.84834360406833	0.35147149330442	0.015509418812906	0.7436390955312	0.6571152832479	0.25244383232374	57.244652385606	0.0039170721450646	0.029174490840424	0.7436390955312	0.70032138911222	0.25244383232374	30.985833231911	0.0039170721450646	n2	/public4/group_crf/home/cuirf/deepsea/cellpaper/hyphy/Relax_Macrourus_sp/hyphytmp/14664618/	0.845914843957802
N1.HOG0026980	Success	OG0013829	71	0.13339184026944	-5685.6780923903	-5622.9578642976	-5621.8315743007	20.310801448438	2.2525799938358	0.01138766429229	0.68583114669636	0.063991495403321	0.22151556633346	1.3073886190752	0.092653286970181	3.3468033080785e-40	0.68583114669636	5.6413916751634e-25	0.22151556633346	231.35172974714	0.092653286970181	n0	/public4/group_crf/home/cuirf/deepsea/cellpaper/hyphy/Relax_Macrourus_sp/hyphytmp/53966600/	0.31073366074688
N1.HOG0019645	Success	OG0007168	458	7.1609385088323e-14	-35665.592738282	-34801.052239331	-34773.04118937	6.2744973462136	56.022099922004	2.6875513442827e-05	0.37110420268585	0.067103055662915	0.61536451037812	8.1393878467391	0.013531286936023	2.0965787647456e-29	0.37110420268585	4.3490826019954e-08	0.61536451037812	517017.77846793	0.013531286936023	n0	/public4/group_crf/home/cuirf/deepsea/cellpaper/hyphy/Relax_Macrourus_sp/hyphytmp/27858447/	7.93709184398316e-13
N1.HOG0014146	Success	OG0003808	156	0.10549099647179	-14066.89684033	-13850.68902017	-13849.378768672	0.029362763089733	2.6205029967314	0.032723471254919	0.74462662321576	1	0.25110837658498	6283.2362183359	0.0042650001992616	0.90446583671588	0.74462662321576	1	0.25110837658498	1.2927815903507	0.0042650001992616	n1	/public4/group_crf/home/cuirf/deepsea/cellpaper/hyphy/Relax_Macrourus_sp/hyphytmp/28256461/	0.260078951958662
N1.HOG0007562	Success	OG0001199	80	8.3509058286246e-06	-6241.6363120505	-6167.6899446364	-6157.7620456174	3.8260536000593e-06	19.855798038141	0	0.65409384820676	0.13333787077202	0.34414549967686	3999.9983996005	0.001760652116383	0	0.65409384820676	0.99999229103296	0.34414549967686	1.0000317339805	0.001760652116383	n126	/public4/group_crf/home/cuirf/deepsea/cellpaper/hyphy/Relax_Macrourus_sp/hyphytmp/82206841/	4.5258221493934e-05
N1.HOG0003187	Success	OG0000376	181	0.0001483385344998	-15165.115223328	-14562.772421318	-14555.575831015	0.84830689597551	14.393180606214	2.0090343180056e-05	0.49034872268177	0.029839568331079	0.47187142261463	5.9745345233667	0.037779854703594	0.00010363149969755	0.49034872268177	0.050834199695746	0.47187142261463	4.5555844325796	0.037779854703594	n2	/public4/group_crf/home/cuirf/deepsea/cellpaper/hyphy/Relax_Macrourus_sp/hyphytmp/51592325/	0.000681405353664857
N1.HOG0024952	Success	OG0011881	115	0.00061241132360268	-13212.412536016	-12991.2384533	-12985.369519217	5.2110335257365e-07	11.737868166721	0	0.42924935774918	0.21090779297525	0.56171704457401	109.1368299676	0.0090335976768133	0	0.42924935774918	0.99999918898934	0.56171704457401	1.0000024453338	0.0090335976768133	n8	/public4/group_crf/home/cuirf/deepsea/cellpaper/hyphy/Relax_Macrourus_sp/hyphytmp/31625258/	0.00259143510824976
N1.HOG0011219	Success	OG0002382	241	0.0038843231326972	-15729.536951749	-15526.525610105	-15522.35705261	22.261828151484	8.3371149897939	5.9900821600084e-05	0.099392274017673	0.014583151878741	0.85378818021932	1.1761489232331	0.046819545763008	9.952545525211e-95	0.099392274017673	1.3303789991528e-41	0.85378818021932	37.035648591263	0.046819545763008	n123	/public4/group_crf/home/cuirf/deepsea/cellpaper/hyphy/Relax_Macrourus_sp/hyphytmp/54568993/	0.0145704522750519
N1.HOG0026461	Success	OG0013346	344	0.071982205111973	-25945.033236642	-25591.273925567	-25589.655310126	0.4073445844301	3.2372308831618	0.0073428005099975	0.6494371598126	0.13394406986325	0.34101436583242	10.83590125707	0.0095484743549727	0.13510466130038	0.6494371598126	0.4409171709198	0.34101436583242	2.6396519635314	0.0095484743549727	n0	/public4/group_crf/home/cuirf/deepsea/cellpaper/hyphy/Relax_Macrourus_sp/hyphytmp/35401363/	0.191136674470432
N1.HOG0022955	Success	OG0009966	198	1.3544720900427e-14	-18407.081807233	-17906.393110552	-17876.74063481	4.7783816923981	59.304951483537	7.6049783916335e-07	0.37839947368257	0.072958213053956	0.56313525411017	3.4513894822185	0.058465272207255	5.7749819496251e-30	0.37839947368257	3.6926191378915e-06	0.56313525411017	372.16929782592	0.058465272207255	n0	/public4/group_crf/home/cuirf/deepsea/cellpaper/hyphy/Relax_Macrourus_sp/hyphytmp/58333228/	1.61596045187039e-13
N1.HOG0007264	Success	OG0001122	73	0.00013160743312202	-4356.1329231029	-4321.1558436597	-4313.8465313526	0.18926350940176	14.618624614108	2.5986857103708e-06	0.60242155742735	0.19748136768333	0.29481711426995	1	0.1027613283027	0.087683261460859	0.60242155742735	0.73564587211811	0.29481711426995	1	0.1027613283027	n127	/public4/group_crf/home/cuirf/deepsea/cellpaper/hyphy/Relax_Macrourus_sp/hyphytmp/75915459/	0.000609438194349408
N1.HOG0025986	Success	OG0012894	120	0.17825221678007	-12385.67470949	-12295.390467986	-12294.484400018	0	1.8121359346733	0.0012966144689146	0.38743770571204	0.33787560275805	0.55643858469301	2.4893395487503	0.056123709594944	1	0.38743770571204	1	0.55643858469301	1	0.056123709594944	n0	/public4/group_crf/home/cuirf/deepsea/cellpaper/hyphy/Relax_Macrourus_sp/hyphytmp/46662066/	0.389119832818501
N1.HOG0028304	Success	OG0015075	42	0.68499907964093	-1054.1307651261	-1050.1980053758	-1050.1157290251	50	0.16455270147208	0.0262200831228	0.96081074262961	0.970319320542	0.037901670812272	985.42193826465	0.0012875865581206	8.5448256895409e-80	0.96081074262961	0.22168379459144	0.037901670812272	4.7985644604159e+149	0.0012875865581206	n0	/public4/group_crf/home/cuirf/deepsea/cellpaper/hyphy/Relax_Macrourus_sp/hyphytmp/95708282/	0.962247276224953
N1.HOG0021978	Success	OG0009060	114	0.066798608949789	-8602.7178022787	-8479.7736408442	-8478.0936475064	0	3.359986675463	0.00027038592518303	0.53977440609784	0.022584448297597	0.35057371538973	1.5735530111487	0.10965187851243	1	0.53977440609784	1	0.35057371538973	1	0.10965187851243	n0	/public4/group_crf/home/cuirf/deepsea/cellpaper/hyphy/Relax_Macrourus_sp/hyphytmp/72570062/	0.181491193942403
N1.HOG0009448	Success	OG0001745	80	1	-4771.714062213	-4694.8518220195	-4694.8518220304	1	-2.1911546355113e-08	0	0.36689982205698	0.097832130258107	0.6060433336683	4.8361525123908	0.027056844274715	0	0.36689982205698	0.097832130258107	0.6060433336683	4.8361525123908	0.027056844274715	n98	/public4/group_crf/home/cuirf/deepsea/cellpaper/hyphy/Relax_Macrourus_sp/hyphytmp/57012083/	1
N1.HOG0027727	Success	OG0014528	57	2.704958723676e-08	-4217.695290276	-4087.257170764	-4071.8029615173	46.57340127222	30.908418493534	0	0.21635630549683	0.0038520479053789	0.57788771945017	1.9709559559444	0.205755975053	0	0.21635630549683	3.6095228498406e-113	0.57788771945017	52979324080688	0.205755975053	n0	/public4/group_crf/home/cuirf/deepsea/cellpaper/hyphy/Relax_Macrourus_sp/hyphytmp/69690113/	1.94440129174702e-07
N1.HOG0018068	Success	OG0006070	167	0.027524293867675	-9899.4105746161	-9745.6714596712	-9743.2426500975	0.28503493089498	4.8576191475331	0.00018860438975662	0.63103555745019	0.11530263140021	0.36638655523125	9999999171.5964	0.0025778873185513	0.086776506837571	0.63103555745019	0.54024580906309	0.36638655523125	708.51540711682	0.0025778873185513	n0	/public4/group_crf/home/cuirf/deepsea/cellpaper/hyphy/Relax_Macrourus_sp/hyphytmp/93128645/	0.0848953983207642
N1.HOG0021890	Success	OG0008976	411	0.0019287500007454	-31805.84951928	-31173.069291954	-31168.261223397	4.5857638173552	9.6161371141789	0.00070560524571042	0.59085514103755	0.20061696613078	0.38147321626822	6.33731942302	0.027671642694226	3.5338550643393e-15	0.59085514103755	0.00063215394157735	0.38147321626822	4757.1809880491	0.027671642694226	n0	/public4/group_crf/home/cuirf/deepsea/cellpaper/hyphy/Relax_Macrourus_sp/hyphytmp/29565908/	0.0076703530122236
N1.HOG0014395	Success	OG0003943	155	2.0418111645881e-12	-12545.03718784	-12281.202213478	-12256.480545475	26.531903654247	49.443336006312	0.00066826211682755	0.51305343282696	0.10116337267821	0.43739539342019	2.5825910118052	0.049551173752846	5.7516906055503e-85	0.51305343282696	3.9936872587758e-27	0.43739539342019	85628909605.352	0.049551173752846	n107	/public4/group_crf/home/cuirf/deepsea/cellpaper/hyphy/Relax_Macrourus_sp/hyphytmp/81138807/	2.05136349752185e-11
N1.HOG0011196	Success	OG0002378	157	0.99629399345612	-16783.393940814	-16516.216637908	-16516.216627121	0.99923635966465	2.157423296012e-05	8.9009134481907e-05	0.34730265796993	0.2388825978923	0.6096210179112	5.6988615290155	0.043076324118869	8.9645347106764e-05	0.34730265796993	0.23914392715265	0.6096210179112	5.6912931275338	0.043076324118869	n117	/public4/group_crf/home/cuirf/deepsea/cellpaper/hyphy/Relax_Macrourus_sp/hyphytmp/46962687/	1
N1.HOG0007563	Success	OG0001199	112	0.98831256035238	-8652.985842162	-8417.9643844444	-8417.9642771543	0.88878503156309	0.00021458022820298	5.8584132670236e-05	0.44561226255806	0.018926790210287	0.52118709269081	NA	NA	0.0001731674324976	0.44561226255806	1.8252500043501	0.52118709269081	NA	NA	n224	/public4/group_crf/home/cuirf/deepsea/cellpaper/hyphy/Relax_Macrourus_sp/hyphytmp/95809870/	1
N1.HOG0026712	Success	OG0013585	291	0.13509127145757	-25012.048138108	-24691.396370643	-24690.279870343	0.20648513344703	2.233000599088	2.8233250851197e-05	0.49744507571215	0.056077569569307	0.34084668044598	1	0.16170824384187	0.11498726773766	0.49744507571215	0.55162452621531	0.34084668044598	1	0.16170824384187	n0	/public4/group_crf/home/cuirf/deepsea/cellpaper/hyphy/Relax_Macrourus_sp/hyphytmp/69871058/	0.313207563244407
N1.HOG0014438	Success	OG0003964	183	0.27222835708498	-13370.927332029	-12887.195439305	-12886.592697317	1.2958194457533	1.2054839744887	9.7651828509282e-05	0.6477015300374	0.10481975290392	0.3310017532236	15.901815303245	0.021296716738994	6.3584293839214e-06	0.6477015300374	0.053786237063628	0.3310017532236	36.046076763825	0.021296716738994	n126	/public4/group_crf/home/cuirf/deepsea/cellpaper/hyphy/Relax_Macrourus_sp/hyphytmp/78205838/	0.522328347874329
N1.HOG0021375	Success	OG0008521	170	0.75411917192008	-14825.648265575	-14490.215057937	-14490.166006881	1.0306899804149	0.098102111682238	1.3434744281457e-05	0.42069857036827	0.006453524871075	0.46315329627558	1.0823572580058	0.11614813335615	9.5217080292844e-06	0.42069857036827	0.0055281484975069	0.46315329627558	1.0849893314148	0.11614813335615	n0	/public4/group_crf/home/cuirf/deepsea/cellpaper/hyphy/Relax_Macrourus_sp/hyphytmp/93934155/	0.990030703683537
N1.HOG0019032	Success	OG0006725	25	0.91881311861134	-1939.7782910838	-1911.861571778	-1911.8563770287	0.95109706403939	0.010389498584118	0.010051846439572	0.61848827230694	1	0.38151172769306	14.431096384665	0	0.012587569713579	0.61848827230694	1	0.38151172769306	12.665028941858	0	n0	/public4/group_crf/home/cuirf/deepsea/cellpaper/hyphy/Relax_Macrourus_sp/hyphytmp/91792523/	1
N1.HOG0006551	Success	OG0000972	127	0.00010270520388656	-8303.841832387	-8136.8470859816	-8129.3039288897	1.7078232334652e-06	15.086314183802	0	0.42124746829904	0.0098999467983804	0.47277005166281	1.4486058319705	0.10598248003815	0	0.42124746829904	0.99999211804105	0.47277005166281	1.0000006329222	0.10598248003815	n128	/public4/group_crf/home/cuirf/deepsea/cellpaper/hyphy/Relax_Macrourus_sp/hyphytmp/45468609/	0.000483417918567425
N1.HOG0026119	Success	OG0013026	161	0.88227144063433	-15666.242518231	-15334.44642151	-15334.43545613	1.0290445492055	0.021930760933174	6.9292103649607e-06	0.37826863985716	0.11309139991916	0.57430724155542	3.8688253925239	0.04742411858742	4.9071996939262e-06	0.37826863985716	0.10615412354387	0.57430724155542	4.0238807397425	0.04742411858742	n0	/public4/group_crf/home/cuirf/deepsea/cellpaper/hyphy/Relax_Macrourus_sp/hyphytmp/93194486/	1
N1.HOG0022594	Success	OG0009622	173	0.073393923870411	-10534.006355322	-10251.971275804	-10250.368557574	0.30405816268091	3.2054364592659	0.0052260933799234	0.89234595964187	1	0.10278229858817	34.158159333604	0.0048717417699674	0.20239190647916	0.89234595964187	1	0.10278229858817	2.9259810424705	0.0048717417699674	n0	/public4/group_crf/home/cuirf/deepsea/cellpaper/hyphy/Relax_Macrourus_sp/hyphytmp/16408363/	0.193985786475948
N1.HOG0020671	Success	OG0007937	81	0.81139845682264	-7144.4547715452	-7029.8733383323	-7029.8448680267	1.1286652311094	0.056940611209939	0	0.72872456619244	0.86014490421714	0.26071228529759	14.166822743997	0.010563148509976	0	0.72872456619244	0.84363242452498	0.26071228529759	19.925131539876	0.010563148509976	n0	/public4/group_crf/home/cuirf/deepsea/cellpaper/hyphy/Relax_Macrourus_sp/hyphytmp/85208849/	1
N1.HOG0011519	Success	OG0002511	534	0.50623476773764	-37307.772415961	-36266.173922621	-36265.953001652	0.88945345173806	0.44184193773253	1.3304849102885e-05	0.60204572098227	0.090811214978235	0.38603503842661	11.611814115982	0.011919240591122	4.6029241925087e-05	0.60204572098227	0.11838960451406	0.38603503842661	8.8548059337619	0.011919240591122	n121	/public4/group_crf/home/cuirf/deepsea/cellpaper/hyphy/Relax_Macrourus_sp/hyphytmp/39765023/	0.800839162958808
N1.HOG0022642	Success	OG0009666	123	0.92964339581873	-12813.96635964	-12646.005067083	-12646.001169211	0.33500857380069	0.0077957441899343	0.00049412518321311	0.46964693906441	0.23776627954039	0.49434889546792	3.5754999605764	0.036004165467667	0.078056135290998	0.46964693906441	0.61802349980363	0.49434889546792	1.5324014868333	0.036004165467667	n0	/public4/group_crf/home/cuirf/deepsea/cellpaper/hyphy/Relax_Macrourus_sp/hyphytmp/96258720/	1
N1.HOG0007906	Success	OG0001280	150	0.96341065100457	-16500.594190925	-16026.398024373	-16026.396972159	0.9937335378984	0.0021044269087724	3.389105831237e-05	0.41177306483049	0.023326576832417	0.39357218151611	1.8030601399206	0.1946547536534	3.6148949646776e-05	0.41177306483049	0.023882446342771	0.39357218151611	1.7964119454198	0.1946547536534	n1	/public4/group_crf/home/cuirf/deepsea/cellpaper/hyphy/Relax_Macrourus_sp/hyphytmp/62189038/	1
N1.HOG0023664	Success	OG0010638	220	0.89426940365776	-18580.236848833	-18186.097629506	-18186.088797787	1.1006723314619	0.017663439532043	0.00010798668714481	0.47164036518469	0.1172842081855	0.49683739353668	3.9677060595227	0.031522241278627	4.3056661200709e-05	0.47164036518469	0.094523047380088	0.49683739353668	4.5582260287738	0.031522241278627	n0	/public4/group_crf/home/cuirf/deepsea/cellpaper/hyphy/Relax_Macrourus_sp/hyphytmp/51493333/	1
N1.HOG0027125	Success	OG0013964	99	0.14914002062876	-9233.1388403763	-9089.1782047808	-9088.1376923933	0.49117690664504	2.0810247749723	7.9826697570619e-10	0.29968625275408	0.0085481263210912	0.47987470628455	1	0.22043904096136	3.3989539253808e-05	0.29968625275408	0.096423471135094	0.47987470628455	1	0.22043904096136	n0	/public4/group_crf/home/cuirf/deepsea/cellpaper/hyphy/Relax_Macrourus_sp/hyphytmp/95059395/	0.334058090534824
N1.HOG0019633	Success	OG0007159	218	9.3325753280915e-07	-16930.236437758	-16715.359833554	-16703.329273634	3.0639020849835e-11	24.061119839083	0	0.42056572653071	0.073566443476055	0.52366468704715	1.7871365899963	0.05576958642214	0	0.42056572653071	0.99999999992005	0.52366468704715	1.0000000000178	0.05576958642214	n0	/public4/group_crf/home/cuirf/deepsea/cellpaper/hyphy/Relax_Macrourus_sp/hyphytmp/29720578/	5.74672559629434e-06
N1.HOG0026557	Success	OG0013440	92	0.026548766081584	-8816.4909047118	-8738.5851633455	-8736.1252039849	10.847682406566	4.9199187211234	0.051722480257719	0.79898356407904	0.76675996271482	0.049124130199663	1.5788953267366	0.1518923057213	1.1127613547328e-14	0.79898356407904	0.056081820359541	0.049124130199663	141.79928108897	0.1518923057213	n0	/public4/group_crf/home/cuirf/deepsea/cellpaper/hyphy/Relax_Macrourus_sp/hyphytmp/31213347/	0.082213210019795
N1.HOG0016707	Success	OG0005238	244	0.051351274061496	-21890.207301249	-21724.884702073	-21722.986312525	0.035589221253284	3.7967790952607	0.038740852273922	0.86644100010043	0.97606484746431	0.12412161956285	3.7045200580663	0.009437380336721	0.890746327069	0.86644100010043	0.99913817811443	0.12412161956285	1.0477091269739	0.009437380336721	n66	/public4/group_crf/home/cuirf/deepsea/cellpaper/hyphy/Relax_Macrourus_sp/hyphytmp/75967478/	0.144862871654598
N1.HOG0007099	Success	OG0001084	138	0.28532831441877	-13256.743118129	-13023.509247722	-13022.938480474	4.8778624093136	1.1415344951092	0.00041293813515196	0.55470061610592	0.16675148839689	0.39307213468094	3.171262898417	0.052227249213136	3.1099443263198e-17	0.55470061610592	0.00016045864685328	0.39307213468094	278.5748684958	0.052227249213136	n231	/public4/group_crf/home/cuirf/deepsea/cellpaper/hyphy/Relax_Macrourus_sp/hyphytmp/81260249/	0.538703795289645
N1.HOG0026251	Success	OG0013147	108	0.24567093564075	-10413.190252351	-10256.035709112	-10255.361831501	0.2637441219444	1.347755221992	3.6899253559129e-08	0.40631115820656	0.065908773725939	0.49968489190075	1.7573848987133	0.094003949892682	0.01095455091995	0.40631115820656	0.48809371966686	0.49968489190075	1.1603318221202	0.094003949892682	n0	/public4/group_crf/home/cuirf/deepsea/cellpaper/hyphy/Relax_Macrourus_sp/hyphytmp/91718799/	0.48719326921274
N1.HOG0021071	Success	OG0008270	125	0.31973597902227	-9257.9171877972	-9069.2084891231	-9068.7134760393	6.6195660613108	0.99002616768121	0.0093065041861549	0.7954469910007	1	0.2045530089993	7.2126190950088	0	3.5830144697757e-14	0.7954469910007	1	0.2045530089993	478854.17958716	0	n0	/public4/group_crf/home/cuirf/deepsea/cellpaper/hyphy/Relax_Macrourus_sp/hyphytmp/25088786/	0.580049009461732
N1.HOG0025902	Success	OG0012811	62	0.036532324088456	-5183.9595278716	-5142.3690191134	-5140.1829779793	0.023434495916638	4.3720822682953	3.7662581081807e-39	0.53100480560651	0.021956114624184	0.28751455353639	1	0.18148064085711	0.12576240144274	0.53100480560651	0.91439783451464	0.28751455353639	1	0.18148064085711	n0	/public4/group_crf/home/cuirf/deepsea/cellpaper/hyphy/Relax_Macrourus_sp/hyphytmp/96851142/	0.108025013397534
N1.HOG0009472	Success	OG0001750	522	0.037053017128108	-33661.231317073	-32995.882365232	-32993.708378623	0.55409811750899	4.3479732194246	0.00019275542771573	0.61367659513255	0.055565741721466	0.37690506162273	4.8197691850139	0.0094183432447268	0.008740356750615	0.61367659513255	0.201604390484	0.37690506162273	2.3903613288019	0.0094183432447268	n1	/public4/group_crf/home/cuirf/deepsea/cellpaper/hyphy/Relax_Macrourus_sp/hyphytmp/23957749/	0.108629835198105
N1.HOG0000492	Success	OG0000039	551	0.88031751895539	-38324.004717917	-37082.410448473	-37082.399113305	1.5544738492751	0.022670335907605	0	0.82832152605961	1	0.17018000012394	203.97138963117	0.001498473816455	0	0.82832152605961	1	0.17018000012394	3891.9299017994	0.001498473816455	n291	/public4/group_crf/home/cuirf/deepsea/cellpaper/hyphy/Relax_Macrourus_sp/hyphytmp/63214859/	1
N1.HOG0027301	Success	OG0014121	55	0.30542990737534	-4091.4395536359	-4056.9759473377	-4056.4507797537	18.767714883411	1.0503351679081	0	0.31685001793956	0.19295130018815	0.59977735794921	1.3380834462023	0.08337262411123	0	0.31685001793956	3.8858527576454e-14	0.59977735794921	236.48336517786	0.08337262411123	n0	/public4/group_crf/home/cuirf/deepsea/cellpaper/hyphy/Relax_Macrourus_sp/hyphytmp/95030193/	0.563618239388651
N1.HOG0017701	Success	OG0005840	267	5.7136043644102e-06	-14287.219992408	-13932.367258016	-13922.076346525	4.4243787672156	20.581822981752	0.00013500623497135	0.68683309456604	0.044703832092674	0.30096015347128	5.7004988275787	0.012206751962679	7.572157361594e-18	0.68683309456604	1.0681050861856e-06	0.30096015347128	2210.2673619206	0.012206751962679	n4	/public4/group_crf/home/cuirf/deepsea/cellpaper/hyphy/Relax_Macrourus_sp/hyphytmp/14724936/	3.16644267679249e-05
N1.HOG0024942	Success	OG0011872	820	1.0678936956943e-08	-58358.15998768	-56808.43644617	-56792.079663795	0.1777891602352	32.713564750229	2.3273456639221e-05	0.68142249004614	0.071326895270822	0.31360453841858	7.6601100835053	0.0049729715352727	0.15006454248835	0.68142249004614	0.62534671215989	0.31360453841858	1.4361751240163	0.0049729715352727	n0	/public4/group_crf/home/cuirf/deepsea/cellpaper/hyphy/Relax_Macrourus_sp/hyphytmp/35311296/	7.94217042944938e-08
N1.HOG0016752	Success	OG0005268	159	0.42564551826736	-10832.687277342	-10593.377597678	-10593.060259983	1.3296537489822	0.63467539079284	7.5990925194454e-05	0.37858493390717	0.078554565602254	0.52368335758509	1.9032003949485	0.097731708507735	3.3330313158822e-06	0.37858493390717	0.033959442481113	0.52368335758509	2.3529767650875	0.097731708507735	n0	/public4/group_crf/home/cuirf/deepsea/cellpaper/hyphy/Relax_Macrourus_sp/hyphytmp/89074136/	0.708891745821369
N1.HOG0022964	Success	OG0009975	146	8.7984968993315e-05	-12656.177511812	-12341.177371455	-12333.488134867	0.023983268229867	15.378473176279	7.0022864696352e-27	0.27575499273489	0.03234121043464	0.63086831960416	2.7690935025468	0.093376687660953	0.23589751851151	0.27575499273489	0.92099884360165	0.63086831960416	1.024728232722	0.093376687660953	n0	/public4/group_crf/home/cuirf/deepsea/cellpaper/hyphy/Relax_Macrourus_sp/hyphytmp/79147109/	0.000416413710001419
N1.HOG0024982	Success	OG0011911	205	0.24130479655689	-18475.850731541	-18130.363112999	-18129.676635425	1.3199737687916	1.3729551488213	0.00014531749928944	0.47139162577803	0.050755245457103	0.5026857867899	3.0676229363507	0.025922587432066	8.5972650429931e-06	0.47139162577803	0.019555493830782	0.5026857867899	4.3910242878416	0.025922587432066	n0	/public4/group_crf/home/cuirf/deepsea/cellpaper/hyphy/Relax_Macrourus_sp/hyphytmp/50106398/	0.481488548762761
N1.HOG0013751	Success	OG0003609	76	0.51249155705284	-5577.0014405005	-5429.518204746	-5429.3037164606	0.71885382300467	0.42897657092544	7.7270696899559e-05	0.28115584995755	0.04463862256899	0.69329696241713	7.9374826897626	0.025547187625315	0.0011068371815186	0.28115584995755	0.10698907570437	0.69329696241713	4.4334356984028	0.025547187625315	n16	/public4/group_crf/home/cuirf/deepsea/cellpaper/hyphy/Relax_Macrourus_sp/hyphytmp/91932793/	0.807761922033742
N1.HOG0024038	Success	OG0010989	116	0.2707297370885	-11313.444491009	-10904.31160801	-10903.705085085	0.099245742342729	1.2130458496831	0.00091263413465958	0.52741506256536	0.20827871836498	0.43242490130831	10.109854621503	0.040160036126334	0.4992549624444	0.52741506256536	0.85581206935532	0.43242490130831	1.2581043226191	0.040160036126334	n0	/public4/group_crf/home/cuirf/deepsea/cellpaper/hyphy/Relax_Macrourus_sp/hyphytmp/13506811/	0.520261396328907
N1.HOG0008390	Success	OG0001416	229	0.016132422650868	-22823.674890038	-22352.263253203	-22349.369061774	4.2690509921033	5.7883828566119	0.0013196866693099	0.59640267988596	0.17864550234756	0.35767426398377	3.2519407654226	0.045923056130264	5.0949876881349e-13	0.59640267988596	0.00064079051638964	0.35767426398377	153.59001638262	0.045923056130264	n177	/public4/group_crf/home/cuirf/deepsea/cellpaper/hyphy/Relax_Macrourus_sp/hyphytmp/64104078/	0.0530948316363817
N1.HOG0022403	Success	OG0009447	246	0	-21378.090812688	-20843.728403707	-20777.071186044	0	133.31443532672	0.00030228976421121	0.63017299720938	0.07197396953632	0.35490700594899	4.5240270233719	0.014919996841633	1	0.63017299720938	1	0.35490700594899	1	0.014919996841633	n0	/public4/group_crf/home/cuirf/deepsea/cellpaper/hyphy/Relax_Macrourus_sp/hyphytmp/52665864/	0
N1.HOG0023814	Success	OG0010776	215	0.24039743719891	-15364.249952721	-15186.018469224	-15185.329338292	0.4242112933133	1.3782618637742	0.00024367904687921	0.6708010969603	0.079315658005067	0.29671680631708	1.3541752363005	0.032482096722623	0.029325638066631	0.6708010969603	0.34126804838463	0.29671680631708	1.1372552906346	0.032482096722623	n0	/public4/group_crf/home/cuirf/deepsea/cellpaper/hyphy/Relax_Macrourus_sp/hyphytmp/59136788/	0.480235810590381
N1.HOG0011838	Success	OG0002645	149	0.059673786960978	-14179.262605016	-14026.838810576	-14025.065596656	0.093051489488387	3.5464278408726	2.0101313020444e-05	0.43208256539295	0.068478802973359	0.44181238299077	1.3320638863445	0.12610505161628	0.36555946839585	0.43208256539295	0.77919609302778	0.44181238299077	1.0270397243515	0.12610505161628	n1	/public4/group_crf/home/cuirf/deepsea/cellpaper/hyphy/Relax_Macrourus_sp/hyphytmp/23721428/	0.164294176280385
N1.HOG0017934	Success	OG0005976	156	0.12306451048833	-10527.243165514	-10245.268260816	-10244.079321176	0.0013550931421208	2.3778792802259	0.0002043264375505	0.8610516110585	0.92112187837032	0.13815344350245	254.24920765346	0.00079494543904277	0.98855342725667	0.8610516110585	0.99988866779004	0.13815344350245	1.0075331651551	0.00079494543904277	n0	/public4/group_crf/home/cuirf/deepsea/cellpaper/hyphy/Relax_Macrourus_sp/hyphytmp/69758523/	0.292832173156442
N1.HOG0016949	Success	OG0005381	130	0.86246542886356	-9170.3321135917	-8923.5884124902	-8923.5734070245	0.95800016014971	0.030010931503057	1.3626893733156e-05	0.36693588183871	0.036882640945212	0.52735074518358	2.2011580763742	0.10571337297771	2.1814809330047e-05	0.36693588183871	0.042365784887414	0.52735074518358	2.1294131695816	0.10571337297771	n9	/public4/group_crf/home/cuirf/deepsea/cellpaper/hyphy/Relax_Macrourus_sp/hyphytmp/14346886/	1
N1.HOG0003674	Success	OG0000455	405	0.00011046993503772	-25299.207588712	-24537.744708123	-24530.270322096	7.2836424721272e-11	14.948772055228	0	0.31687350369462	0.0066572002655848	0.62584667847549	1.7876113763523	0.057279817829897	0	0.31687350369462	0.99999999963494	0.62584667847549	1.0000000000423	0.057279817829897	n239	/public4/group_crf/home/cuirf/deepsea/cellpaper/hyphy/Relax_Macrourus_sp/hyphytmp/71347440/	0.000518544667745363
N1.HOG0026786	Success	OG0013649	343	0.6374977047636	-35849.94387783	-35253.806695293	-35253.695680432	1.3379575525923	0.22202972241212	3.0893094525472e-05	0.32382171232783	0.2911224718884	0.6523833863873	7.1994563943003	0.023794901284869	9.2390222844819e-07	0.32382171232783	0.19184746966224	0.6523833863873	14.029126006108	0.023794901284869	n0	/public4/group_crf/home/cuirf/deepsea/cellpaper/hyphy/Relax_Macrourus_sp/hyphytmp/23213081/	0.92112788627743
N1.HOG0021384	Success	OG0008530	341	0	-17755.249919493	-17562.936752293	-17466.072996466	50	193.72751165235	1.8209789551547e-11	0.55536081879649	0.00042521959426715	0.3818468145053	1.1104069550042	0.062792366698209	0	0.55536081879649	2.6956495930243e-169	0.3818468145053	187.97871026771	0.062792366698209	n0	/public4/group_crf/home/cuirf/deepsea/cellpaper/hyphy/Relax_Macrourus_sp/hyphytmp/97749135/	0
N1.HOG0008117	Success	OG0001332	46	0.0016593301461351	-4081.1023328873	-4018.3226089224	-4013.3762439255	13.471504955614	9.8927299939241	2.3466029700572e-05	0.20286695510815	0.047902841826231	0.68620692217249	1.7514524092419	0.11092612271935	4.2939239153143e-63	0.20286695510815	1.6690925749812e-18	0.68620692217249	1900.8242250634	0.11092612271935	n115	/public4/group_crf/home/cuirf/deepsea/cellpaper/hyphy/Relax_Macrourus_sp/hyphytmp/73972781/	0.006707598096612
N1.HOG0003916	Success	OG0000489	152	0.98663299109278	-10384.98240868	-10069.008584207	-10069.008443861	1.0040100240199	0.0002806913216773	0	0.45796308453591	0.11648730874736	0.47064865044371	5.2185751699448	0.071388265020386	0	0.45796308453591	0.11548733682937	0.47064865044371	5.2532654212505	0.071388265020386	n303	/public4/group_crf/home/cuirf/deepsea/cellpaper/hyphy/Relax_Macrourus_sp/hyphytmp/96805187/	1
N1.HOG0026894	Success	OG0013750	296	0.12617090897513	-28467.198861312	-27920.167166937	-27918.997669304	0.36110312892572	2.3389952669822	2.2119948043253e-05	0.5045282921014	0.17732104345432	0.46843317879022	7.3980939914656	0.027038529108382	0.020844283609966	0.5045282921014	0.53545747524642	0.46843317879022	2.0598798785276	0.027038529108382	n0	/public4/group_crf/home/cuirf/deepsea/cellpaper/hyphy/Relax_Macrourus_sp/hyphytmp/59658085/	0.298981547061067
N1.HOG0008090	Success	OG0001325	182	0.89633521350888	-12268.91208816	-11933.227095109	-11933.218607074	0.91234586559733	0.01697606972084	0.00019958722667803	0.64550490621393	0.032387761796144	0.31621726740039	2.1306789694762	0.03827782638568	0.00042115446109077	0.64550490621393	0.043747395869986	0.31621726740039	1.9939857791319	0.03827782638568	n206	/public4/group_crf/home/cuirf/deepsea/cellpaper/hyphy/Relax_Macrourus_sp/hyphytmp/36058980/	1
N1.HOG0025260	Success	OG0012183	156	0.059271929801323	-13824.233958202	-13471.010077885	-13469.23125757	0.18231604567376	3.5576406292494	3.1718430973493e-05	0.34831924172281	0.029330488235006	0.57760937992238	2.7712428526913	0.074071378354811	0.15129233916521	0.34831924172281	0.52549394240319	0.57760937992238	1.2042223409247	0.074071378354811	n0	/public4/group_crf/home/cuirf/deepsea/cellpaper/hyphy/Relax_Macrourus_sp/hyphytmp/17964139/	0.163449719741048
N1.HOG0027100	Success	OG0013939	51	0.57698724314392	-3859.6275527418	-3805.9180482159	-3805.7624829255	3.3680687186227e-06	0.31113058077335	0	0.38989369573379	0.25422008153687	0.60325165996583	8.4889196064442	0.0068546443003793	0	0.38989369573379	0.99999538725554	0.60325165996583	1.0000072035224	0.0068546443003793	n0	/public4/group_crf/home/cuirf/deepsea/cellpaper/hyphy/Relax_Macrourus_sp/hyphytmp/50018256/	0.872591622994062
N1.HOG0010251	Success	OG0002006	171	0.99999597357917	-13268.324833121	-13005.087341219	-13005.087341219	1	2.5465851649642e-11	9.1099866590923e-05	0.49469773598957	0.24790252129212	0.50173066316875	9999999171.5964	0.0035716008416826	9.1099866590923e-05	0.49469773598957	0.24790252129212	0.50173066316875	9999999171.5964	0.0035716008416826	n111	/public4/group_crf/home/cuirf/deepsea/cellpaper/hyphy/Relax_Macrourus_sp/hyphytmp/74936408/	1
N1.HOG0001678	Success	OG0000174	562	1	-38428.729201261	-37784.984694678	-37784.984694678	1	0	0.0007092819433444	0.47488038526961	0.057230223366224	0.51164103145234	6.6942773462695	0.013478583278051	0.0007092819433444	0.47488038526961	0.057230223366224	0.51164103145234	6.6942773462695	0.013478583278051	n300	/public4/group_crf/home/cuirf/deepsea/cellpaper/hyphy/Relax_Macrourus_sp/hyphytmp/74035948/	1
N1.HOG0012256	Success	OG0002837	389	0.53205936377498	-34019.494197827	-33146.776050989	-33146.580822568	2.7060157260842	0.39045684238954	4.3075878066611e-05	0.50517048716953	0.12724842123213	0.47950619605411	9.4640929520699	0.015323316776355	1.5352140049795e-12	0.50517048716953	0.003777246448761	0.47950619605411	437.80943442713	0.015323316776355	n128	/public4/group_crf/home/cuirf/deepsea/cellpaper/hyphy/Relax_Macrourus_sp/hyphytmp/29488454/	0.827969191091862
N1.HOG0027794	Success	OG0014588	57	4.1166229731715e-05	-3741.3787443523	-3688.6171719271	-3680.2087487235	15.242786323671	16.816846407105	0	0.6706488697326	1	0.24221372844696	1.4409212626406	0.08713740182044	0	0.6706488697326	1	0.24221372844696	261.89031181854	0.08713740182044	n0	/public4/group_crf/home/cuirf/deepsea/cellpaper/hyphy/Relax_Macrourus_sp/hyphytmp/54118951/	0.000200919268974677
N1.HOG0026989	Success	OG0013838	37	3.5714575019608e-07	-2041.8042817251	-2009.6821837292	-1996.7256566504	0.084112836598212	25.913054157497	4.0520652626993e-14	0.43141437722698	0.49923621767058	0.55471260841528	9999999171.5964	0.013873014357737	0.074736658415839	0.43141437722698	0.94324316954349	0.55471260841528	6.9363078983617	0.013873014357737	n0	/public4/group_crf/home/cuirf/deepsea/cellpaper/hyphy/Relax_Macrourus_sp/hyphytmp/54574707/	2.31538263712025e-06
N1.HOG0025097	Success	OG0012024	93	1.551869743821e-12	-10160.8997708	-10081.858078775	-10056.86725987	50	49.981637811019	0.064690701607915	0.71955070461295	0.066591997990638	0.086863203775683	1.1500210636811	0.19358609161137	3.4841196986279e-60	0.71955070461295	1.4828672422004e-59	0.086863203775683	1084.6503137933	0.19358609161137	n0	/public4/group_crf/home/cuirf/deepsea/cellpaper/hyphy/Relax_Macrourus_sp/hyphytmp/25777952/	1.5683013058144e-11
N1.HOG0013714	Success	OG0003588	113	0.24854449959597	-7187.6629789521	-6992.2361201809	-6991.5703869481	0.35941366929472	1.3314664655863	0.00015534297627765	0.4396758009015	0.19028328270784	0.55649568861869	226.21292678138	0.0038285104798054	0.042765952228122	0.4396758009015	0.55081624238007	0.55649568861869	7.0185232818734	0.0038285104798054	n0	/public4/group_crf/home/cuirf/deepsea/cellpaper/hyphy/Relax_Macrourus_sp/hyphytmp/15518225/	0.490240471074485
N1.HOG0002655	Success	OG0000303	322	0.85962839337911	-26272.006534367	-25556.131904857	-25556.116267386	1.016143933889	0.031274941022275	3.172957926796e-05	0.37678998579219	0.0088641982861552	0.58013768555677	2.0483944022787	0.043072328651039	2.6843568599994e-05	0.37678998579219	0.0082130844708836	0.58013768555677	2.0722446191357	0.043072328651039	n2	/public4/group_crf/home/cuirf/deepsea/cellpaper/hyphy/Relax_Macrourus_sp/hyphytmp/81265056/	1
N1.HOG0014244	Success	OG0003862	200	0.37990041373543	-19178.22148916	-18973.82636689	-18973.440854822	0.32985751488266	0.77102413709508	0.0001663842354743	0.57170280839508	0.6273341521175	0.42191369552561	28.27990001744	0.0063834960793094	0.056689868970257	0.57170280839508	0.85743952810897	0.42191369552561	3.0114862390298	0.0063834960793094	n105	/public4/group_crf/home/cuirf/deepsea/cellpaper/hyphy/Relax_Macrourus_sp/hyphytmp/84228416/	0.658596277293107
N1.HOG0024877	Success	OG0011808	316	0.96767865173626	-23988.626996904	-23612.575440182	-23612.574619251	1.0215897518097	0.0016418613231508	0.00026022384973825	0.4650146121033	0.069516632634092	0.52272359165658	5.3196811059909	0.012261796240116	0.00021774857974412	0.4650146121033	0.065628081665372	0.52272359165658	5.5151494914082	0.012261796240116	n0	/public4/group_crf/home/cuirf/deepsea/cellpaper/hyphy/Relax_Macrourus_sp/hyphytmp/48793279/	1
N1.HOG0019086	Success	OG0006762	558	0.34728556005755	-43704.447226138	-42980.838230541	-42980.396555137	0.25165072887139	0.88335080689285	6.09432155243e-05	0.64365857487388	0.27252131592027	0.35028732021378	36.284164327927	0.0060541049123345	0.086950762706225	0.64365857487388	0.72097153519981	0.35028732021378	2.4689025678362	0.0060541049123345	n0	/public4/group_crf/home/cuirf/deepsea/cellpaper/hyphy/Relax_Macrourus_sp/hyphytmp/12608868/	0.616997510009174
N1.HOG0013085	Success	OG0003261	291	0.24643245107443	-17433.660007527	-17137.046230185	-17136.374522196	0.61202167332431	1.3434159771423	0	0.22411441438544	0.016702544987406	0.72270012402713	1.3930608747279	0.053185461587431	0	0.22411441438544	0.081715504006282	0.72270012402713	1.2249343639206	0.053185461587431	n109	/public4/group_crf/home/cuirf/deepsea/cellpaper/hyphy/Relax_Macrourus_sp/hyphytmp/17898237/	0.48719326921274
N1.HOG0024279	Success	OG0011229	195	0.25896005731132	-13848.532777292	-13751.429158432	-13750.792004437	1.6367479101182	1.2743079886204	0.00026857219357956	0.46824101298975	0.12586224297371	0.52301086048621	3.9715993458009	0.0087481265240327	1.4297928810623e-06	0.46824101298975	0.033632239473942	0.52301086048621	9.5577444980315	0.0087481265240327	n0	/public4/group_crf/home/cuirf/deepsea/cellpaper/hyphy/Relax_Macrourus_sp/hyphytmp/46385170/	0.504986808695627
N1.HOG0027267	Success	OG0014088	71	0.28511969339645	-4449.7213179326	-4337.8316683477	-4337.2604065105	1.4396454499721	1.142523674429	0.00020675377452997	0.48238985404179	0.097379384515853	0.51510356246519	9999999171.5964	0.0025065834930129	4.9608868267523e-06	0.48238985404179	0.034974471085553	0.51510356246519	249146303415650	0.0025065834930129	n0	/public4/group_crf/home/cuirf/deepsea/cellpaper/hyphy/Relax_Macrourus_sp/hyphytmp/68751239/	0.538703795289645
N1.HOG0025275	Success	OG0012198	172	0.56852591774922	-18393.214553768	-18071.322885211	-18071.160307622	1.1577244395077	0.32515517875436	0.00014353173427301	0.44120662534656	0.063365700886354	0.4843925585539	1.8854133106138	0.074400816099548	3.5547142815758e-05	0.44120662534656	0.041008829633789	0.4843925585539	2.0837466540804	0.074400816099548	n0	/public4/group_crf/home/cuirf/deepsea/cellpaper/hyphy/Relax_Macrourus_sp/hyphytmp/25020443/	0.863596398490858
N1.HOG0021041	Success	OG0008243	255	0.97267337462309	-22863.779975422	-22472.672507699	-22472.671920978	1.0371430006584	0.0011734423096641	0.00019835250750051	0.47813595558499	0.21548366206199	0.49573955477473	9.3318143550209	0.026124489640277	0.00014451516427687	0.47813595558499	0.20354261804278	0.49573955477473	10.13896307931	0.026124489640277	n0	/public4/group_crf/home/cuirf/deepsea/cellpaper/hyphy/Relax_Macrourus_sp/hyphytmp/25816078/	1
N1.HOG0000592	Success	OG0000046	56	5.3518025566746e-09	-5481.7425754751	-5389.4404477694	-5372.4118933208	29.209924028973	34.057108897256	0.00018868156166937	0.47854958307219	0.0080580217677791	0.29057092531202	1.5886065929922	0.23087949161578	1.6381004347552e-109	0.47854958307219	6.9357221839046e-62	0.29057092531202	744170.79500459	0.23087949161578	n2	/public4/group_crf/home/cuirf/deepsea/cellpaper/hyphy/Relax_Macrourus_sp/hyphytmp/97649497/	4.12304788895379e-08
N1.HOG0015437	Success	OG0004507	134	0.63866471810085	-11269.243033254	-11214.409544123	-11214.299297744	1.7763915994117	0.22049275758036	2.0909728829954e-06	0.70186117891574	0.47272822211155	0.29720945156671	205.44190822599	0.00092936951754797	8.1416909190917e-11	0.70186117891574	0.2642303235417	0.29720945156671	12830.435071261	0.00092936951754797	n87	/public4/group_crf/home/cuirf/deepsea/cellpaper/hyphy/Relax_Macrourus_sp/hyphytmp/43310580/	0.922038643443076
N1.HOG0019858	Success	OG0007320	558	1.0904412195423e-07	-43132.304855201	-41622.60743215	-41608.504238441	2.005605520065	28.206387417886	0.025759281727534	0.88958303827016	0.87904628384516	0.094566528140159	20.186213126761	0.015850433589682	0.00065006974688739	0.88958303827016	0.77216416233843	0.094566528140159	414.40522223621	0.015850433589682	n0	/public4/group_crf/home/cuirf/deepsea/cellpaper/hyphy/Relax_Macrourus_sp/hyphytmp/71826558/	7.37550399674674e-07
N1.HOG0027077	Success	OG0013916	60	6.4960507206724e-07	-5454.1428840549	-5408.4790224752	-5396.0994596174	0	24.759125715645	0.0031635412261138	0.51405665770229	0.47630582790421	0.48430710440302	9999999171.5964	0.001636237894685	1	0.51405665770229	1	0.48430710440302	1	0.001636237894685	n0	/public4/group_crf/home/cuirf/deepsea/cellpaper/hyphy/Relax_Macrourus_sp/hyphytmp/23937631/	4.08799089308248e-06
N1.HOG0025220	Success	OG0012143	231	0.29275833671752	-10877.530263257	-10550.713174062	-10550.159727555	9.8543387000331	1.1068930150468	0.0002773122458789	0.1925791102197	0.0096382836481582	0.66199558875092	1.620314072399	0.14542530102938	8.8677253417183e-36	0.1925791102197	1.3603487297715e-20	0.66199558875092	116.26835984207	0.14542530102938	n10	/public4/group_crf/home/cuirf/deepsea/cellpaper/hyphy/Relax_Macrourus_sp/hyphytmp/91972851/	0.547065871048819
N1.HOG0023610	Success	OG0010585	211	0.23977635920504	-18790.492075571	-18322.695962777	-18322.005008619	2.7404578280202	1.3819083152193	4.6441787594722e-05	0.43331833133313	0.067094947585852	0.54957318587511	7.9817149254509	0.017108482791758	1.334586267611e-12	0.43331833133313	0.00060896583356418	0.54957318587511	296.59008407745	0.017108482791758	n0	/public4/group_crf/home/cuirf/deepsea/cellpaper/hyphy/Relax_Macrourus_sp/hyphytmp/42225027/	0.47955271841008
N1.HOG0021799	Success	OG0008900	220	0	-13878.059245273	-13679.824016934	-13628.4184372	50	102.81115946727	0.0003631899380995	0.73357913486909	0.00060218039788478	0.21235396639743	1.1183657720135	0.054066898733476	1.015524512808e-172	0.73357913486909	9.690154797669e-162	0.21235396639743	268.65401987686	0.054066898733476	n0	/public4/group_crf/home/cuirf/deepsea/cellpaper/hyphy/Relax_Macrourus_sp/hyphytmp/72279132/	0
N1.HOG0007831	Success	OG0001260	178	0.99999847815597	-16256.605563642	-16014.538541171	-16014.538541171	1	3.6379788070917e-12	3.7647401987306e-05	0.51374625060711	0.11530271123618	0.39035947021918	1.1722180659684	0.095894279173708	3.7647401987306e-05	0.51374625060711	0.11530271123618	0.39035947021918	1.1722180659684	0.095894279173708	n106	/public4/group_crf/home/cuirf/deepsea/cellpaper/hyphy/Relax_Macrourus_sp/hyphytmp/64919421/	1
N1.HOG0003305	Success	OG0000396	61	0.97729112932055	-6297.0236252136	-6218.3990140218	-6218.3986088882	0.99724064419397	0.00081026717089117	0.0008418894389791	0.2836060627217	0.071473467246175	0.61194029705473	1.7882940039278	0.10445364022357	0.00085849817619303	0.2836060627217	0.071995718912822	0.61194029705473	1.785428042179	0.10445364022357	n3	/public4/group_crf/home/cuirf/deepsea/cellpaper/hyphy/Relax_Macrourus_sp/hyphytmp/56123076/	1
N1.HOG0026630	Success	OG0013508	117	0.32228632855931	-10853.549257744	-10668.759597219	-10668.269774441	6.9364940047796e-06	0.97964555534054	0	0.46313050439669	0.12176385349524	0.49817599835369	3.0709166525397	0.038693497249627	0	0.46313050439669	0.99998539412729	0.49817599835369	1.0000077826108	0.038693497249627	n0	/public4/group_crf/home/cuirf/deepsea/cellpaper/hyphy/Relax_Macrourus_sp/hyphytmp/28264802/	0.583443532628972
N1.HOG0009156	Success	OG0001662	122	0.5928641700396	-7616.8504043491	-7389.0935216362	-7388.9505748859	0.84807034765407	0.28589350052971	5.4414827445697e-07	0.45851894732214	0.060596323439092	0.53213630026869	77.712761743111	0.0093447524091628	4.8690872382831e-06	0.45851894732214	0.092774535616946	0.53213630026869	40.111647370947	0.0093447524091628	n185	/public4/group_crf/home/cuirf/deepsea/cellpaper/hyphy/Relax_Macrourus_sp/hyphytmp/39675925/	0.885687516633072
N1.HOG0025395	Success	OG0012318	181	1.4247082782415e-06	-13787.55559341	-13542.815461284	-13531.191949889	8.6409321656207	23.247022788779	0	0.41888308941466	0.037495033046719	0.51664447102317	1.8405565891982	0.064472439562169	0	0.41888308941466	4.7621582919393e-13	0.51664447102317	194.71878262732	0.064472439562169	n0	/public4/group_crf/home/cuirf/deepsea/cellpaper/hyphy/Relax_Macrourus_sp/hyphytmp/49071533/	8.49878063201006e-06
N1.HOG0019074	Success	OG0006752	178	0.84969803665634	-15297.111384149	-14827.84359021	-14827.825634379	0.36832403042413	0.035911661412683	2.7842003363878e-13	0.48001565018899	0.084709203619298	0.4718243194273	5.5863087801611	0.048160030383712	2.3745508716133e-05	0.48001565018899	0.40283859933185	0.4718243194273	1.8844476106791	0.048160030383712	n0	/public4/group_crf/home/cuirf/deepsea/cellpaper/hyphy/Relax_Macrourus_sp/hyphytmp/31761365/	1
N1.HOG0010698	Success	OG0002177	85	0.82292382159342	-8605.6701351747	-8391.3765207281	-8391.3514806405	0.69914352371751	0.050080175245967	0.00021733115712539	0.49720422180868	0.11474874672202	0.42790040343935	3.4674057495588	0.074895374751972	0.0027486697489389	0.49720422180868	0.22010447338602	0.42790040343935	2.3852876758701	0.074895374751972	n1	/public4/group_crf/home/cuirf/deepsea/cellpaper/hyphy/Relax_Macrourus_sp/hyphytmp/22272162/	1
N1.HOG0013589	Success	OG0003514	97	4.9124538730183e-06	-6360.4159894439	-6171.2999858688	-6160.8644254562	8.8609843421457e-07	20.871120825119	0	0.58682835362799	0.046152601827484	0.40547273341004	4578.3478102144	0.0076989129619682	0	0.58682835362799	0.99999727454043	0.40547273341004	1.0000074690344	0.0076989129619682	n51	/public4/group_crf/home/cuirf/deepsea/cellpaper/hyphy/Relax_Macrourus_sp/hyphytmp/46793302/	2.73126076176228e-05
N1.HOG0026294	Success	OG0013188	130	0.52666843695347	-15365.66001026	-14918.999212292	-14918.798804579	1.5420455653586	0.40081542651387	1.5343656569189e-05	0.369301608913	0.014590844187131	0.50291029344291	2.2923195340056	0.12778809764409	3.7712294927955e-08	0.369301608913	0.0014754631008091	0.50291029344291	3.5938562799805	0.12778809764409	n0	/public4/group_crf/home/cuirf/deepsea/cellpaper/hyphy/Relax_Macrourus_sp/hyphytmp/88695473/	0.822529635567969
N1.HOG0024553	Success	OG0011497	141	0.80925573500382	-8084.0975570325	-7936.6206029683	-7936.591469297	41.752342568319	0.058267342648833	8.7875428436447e-06	0.46401666193314	0.0025335339207699	0.53109733626968	646.64768191994	0.0048860017971763	7.8455235159523e-212	0.46401666193314	3.976571089143e-109	0.53109733626968	2.2488562871069e+117	0.0048860017971763	n0	/public4/group_crf/home/cuirf/deepsea/cellpaper/hyphy/Relax_Macrourus_sp/hyphytmp/38011207/	1
N1.HOG0016203	Success	OG0004959	533	0.67006985848674	-45353.102513316	-44724.241382472	-44724.150622262	0.82899569738872	0.18152042006841	1.0328465721373e-05	0.55055676409878	0.31326991115694	0.43891265425272	13.561566410778	0.010530581648499	7.3562611968971e-05	0.55055676409878	0.38204872778651	0.43891265425272	8.6832038728327	0.010530581648499	n92	/public4/group_crf/home/cuirf/deepsea/cellpaper/hyphy/Relax_Macrourus_sp/hyphytmp/74502669/	0.952175365492324
N1.HOG0012510	Success	OG0002962	153	0.05893203514541	-8640.5904192578	-8310.5978671615	-8308.8142732674	1.0437240028399	3.5671877881941	3.1259921746969e-05	0.54385468063765	0.03604327437779	0.44711479824643	369.99621996555	0.0090305211159199	1.9861439607718e-05	0.54385468063765	0.031168996255033	0.44711479824643	479.16948455142	0.0090305211159199	n105	/public4/group_crf/home/cuirf/deepsea/cellpaper/hyphy/Relax_Macrourus_sp/hyphytmp/10105780/	0.162773691928962
N1.HOG0018091	Success	OG0006087	100	1	-8347.9012857369	-8205.3351363543	-8205.3352373474	1.167723461153	-0.0002019861676672	0	0.69959661046972	0.76841009046339	0.10721737092772	1	0.19318601860256	0	0.69959661046972	0.73519802400647	0.10721737092772	1	0.19318601860256	n0	/public4/group_crf/home/cuirf/deepsea/cellpaper/hyphy/Relax_Macrourus_sp/hyphytmp/11096693/	1
N1.HOG0008824	Success	OG0001565	884	0.73146371042494	-93501.835517721	-91385.723071034	-91385.66418508	0.91989704934234	0.11777190963039	5.0147104031467e-05	0.47160237356502	0.15687258718006	0.45588439248025	2.7377587426113	0.072513233954732	0.000110832939499	0.47160237356502	0.18196426741614	0.45588439248025	2.5255648840397	0.072513233954732	n164	/public4/group_crf/home/cuirf/deepsea/cellpaper/hyphy/Relax_Macrourus_sp/hyphytmp/51956143/	0.979303516758902
N1.HOG0027522	Success	OG0014331	37	0.99115577775487	-2437.6934605584	-2412.4589569037	-2412.4588954672	0.99203603126629	0.00012287314075365	0.11380591924519	0.84950005704275	1	0.13354649006608	10.283523774825	0.016953452891166	0.11579279170613	0.84950005704275	1	0.13354649006608	10.094418118218	0.016953452891166	n0	/public4/group_crf/home/cuirf/deepsea/cellpaper/hyphy/Relax_Macrourus_sp/hyphytmp/49364979/	1
N1.HOG0012547	Success	OG0002982	186	8.5076859215327e-06	-11325.250349643	-10905.192355393	-10895.282233648	0.87091741058425	19.820243490449	4.259090106947e-05	0.61146443179898	0.025599122194134	0.38294705344249	37.358725215345	0.0055885147585283	0.00015613344043643	0.61146443179898	0.041086155234459	0.38294705344249	23.411196557894	0.0055885147585283	n1	/public4/group_crf/home/cuirf/deepsea/cellpaper/hyphy/Relax_Macrourus_sp/hyphytmp/87466083/	4.5962906959727e-05
N1.HOG0027334	Success	OG0014154	50	0.76494316998856	-3288.1796804757	-3254.1490942015	-3254.1043949258	16.066783257679	0.089398551275735	0	0.63945079211224	0.75991149282598	0.35850070945399	9999999171.5964	0.0020484984337693	0	0.63945079211224	0.012140740323281	0.35850070945399	4.6540602234441e+160	0.0020484984337693	n0	/public4/group_crf/home/cuirf/deepsea/cellpaper/hyphy/Relax_Macrourus_sp/hyphytmp/35595098/	0.995520399444872
N1.HOG0004687	Success	OG0000609	88	0.00083059239750183	-4363.9207731806	-4290.1786714069	-4284.5928744554	0.34443694312174	11.171593903018	0.00011289730536716	0.73026495961467	0.097013344368577	0.26593462037968	690.14037581117	0.0038004200056506	0.043691645119682	0.73026495961467	0.44774148039572	0.26593462037968	9.502435538595	0.0038004200056506	n97	/public4/group_crf/home/cuirf/deepsea/cellpaper/hyphy/Relax_Macrourus_sp/hyphytmp/83939947/	0.00345510348403909
N1.HOG0025340	Success	OG0012263	180	0.86976166314117	-12548.617455924	-12399.921919045	-12399.908477402	1.0080381768218	0.026883285587246	0.00012824839525368	0.4400382690957	0.01330969145472	0.54248692100145	1	0.017474809902848	0.00011933498226035	0.4400382690957	0.012855522072759	0.54248692100145	1	0.017474809902848	n0	/public4/group_crf/home/cuirf/deepsea/cellpaper/hyphy/Relax_Macrourus_sp/hyphytmp/17707472/	1
N1.HOG0023473	Success	OG0010455	205	0.97442141591739	-13219.610633282	-12828.960977136	-12828.960463102	0.99326114264055	0.0010280676542607	1.5348210888708e-05	0.56209139603663	0.03488679744571	0.43305548193078	51.038603357734	0.0048531220325843	1.6538580367217e-05	0.56209139603663	0.035684687892646	0.43305548193078	49.703788818819	0.0048531220325843	n0	/public4/group_crf/home/cuirf/deepsea/cellpaper/hyphy/Relax_Macrourus_sp/hyphytmp/58638548/	1
N1.HOG0022199	Success	OG0009271	278	0.67296529230709	-22411.06692872	-22111.157538826	-22111.068462291	0.52742593549925	0.17815306846751	0	0.75462901080433	0.59006021273648	0.23922950824164	8.419564389469	0.0061414809540326	0	0.75462901080433	0.75712011281302	0.23922950824164	3.0762508365138	0.0061414809540326	n0	/public4/group_crf/home/cuirf/deepsea/cellpaper/hyphy/Relax_Macrourus_sp/hyphytmp/75833306/	0.954710464230868
N1.HOG0014795	Success	OG0004160	262	0.18009460547766	-26563.907206077	-26299.412623939	-26298.514202338	0.12093703386866	1.7968432015914	0.00085701143966159	0.57847574688093	0.7474112817859	0.41072468673163	16.179906058992	0.010799566387439	0.42568122810594	0.57847574688093	0.96540307764867	0.41072468673163	1.4002641530114	0.010799566387439	n2	/public4/group_crf/home/cuirf/deepsea/cellpaper/hyphy/Relax_Macrourus_sp/hyphytmp/13884291/	0.391648774950152
N1.HOG0003634	Success	OG0000447	276	0.89100799389916	-18197.619585942	-17779.551958618	-17779.542570166	6.6523665669424	0.01877690479887	1.8439470673257e-05	0.5629584393253	0.0066978855832043	0.34207134190519	1	0.094970218769517	3.2064411175499e-32	0.5629584393253	3.4462025820366e-15	0.34207134190519	1	0.094970218769517	n2	/public4/group_crf/home/cuirf/deepsea/cellpaper/hyphy/Relax_Macrourus_sp/hyphytmp/22178611/	1
N1.HOG0019419	Success	OG0007005	312	0	-11342.358874949	-11122.038185231	-11007.525517342	50	229.02533577885	0	0.15423080278672	0.0013261373108561	0.72313573857256	1.124501905668	0.12263345864073	0	0.15423080278672	1.3471771405598e-144	0.72313573857256	353.19112987264	0.12263345864073	n6	/public4/group_crf/home/cuirf/deepsea/cellpaper/hyphy/Relax_Macrourus_sp/hyphytmp/87661488/	0
N1.HOG0026392	Success	OG0013280	118	0.19161953343037	-12202.136019386	-12071.052973116	-12070.200412278	3.1229014092763	1.7051216762993	0	0.31849181441244	0.14310636606504	0.54263479368945	1.6630171439595	0.13887339189811	0	0.31849181441244	0.0023078424458898	0.54263479368945	4.8959694369003	0.13887339189811	n0	/public4/group_crf/home/cuirf/deepsea/cellpaper/hyphy/Relax_Macrourus_sp/hyphytmp/87648218/	0.410264938925285
N1.HOG0022767	Success	OG0009782	341	1	-23316.122438477	-22828.174895565	-22828.174895565	0.99847359360409	0	4.7861231097397e-06	0.35900457013512	0.073002298005667	0.62799456500891	9.1808346050665	0.013000864855974	4.8764566977615e-06	0.35900457013512	0.073294526185834	0.62799456500891	9.149817125573	0.013000864855974	n19	/public4/group_crf/home/cuirf/deepsea/cellpaper/hyphy/Relax_Macrourus_sp/hyphytmp/30725162/	1
N1.HOG0005328	Success	OG0000745	269	0.80486178742467	-15897.968234598	-15509.122969124	-15509.092449801	0.84923564262631	0.061038645024382	0.00027101525849282	0.56402918933655	0.022890399001721	0.42644566492081	6.9403555503954	0.0095251457426371	0.00093491289295911	0.56402918933655	0.040453785702059	0.42644566492081	5.1824049490603	0.0095251457426371	n226	/public4/group_crf/home/cuirf/deepsea/cellpaper/hyphy/Relax_Macrourus_sp/hyphytmp/56192313/	1
N1.HOG0025038	Success	OG0011965	163	0.5493340330983	-16451.470983011	-16136.244813376	-16136.065557589	1.2390905102824	0.3585115746173	8.9822946754109e-05	0.51231450165762	0.09193877142703	0.47773943065395	1524.7133099153	0.0099460676884325	9.6801169181546e-06	0.51231450165762	0.051961427103119	0.47773943065395	8795.4543826087	0.0099460676884325	n0	/public4/group_crf/home/cuirf/deepsea/cellpaper/hyphy/Relax_Macrourus_sp/hyphytmp/65068854/	0.843391195725252
N1.HOG0021726	Success	OG0008834	228	2.741161537978e-06	-18436.015130584	-18114.16923335	-18103.17437833	1.4018807056441e-07	21.989710041162	0	0.52378509606072	0.022006147189743	0.41418990128562	1	0.062025002653665	0	0.52378509606072	0.9999994649817	0.41418990128562	1	0.062025002653665	n0	/public4/group_crf/home/cuirf/deepsea/cellpaper/hyphy/Relax_Macrourus_sp/hyphytmp/94814311/	1.6023481930633e-05
N1.HOG0005163	Success	OG0000699	70	0.062269697983074	-8013.5862245582	-7843.4581384209	-7841.7201998114	49.746268656716	3.4758772189743	0.012112855335071	0.64855431274923	0.57127276568821	0.31615834032501	9.6145218407036	0.035287346925759	4.4531462073923e-96	0.64855431274923	8.0144263253614e-13	0.31615834032501	7.8883278709326e+48	0.035287346925759	n1	/public4/group_crf/home/cuirf/deepsea/cellpaper/hyphy/Relax_Macrourus_sp/hyphytmp/58040261/	0.17089351618997
N1.HOG0027497	Success	OG0014307	37	0.33594696714299	-3064.5744747461	-3004.4579976879	-3003.9950790874	12.826109009803	0.92583720110542	0	0.24351929720479	0	0.3683112897883	1.3223851888868	0.38816941300691	0	0.24351929720479	0	0.3683112897883	36.020574402457	0.38816941300691	n0	/public4/group_crf/home/cuirf/deepsea/cellpaper/hyphy/Relax_Macrourus_sp/hyphytmp/60358674/	0.599955186644134
N1.HOG0025810	Success	OG0012724	127	1.7257861806286e-11	-11040.977273633	-10807.269449017	-10784.639683442	14.627707146177	45.259531151169	0	0.32755643917878	0.040804350131565	0.56020281305159	1.4533930012664	0.11224074776963	0	0.32755643917878	4.7623470066921e-21	0.56020281305159	237.29681743463	0.11224074776963	n0	/public4/group_crf/home/cuirf/deepsea/cellpaper/hyphy/Relax_Macrourus_sp/hyphytmp/94990361/	1.58550837343312e-10
N1.HOG0027534	Success	OG0014342	66	1	-5515.0615607381	-5407.9432224392	-5407.9435278232	0.951076424773	-0.00061076803467586	0	0.60621624300613	1	0.39208590679257	42.740240882343	0.0016978502013031	0	0.60621624300613	1	0.39208590679257	35.567274812458	0.0016978502013031	n0	/public4/group_crf/home/cuirf/deepsea/cellpaper/hyphy/Relax_Macrourus_sp/hyphytmp/24847239/	1
N1.HOG0011898	Success	OG0002663	338	6.7035266226867e-13	-29944.12831823	-29505.637692628	-29479.8230696	4.3339453266208	51.629246055847	0.00016916510176738	0.45745439428704	0.1181756387202	0.50410995921298	3.2382567289781	0.038435646499976	4.5051069660266e-17	0.45745439428704	9.5584369369519e-05	0.50410995921298	162.80253857441	0.038435646499976	n133	/public4/group_crf/home/cuirf/deepsea/cellpaper/hyphy/Relax_Macrourus_sp/hyphytmp/92974132/	6.93774622757575e-12
N1.HOG0027406	Success	OG0014217	26	0.64339621177981	-1430.7380846089	-1427.4916689182	-1427.3845049867	1.9955637030985	0.21432786308696	0.0010664724936436	0.30045912919263	0.07072961423438	0.69441878011604	2.175687556961	0.005122090691335	1.1724226906196e-06	0.30045912919263	0.0050618129090616	0.69441878011604	4.7173204325721	0.005122090691335	n0	/public4/group_crf/home/cuirf/deepsea/cellpaper/hyphy/Relax_Macrourus_sp/hyphytmp/42984573/	0.925757698356544
N1.HOG0023599	Success	OG0010575	187	0.28443156035844	-17952.196817601	-17590.206204792	-17589.633308301	0.46765373039136	1.1457929835597	2.0115636174867e-05	0.49418278870859	0.13984129993043	0.47318441487301	5.2639862240289	0.032632796418396	0.0063632655702792	0.49418278870859	0.39852285433853	0.47318441487301	2.1743303646189	0.032632796418396	n0	/public4/group_crf/home/cuirf/deepsea/cellpaper/hyphy/Relax_Macrourus_sp/hyphytmp/41662660/	0.538703795289645
N1.HOG0009397	Success	OG0001726	107	0.75594300388437	-4992.2444190899	-4933.7240065822	-4933.6757043107	0.44517213567712	0.096604543055946	0.0024463006925978	0.71267110360659	0.38281472249408	0.28637222619944	24.624038908498	0.00095667019396693	0.068776068677743	0.71267110360659	0.65216600755475	0.28637222619944	4.1628847356029	0.00095667019396693	n134	/public4/group_crf/home/cuirf/deepsea/cellpaper/hyphy/Relax_Macrourus_sp/hyphytmp/15742799/	0.991082352177402
N1.HOG0023865	Success	OG0010825	122	2.2287759859907e-08	-10469.574551516	-10345.422738092	-10329.780600523	2.6951527030929e-07	31.284275136768	0	0.30410716777917	0.030671448893075	0.57213640847042	1	0.12375642375041	0	0.30410716777917	0.99999906089522	0.57213640847042	1	0.12375642375041	n0	/public4/group_crf/home/cuirf/deepsea/cellpaper/hyphy/Relax_Macrourus_sp/hyphytmp/36346646/	1.63634065980001e-07
N1.HOG0000256	Success	OG0000013	94	0.18424378763862	-5093.8710218683	-4975.6983183386	-4974.8167903138	2.0051148903139	1.7630560496655	0	0.4554474796008	0.12203272821526	0.48585222452323	5.2763097757244	0.058700295875968	0	0.4554474796008	0.014732622737266	0.48585222452323	28.07729149896	0.058700295875968	n787	/public4/group_crf/home/cuirf/deepsea/cellpaper/hyphy/Relax_Macrourus_sp/hyphytmp/17820248/	0.398958979180662
N1.HOG0017037	Success	OG0005427	309	1.7634560478541e-11	-24616.306244478	-24363.713746716	-24341.105123234	1.7620104431808e-06	45.21724696282	0	0.15510951943991	0.059993084185225	0.80238845412315	2.6510725255225	0.042502026436945	0	0.15510951943991	0.99999504255012	0.80238845412315	1.0000017178987	0.042502026436945	n4	/public4/group_crf/home/cuirf/deepsea/cellpaper/hyphy/Relax_Macrourus_sp/hyphytmp/43580876/	1.6114986650071e-10
N1.HOG0013825	Success	OG0003650	261	0.18484944553423	-16112.373067793	-15900.346522016	-15899.467423038	0.17355397825551	1.758197955136	0	0.28685368947033	0.037612902613639	0.69204926852679	3.239803990156	0.021097042002875	0	0.28685368947033	0.56590566642971	0.69204926852679	1.2263164601755	0.021097042002875	n4	/public4/group_crf/home/cuirf/deepsea/cellpaper/hyphy/Relax_Macrourus_sp/hyphytmp/38593222/	0.398958979180662
N1.HOG0003085	Success	OG0000357	213	5.0783821592404e-12	-14016.053865899	-13496.435488735	-13472.607236768	47.000282354602	47.656503935428	0.0002432655285791	0.68664120067628	0.016996643288243	0.21851111808165	3.8876471193221	0.094847681242068	1.3956178058104e-170	0.68664120067628	6.7076261569496e-84	0.21851111808165	5.1933530995075e+27	0.094847681242068	n384	/public4/group_crf/home/cuirf/deepsea/cellpaper/hyphy/Relax_Macrourus_sp/hyphytmp/44685488/	4.90149469077248e-11
N1.HOG0014113	Success	OG0003788	188	0.62401622498383	-14394.156330912	-13872.959905082	-13872.839773581	0.63828936465955	0.24026300260084	0.00011341185562898	0.48585254316502	0.04379690622789	0.42013523593885	2.9231815631719	0.094012220896123	0.0030320087672238	0.48585254316502	0.13578374801973	0.42013523593885	1.9831282299183	0.094012220896123	n113	/public4/group_crf/home/cuirf/deepsea/cellpaper/hyphy/Relax_Macrourus_sp/hyphytmp/24520525/	0.910841014887188
N1.HOG0012969	Success	OG0003197	190	0.63630177293666	-10768.742707662	-10477.304159145	-10477.192353372	8.2922692465833	0.22361154637474	0.00016794123180495	0.39272592041842	0.019648754075022	0.60031426042955	303.78312616891	0.0069598191520382	4.9887099301527e-32	0.39272592041842	7.0448937490344e-15	0.60031426042955	3.8555486094455e+20	0.0069598191520382	n2	/public4/group_crf/home/cuirf/deepsea/cellpaper/hyphy/Relax_Macrourus_sp/hyphytmp/70456693/	0.920680360346992
N1.HOG0027819	Success	OG0014614	245	0	-14532.308420863	-14245.405659215	-14209.191484986	0.23035235146581	72.428348457135	0.0022998784738346	0.7724687509394	0.91345525857229	0.22683269774282	32.537654387761	0.00069855131777813	0.24675304300752	0.7724687509394	0.97936419535604	0.22683269774282	2.2303947138766	0.00069855131777813	n0	/public4/group_crf/home/cuirf/deepsea/cellpaper/hyphy/Relax_Macrourus_sp/hyphytmp/77352530/	0
N1.HOG0012755	Success	OG0003087	584	0.96645809585057	-38885.728582336	-38363.591716759	-38363.590832619	0.98609556129079	0.0017682809120743	0.04561204851259	0.96288337010185	0.70623355318417	0.031506914985069	21.220974744095	0.0056097149130839	0.047612865921945	0.96288337010185	0.70965723619154	0.031506914985069	20.33842888767	0.0056097149130839	n113	/public4/group_crf/home/cuirf/deepsea/cellpaper/hyphy/Relax_Macrourus_sp/hyphytmp/85861400/	1
N1.HOG0012998	Success	OG0003212	87	8.2566176118348e-12	-7486.0450113801	-7373.5748868929	-7350.2229610938	50	46.70385159808	0.0039536651005453	0.62828876682941	0.0058057370493677	0.22676555384717	1.1736935803715	0.14494567932342	7.0793593490216e-121	0.62828876682941	1.5590789369055e-112	0.22676555384717	3004.2526900193	0.14494567932342	n100	/public4/group_crf/home/cuirf/deepsea/cellpaper/hyphy/Relax_Macrourus_sp/hyphytmp/71151554/	7.83694423045977e-11
N1.HOG0027638	Success	OG0014444	32	1	-1599.005822702	-1595.6289865314	-1595.6289866676	1.0008003201281	-2.7249234335613e-07	0.0025186242357791	0.58642905677271	0.32032841266027	0.41357094322729	1.1843503679963	0	0.0025065910049192	0.58642905677271	0.3200366971555	0.41357094322729	1.1845107513747	0	n0	/public4/group_crf/home/cuirf/deepsea/cellpaper/hyphy/Relax_Macrourus_sp/hyphytmp/21648350/	1
N1.HOG0008554	Success	OG0001471	54	0.5309031459467	-4187.1756186541	-4114.7050752201	-4114.5087439294	0.30372208195238	0.39266258149109	3.3830194186316e-09	0.50572289519709	0.17122796576639	0.4575278089653	2.8907556238541	0.036749295837606	0.0026746239199917	0.50572289519709	0.58508600670214	0.4575278089653	1.380445724206	0.036749295837606	n181	/public4/group_crf/home/cuirf/deepsea/cellpaper/hyphy/Relax_Macrourus_sp/hyphytmp/46667997/	0.826918952616891
N1.HOG0021275	Success	OG0008438	361	0.96201385851852	-26865.624980872	-26148.990220865	-26148.98908672	1.002002002002	0.0022682898998028	0.00024509264800469	0.56671420001451	0.095377717387533	0.41280745546138	3.5124009630598	0.020478344524114	0.00024104699181388	0.56671420001451	0.094930064343194	0.41280745546138	3.521246173375	0.020478344524114	n20	/public4/group_crf/home/cuirf/deepsea/cellpaper/hyphy/Relax_Macrourus_sp/hyphytmp/75064477/	1
N1.HOG0017420	Success	OG0005669	119	0.28534368667845	-7902.5951706128	-7855.118593987	-7854.5478631652	0.24587264044226	1.1414616436268	0.053690145866382	0.89335052296932	0.76368901224953	0.099131446408031	5.4899649961799	0.0075180306226512	0.48720958948544	0.89335052296932	0.93586322321403	0.099131446408031	1.5199871775476	0.0075180306226512	n0	/public4/group_crf/home/cuirf/deepsea/cellpaper/hyphy/Relax_Macrourus_sp/hyphytmp/50454342/	0.538703795289645
N1.HOG0021603	Success	OG0008725	137	0	-11589.527657388	-11422.143444032	-11379.693285906	32.082820180919	84.900316252711	0.00031193462318485	0.50077921260627	0.057949006060508	0.36489766531587	1.1798229583025	0.13432312207786	3.3088138426391e-113	0.50077921260627	2.0655084151436e-40	0.36489766531587	201.41270247038	0.13432312207786	n0	/public4/group_crf/home/cuirf/deepsea/cellpaper/hyphy/Relax_Macrourus_sp/hyphytmp/99101267/	0
N1.HOG0022927	Success	OG0009938	154	0	-12386.075348169	-12073.016658671	-12037.065823467	3.5384371601422e-11	71.901670408042	0	0.50246508088909	0.01536566754707	0.40458789223454	2.07527977927	0.092947026876374	0	0.50246508088909	0.99999999985225	0.40458789223454	1.0000000000258	0.092947026876374	n0	/public4/group_crf/home/cuirf/deepsea/cellpaper/hyphy/Relax_Macrourus_sp/hyphytmp/86735251/	0
N1.HOG0021055	Success	OG0008254	96	1.5750023968586e-05	-9088.2435605619	-8948.4764098502	-8939.1541554258	2.7924493236518e-06	18.644508848873	0	0.4584353536039	0.1266418911768	0.47511491041257	1.5617036606968	0.066449735983535	0	0.4584353536039	0.9999942297219	0.47511491041257	1.0000012448113	0.066449735983535	n0	/public4/group_crf/home/cuirf/deepsea/cellpaper/hyphy/Relax_Macrourus_sp/hyphytmp/10568876/	8.3001660055309e-05
N1.HOG0016501	Success	OG0005122	312	0.036308297211746	-22923.806931954	-22468.482260522	-22466.290977503	0.26126114026414	4.3825660380171	0.00018665975463607	0.45391251888666	0.046379785980982	0.50652011867386	2.9678237500983	0.039567362439488	0.10611345408886	0.45391251888666	0.44829461899815	0.50652011867386	1.3287085152687	0.039567362439488	n6	/public4/group_crf/home/cuirf/deepsea/cellpaper/hyphy/Relax_Macrourus_sp/hyphytmp/58929615/	0.107547680361689
N1.HOG0013166	Success	OG0003306	273	0.31900347637115	-21512.50663412	-20994.731580869	-20994.235066965	50	0.99302780700964	0	0.82528109698351	0.80806738487309	0.17093576048243	19.215565390697	0.0037831425340589	0	0.82528109698351	2.3571048890817e-05	0.17093576048243	1.5228543714237e+64	0.0037831425340589	n2	/public4/group_crf/home/cuirf/deepsea/cellpaper/hyphy/Relax_Macrourus_sp/hyphytmp/79275583/	0.579331894720545
N1.HOG0005771	Success	OG0000828	291	0.61618756964228	-21397.034285364	-21100.706488794	-21100.580857585	0.80785073049098	0.25126241798716	3.6088602775358e-06	0.40767003516563	0.098343269539316	0.58422014877242	9.0108766154193	0.0081098160619451	4.0102129366576e-05	0.40767003516563	0.15356350777116	0.58422014877242	5.9062150120834	0.0081098160619451	n4	/public4/group_crf/home/cuirf/deepsea/cellpaper/hyphy/Relax_Macrourus_sp/hyphytmp/27675775/	0.9031092656864
N1.HOG0000668	Success	OG0000052	54	0.70524871108377	-1573.3161805546	-1535.4925436165	-1535.4210090335	31.636430454664	0.1430691659998	0.00027548145771466	0.59095988386217	0.017018403377876	0.38300558981491	1.8283919433711	0.026034526322919	2.383580996447e-113	0.59095988386217	1.0779188530095e-56	0.38300558981491	195405665.09607	0.026034526322919	n120	/public4/group_crf/home/cuirf/deepsea/cellpaper/hyphy/Relax_Macrourus_sp/hyphytmp/25137286/	0.969643657612975
N1.HOG0025801	Success	OG0012715	192	0	-17196.157830984	-16822.79805652	-16785.704100766	6.3235778505446e-08	74.187911506822	0	0.55319168949649	0.11950827168366	0.40648422290168	3.6871597761914	0.040324087601834	0	0.55319168949649	0.99999986566384	0.40648422290168	1.0000000825136	0.040324087601834	n0	/public4/group_crf/home/cuirf/deepsea/cellpaper/hyphy/Relax_Macrourus_sp/hyphytmp/47099993/	0
N1.HOG0001274	Success	OG0000125	181	3.4598118814344e-09	-14691.263867608	-14252.534308472	-14235.081219124	4.356433913659	34.90617869647	4.8308147442945e-05	0.55997664560693	0.030985149194243	0.34791289791143	2.6814027633302	0.092110456481634	1.5765945702027e-19	0.55997664560693	2.6718393152889e-07	0.34791289791143	73.473541418551	0.092110456481634	n807	/public4/group_crf/home/cuirf/deepsea/cellpaper/hyphy/Relax_Macrourus_sp/hyphytmp/42377604/	2.74278496658201e-08
N1.HOG0000784	Success	OG0000065	171	0.028652090834587	-12338.26674504	-12247.284353204	-12244.890155033	0.31633929123856	4.7883963417262	0.012197452884625	0.82779351810493	0.47682261681576	0.1654599072977	5.7232209329737	0.0067465745973701	0.2480914166668	0.82779351810493	0.79113688480491	0.1654599072977	1.7364867040396	0.0067465745973701	n486	/public4/group_crf/home/cuirf/deepsea/cellpaper/hyphy/Relax_Macrourus_sp/hyphytmp/68591389/	0.087343138817108
N1.HOG0022604	Success	OG0009632	38	1	-1637.8417524921	-1635.6215150901	-1635.6215150901	0.92573596224579	0	0	0.67306273370968	0.04654502234398	0.32594619712854	5.5598625592019	0.00099106916177632	0	0.67306273370968	0.058452400983427	0.32594619712854	4.8947733937709	0.00099106916177632	n0	/public4/group_crf/home/cuirf/deepsea/cellpaper/hyphy/Relax_Macrourus_sp/hyphytmp/89725700/	1
N1.HOG0023889	Success	OG0010849	79	0.58206024509352	-7734.2611346509	-7606.918710854	-7606.7672529709	7.4665158245727e-05	0.30291576618038	0	0.81242173363163	0.99915878038692	0.18468675808159	44.48478641994	0.0028915082867815	0	0.81242173363163	0.99999993716377	0.18468675808159	1.0002834054219	0.0028915082867815	n0	/public4/group_crf/home/cuirf/deepsea/cellpaper/hyphy/Relax_Macrourus_sp/hyphytmp/32369809/	0.876949190474571
N1.HOG0008154	Success	OG0001342	265	0.93973310914855	-23061.180658793	-22774.662543362	-22774.65968528	0.92235391636828	0.0057161634031218	0	0.14992879054029	0.055415686978676	0.81997481771773	3.4287954933122	0.030096391741975	0	0.14992879054029	0.06937208063988	0.81997481771773	3.1159460870077	0.030096391741975	n1	/public4/group_crf/home/cuirf/deepsea/cellpaper/hyphy/Relax_Macrourus_sp/hyphytmp/49638681/	1
N1.HOG0019273	Success	OG0006893	135	0.87467970146966	-15094.159518602	-14894.087106072	-14894.074668725	1.0423711095052	0.024874693172023	0.0016493963989277	0.38258950470389	0.10211892731858	0.38952305512738	1.1080433194085	0.22788744016873	0.0012572452882108	0.38258950470389	0.092708803560384	0.38952305512738	1.1128705714016	0.22788744016873	n0	/public4/group_crf/home/cuirf/deepsea/cellpaper/hyphy/Relax_Macrourus_sp/hyphytmp/77366101/	1
N1.HOG0008186	Success	OG0001352	174	0.0512664666323	-6825.5890198742	-6739.8979693718	-6737.9981961267	6.2917835456391	3.7995464901287	0.011087310032506	0.61765823925451	0.69854430450751	0.37670603356566	27.654220038029	0.005635727179827	4.9942422539464e-13	0.61765823925451	0.10464105179337	0.37670603356566	1178286066.1947	0.005635727179827	n21	/public4/group_crf/home/cuirf/deepsea/cellpaper/hyphy/Relax_Macrourus_sp/hyphytmp/25847909/	0.144861496174821
N1.HOG0025405	Success	OG0012328	179	0.44823889533511	-15001.719559784	-14591.380440628	-14591.092889989	0.49661115977467	0.57510127780915	1.6970949180844e-05	0.68123513538055	0.30782356859915	0.30667415573956	29.921863845804	0.012090708879892	0.0042758142491486	0.68123513538055	0.55703822402925	0.30667415573956	5.4074489927615	0.012090708879892	n0	/public4/group_crf/home/cuirf/deepsea/cellpaper/hyphy/Relax_Macrourus_sp/hyphytmp/25125894/	0.730620893914344
N1.HOG0025049	Success	OG0011976	157	0.39948932413083	-11480.321285715	-11232.49984292	-11232.144911462	0.76187362665032	0.70986291639929	7.922057345504e-05	0.51457619012497	0.073225687514755	0.48101417880391	8.3978486843074	0.004409631071118	0.0007506419296119	0.51457619012497	0.13646366509803	0.48101417880391	5.0594028393486	0.004409631071118	n0	/public4/group_crf/home/cuirf/deepsea/cellpaper/hyphy/Relax_Macrourus_sp/hyphytmp/73137996/	0.681955914390758
N1.HOG0024459	Success	OG0011403	75	0.6921149801823	-3729.1776778676	-3634.6343073906	-3634.5559047326	41.891727258766	0.15680531594171	0	0.4396786420787	0.039868333238573	0.5555626702486	555.81014013369	0.0047586876726963	0	0.4396786420787	2.3872240379409e-59	0.5555626702486	9.7658679522327e+114	0.0047586876726963	n5	/public4/group_crf/home/cuirf/deepsea/cellpaper/hyphy/Relax_Macrourus_sp/hyphytmp/38195282/	0.964943622342008
N1.HOG0006134	Success	OG0000890	159	0.98802332237515	-11415.433334537	-11122.980731607	-11122.98061894	0.9980019951148	0.00022533321680385	8.3077806026026e-05	0.70882546426974	0.15103148248528	0.28319635946466	890.57203375329	0.0079781762655956	8.4652133416883e-05	0.70882546426974	0.15160297105507	0.28319635946466	878.56844287147	0.0079781762655956	n234	/public4/group_crf/home/cuirf/deepsea/cellpaper/hyphy/Relax_Macrourus_sp/hyphytmp/27595109/	1
N1.HOG0006572	Success	OG0000977	285	0.027771054603094	-21269.221778742	-20815.806094938	-20813.384982849	1.3681018814364	4.8422241788794	2.431371464366e-05	0.41158762359991	0.005877584988545	0.51762255696493	1.2263886435321	0.070789819435169	4.868268279939e-07	0.41158762359991	0.00088723127454365	0.51762255696493	1.3220634477521	0.070789819435169	n1	/public4/group_crf/home/cuirf/deepsea/cellpaper/hyphy/Relax_Macrourus_sp/hyphytmp/62330687/	0.085350039012729
N1.HOG0001949	Success	OG0000209	219	0.14324560962061	-12928.293562649	-12530.643971146	-12529.572599897	0.94221701976721	2.142742499258	4.5570685300435e-05	0.62967469790569	0.059596967555192	0.36925827737534	327.87915922414	0.0010670247189757	8.119693690798e-05	0.62967469790569	0.070144780462822	0.36925827737534	234.61100032723	0.0010670247189757	n323	/public4/group_crf/home/cuirf/deepsea/cellpaper/hyphy/Relax_Macrourus_sp/hyphytmp/70317443/	0.32552375307964
N1.HOG0026120	Success	OG0013027	739	0.67623410518029	-54476.55641169	-53608.768417117	-53608.681219101	0.91670732621599	0.17439603226376	2.1989188799713e-05	0.53136979151876	0.076812340198744	0.45433479229575	2.7437689977837	0.014295416185492	5.3724088659234e-05	0.53136979151876	0.095118814553499	0.45433479229575	2.5225303814556	0.014295416185492	n0	/public4/group_crf/home/cuirf/deepsea/cellpaper/hyphy/Relax_Macrourus_sp/hyphytmp/16142631/	0.956977094480839
N1.HOG0024374	Success	OG0011321	229	3.5701630540785e-10	-10873.993384799	-10560.60470042	-10540.937286839	3.8793209490668	39.334827161088	3.0513111816533e-05	0.59693261277959	0.054474119393627	0.38312800316376	4.6359647113566	0.019939384056647	3.040002114535e-18	0.59693261277959	1.251054525973e-05	0.38312800316376	383.85864708113	0.019939384056647	n0	/public4/group_crf/home/cuirf/deepsea/cellpaper/hyphy/Relax_Macrourus_sp/hyphytmp/42619547/	3.03640600341924e-09
N1.HOG0022738	Success	OG0009754	303	0	-26314.539364506	-25833.162044623	-25758.471239551	50	149.38161014341	0.00013894430812012	0.4484223568184	0.02119099087605	0.43937776358675	1.1234960321903	0.11219987959486	1.3868772562341e-193	0.4484223568184	2.0303140721287e-84	0.43937776358675	337.73583927333	0.11219987959486	n0	/public4/group_crf/home/cuirf/deepsea/cellpaper/hyphy/Relax_Macrourus_sp/hyphytmp/51103804/	0
N1.HOG0020825	Success	OG0008067	226	0.11069325788493	-24144.01174602	-23658.325783993	-23657.053636118	8.6071543584183	2.5442957505802	0.0036946667369798	0.76848584630997	1	0.22824870140777	65.675488324718	0.003265452282265	1.1580968738816e-21	0.76848584630997	1	0.22824870140777	4392085906954656	0.003265452282265	n0	/public4/group_crf/home/cuirf/deepsea/cellpaper/hyphy/Relax_Macrourus_sp/hyphytmp/87810764/	0.270129285577144
N1.HOG0015804	Success	OG0004723	52	0.19872712710676	-3008.8999948536	-2997.479815879	-2996.653963735	0.32466242906391	1.6517042880123	0.025403160696441	0.92045526188368	0.72530561964252	0.078803493754575	9999999171.5964	0.00074124436174891	0.30347783982869	0.92045526188368	0.90098263932706	0.078803493754575	1764.5106296757	0.00074124436174891	n1	/public4/group_crf/home/cuirf/deepsea/cellpaper/hyphy/Relax_Macrourus_sp/hyphytmp/91943857/	0.422541094516601
N1.HOG0017633	Success	OG0005797	185	9.3924867883288e-14	-13250.400506102	-12724.984630139	-12697.239948853	4.3623402252157	55.489362572418	1.0941349203117e-05	0.14653743244512	0.0010154582781394	0.73925486040414	3.2265105980629	0.11420770715074	2.2842274262193e-22	0.14653743244512	8.7506759777135e-14	0.73925486040414	165.67876493897	0.11420770715074	n0	/public4/group_crf/home/cuirf/deepsea/cellpaper/hyphy/Relax_Macrourus_sp/hyphytmp/43434261/	1.02128432293347e-12
N1.HOG0008594	Success	OG0001488	104	0.79190759580038	-7547.5930672065	-7462.1433188677	-7462.1085145963	0.71517894672263	0.069608542888091	0.0066768197805194	0.79814290488154	0.45995112430547	0.19848068925565	18.872557358909	0.0033764058628088	0.027808529004531	0.79814290488154	0.57382372183049	0.19848068925565	8.1742383089352	0.0033764058628088	n176	/public4/group_crf/home/cuirf/deepsea/cellpaper/hyphy/Relax_Macrourus_sp/hyphytmp/76753809/	1
N1.HOG0026935	Success	OG0013790	65	0.71013780271905	-4847.6958039314	-4808.7777512565	-4808.7086815821	0.37600935390639	0.13813934882273	0.017834145038121	0.77183555680852	1	0.22816444319148	1582.3633325844	0	0.22001612173492	0.77183555680852	1	0.22816444319148	15.957654621611	0	n0	/public4/group_crf/home/cuirf/deepsea/cellpaper/hyphy/Relax_Macrourus_sp/hyphytmp/55875172/	0.971762548688712
N1.HOG0013565	Success	OG0003503	172	1.587618925214e-14	-17087.336230663	-16658.631451465	-16629.138853329	10.621655041039	58.985196272362	6.5238208874125e-05	0.42088650070805	0.050393110334896	0.45352442023533	1.676227511895	0.12558907905662	3.4920815411438e-45	0.42088650070805	1.6482919499361e-14	0.45352442023533	241.42784768099	0.12558907905662	n2	/public4/group_crf/home/cuirf/deepsea/cellpaper/hyphy/Relax_Macrourus_sp/hyphytmp/93582400/	1.88105469897769e-13
N1.HOG0006665	Success	OG0000995	466	0.78319864682992	-33667.966991549	-33012.003187086	-33011.965332482	0.93407857109877	0.075709207405453	0	0.67621651310818	0.76342808787232	0.30576883404321	13.103104405537	0.018014652848604	0	0.67621651310818	0.77713456633242	0.30576883404321	11.058985726057	0.018014652848604	n112	/public4/group_crf/home/cuirf/deepsea/cellpaper/hyphy/Relax_Macrourus_sp/hyphytmp/70918366/	1
N1.HOG0003131	Success	OG0000366	216	2.2204460492503e-16	-16497.620649413	-16092.679934483	-16059.000098826	15.405742307483	67.359671314116	1.2444197209008e-06	0.36875243564802	0.018174091169516	0.5482545278259	1.703530852225	0.08299303652608	1.0680252308699e-91	0.36875243564802	1.5331225032203e-27	0.5482545278259	3665.3760249719	0.08299303652608	n211	/public4/group_crf/home/cuirf/deepsea/cellpaper/hyphy/Relax_Macrourus_sp/hyphytmp/92132614/	3.17893859384335e-15
N1.HOG0022812	Success	OG0009827	70	0.014881579758484	-5483.4208257908	-5431.3837962367	-5428.4185794399	18.211134124516	5.9304335937522	0.074533877572787	0.58315686478974	1	0.40683521972893	46.289583083758	0.010007915481324	2.9126095644184e-21	0.58315686478974	1	0.40683521972893	2.1396325605925e+30	0.010007915481324	n0	/public4/group_crf/home/cuirf/deepsea/cellpaper/hyphy/Relax_Macrourus_sp/hyphytmp/29804155/	0.0495475853199138
N1.HOG0013671	Success	OG0003565	203	0.019227844562382	-14475.35644777	-13833.081360832	-13830.341023869	0	5.4806739248779	0	0.63690981907154	0.041332812313017	0.34954816060396	7.811560602257	0.013542020324497	1	0.63690981907154	1	0.34954816060396	1	0.013542020324497	n3	/public4/group_crf/home/cuirf/deepsea/cellpaper/hyphy/Relax_Macrourus_sp/hyphytmp/45003199/	0.0623272395437213
N1.HOG0001829	Success	OG0000192	163	0.20238043823391	-6758.8009597647	-6580.3349771851	-6579.5224210963	0.16951830765778	1.6251121777677	3.9169095921394e-13	0.10974433728331	0.0064700540300373	0.88598019948079	107.42716724854	0.004275463235906	0.0078845477407887	0.10974433728331	0.4255090615414	0.88598019948079	2.2095866075362	0.004275463235906	n154	/public4/group_crf/home/cuirf/deepsea/cellpaper/hyphy/Relax_Macrourus_sp/hyphytmp/90225711/	0.428189153800317
N1.HOG0026070	Success	OG0012978	432	0	-31758.929791275	-31163.225470587	-31081.753968072	3.2221443221425e-07	162.94300502988	0	0.48640499074386	0.07005104802608	0.50645735118316	20.958415096738	0.0071376580729778	0	0.48640499074386	0.9999991433833	0.50645735118316	1.0000009803509	0.0071376580729778	n0	/public4/group_crf/home/cuirf/deepsea/cellpaper/hyphy/Relax_Macrourus_sp/hyphytmp/63995208/	0
N1.HOG0005306	Success	OG0000741	189	1.3241281809906e-06	-15058.094207197	-14766.361613443	-14754.667692668	4.3028870079878	23.38784154828	0.00045275290953467	0.43200280127856	0.049093595932854	0.52748930957322	3.3106071427057	0.040507889148219	4.078954109863e-15	0.43200280127856	2.3314591292762e-06	0.52748930957322	172.62506802139	0.040507889148219	n2	/public4/group_crf/home/cuirf/deepsea/cellpaper/hyphy/Relax_Macrourus_sp/hyphytmp/23066849/	7.92631433777648e-06
N1.HOG0025055	Success	OG0011982	124	7.1767813913937e-11	-11564.411833747	-11377.677467205	-11356.442373778	50	42.470186854716	0	0.46087814117258	0.012922000137329	0.29910392001486	1.157241191006	0.24001793881255	0	0.46087814117258	3.685420658886e-95	0.29910392001486	1483.1810891712	0.24001793881255	n0	/public4/group_crf/home/cuirf/deepsea/cellpaper/hyphy/Relax_Macrourus_sp/hyphytmp/49250456/	6.29066858694611e-10
N1.HOG0018986	Success	OG0006694	161	0.44486637169333	-17051.231364418	-16772.879761116	-16772.587912	0.8672644389206	0.58369823318935	0.004308580289373	0.62425868616045	0.69131172091789	0.36131361604955	34.020329961541	0.014427697790004	0.0088785525374385	0.62425868616045	0.72603054500183	0.36131361604955	21.302096582511	0.014427697790004	n23	/public4/group_crf/home/cuirf/deepsea/cellpaper/hyphy/Relax_Macrourus_sp/hyphytmp/58934344/	0.726502306624659
N1.HOG0027999	Success	OG0014782	37	0.046948048288853	-2215.8711467052	-2149.4455692677	-2147.4719445778	19.53698151254	3.9472493797448	0	0.23225161834315	0.078759064582343	0.65776337423617	3.3544840306067	0.10998500742068	0	0.23225161834315	2.7355473614434e-22	0.65776337423617	18584040545.84	0.10998500742068	n0	/public4/group_crf/home/cuirf/deepsea/cellpaper/hyphy/Relax_Macrourus_sp/hyphytmp/99203750/	0.133759116020314
N1.HOG0020673	Success	OG0007939	217	0.99999354336262	-14900.778184507	-14491.385542674	-14491.385542674	0.99847359360409	6.5483618527651e-11	0.0001436391722122	0.54271105804506	0.033267389781584	0.44033173784446	4.8316196780912	0.016957204110482	0.00014559231676071	0.54271105804506	0.033440651258559	0.44033173784446	4.8200166433552	0.016957204110482	n0	/public4/group_crf/home/cuirf/deepsea/cellpaper/hyphy/Relax_Macrourus_sp/hyphytmp/25889047/	1
N1.HOG0015790	Success	OG0004713	71	0.35216766234877	-3791.4069619899	-3730.8223887744	-3730.3895732444	0.4901052145176	0.86563105992172	0.0036638692431595	0.528742952556	0.18723667490156	0.46228696735035	9999999171.5964	0.0089700800936483	0.063984425444257	0.528742952556	0.43994156536679	0.46228696735035	79625.491765023	0.0089700800936483	n0	/public4/group_crf/home/cuirf/deepsea/cellpaper/hyphy/Relax_Macrourus_sp/hyphytmp/11768346/	0.622243134970225
N1.HOG0026257	Success	OG0013152	70	0.68656484017477	-6706.1112705157	-6632.357682242	-6632.2762675615	0.89830314661197	0.16282936097923	0	0.34438623029995	0.18619265171262	0.6307687775548	6.6456682774286	0.02484499214525	0	0.34438623029995	0.2209047477368	0.6307687775548	5.4813693364113	0.02484499214525	n0	/public4/group_crf/home/cuirf/deepsea/cellpaper/hyphy/Relax_Macrourus_sp/hyphytmp/41259595/	0.962339815131735
N1.HOG0009389	Success	OG0001724	61	0.067984480882831	-3524.899054226	-3493.2270061418	-3491.5614934839	0	3.3310253157706	2.041969662992e-05	0.4564056627761	0.17413587717821	0.52314831483052	5.580088636396	0.020446022393372	1	0.52314831483052	1	0.4564056627761	1	0.020446022393372	n96	/public4/group_crf/home/cuirf/deepsea/cellpaper/hyphy/Relax_Macrourus_sp/hyphytmp/89588625/	0.183316739860497
N1.HOG0005281	Success	OG0000734	75	8.1019853539477e-06	-7473.5829074302	-7243.9093412316	-7233.9525170143	4.6030804596122	19.913648434691	0.0006351404956426	0.27357880446012	0.064261456478553	0.65086411719749	6.1708837670971	0.075557078342393	1.920226532329e-15	0.27357880446012	3.2576208564864e-06	0.65086411719749	4345.4275944264	0.075557078342393	n113	/public4/group_crf/home/cuirf/deepsea/cellpaper/hyphy/Relax_Macrourus_sp/hyphytmp/46781019/	4.43286969365674e-05
N1.HOG0027614	Success	OG0014421	22	0.013338728779456	-1383.3403530037	-1350.8472002048	-1347.7853896488	0.043143068546227	6.123621111999	0.0020583490072609	0.81618023968191	1	0.18381976031809	37.613417030186	0	0.76576756384658	0.81618023968191	1	0.18381976031809	1.1694054726344	0	n0	/public4/group_crf/home/cuirf/deepsea/cellpaper/hyphy/Relax_Macrourus_sp/hyphytmp/11414700/	0.0451101103210736
N1.HOG0017827	Success	OG0005914	638	0	-34911.960227959	-34227.10747783	-34044.255821488	50	365.70331268577	5.7404288163686e-05	0.49159067108019	0.015481993920494	0.45120036049289	1.1339298739534	0.057208968426915	8.8555755871613e-213	0.49159067108019	3.0998781936966e-91	0.45120036049289	536.17907064863	0.057208968426915	n50	/public4/group_crf/home/cuirf/deepsea/cellpaper/hyphy/Relax_Macrourus_sp/hyphytmp/59409147/	0
N1.HOG0023394	Success	OG0010382	169	0.41975258329898	-12378.17853606	-12271.409055302	-12271.083551385	28.625796749596	0.65100783312664	0.0034244583693515	0.67165271982134	0.20032696626171	0.32784246519113	9999999171.5964	0.00050481498753879	2.6651923911843e-71	0.67165271982134	1.0273877689723e-20	0.32784246519113	1.8112002359679e+286	0.00050481498753879	n11	/public4/group_crf/home/cuirf/deepsea/cellpaper/hyphy/Relax_Macrourus_sp/hyphytmp/88332181/	0.706302583846864
N1.HOG0019596	Success	OG0007132	145	0.027735404421192	-7545.6940157183	-7355.465266177	-7353.0430464188	2.8244005670574e-06	4.8444395164406	0	0.45694698534397	0.024993710097389	0.52558144507085	5.2609384382168	0.01747156958518	0	0.45694698534397	0.99998958047036	0.52558144507085	1.0000046893899	0.01747156958518	n0	/public4/group_crf/home/cuirf/deepsea/cellpaper/hyphy/Relax_Macrourus_sp/hyphytmp/77318061/	0.085350039012729
N1.HOG0012007	Success	OG0002717	163	0.32901281461619	-11587.137007171	-11223.377091121	-11222.900701386	1.0499881638161	0.95277947108116	3.2425057734902e-05	0.48599212628689	0.038818756321182	0.50894473306327	26.870325639116	0.0050631406498347	1.9340955691027e-05	0.48599212628689	0.032999730911277	0.50894473306327	31.675221388069	0.0050631406498347	n115	/public4/group_crf/home/cuirf/deepsea/cellpaper/hyphy/Relax_Macrourus_sp/hyphytmp/12472775/	0.589780126411419
N1.HOG0004456	Success	OG0000559	144	0.00023649553610261	-11664.160198001	-11068.089513347	-11061.331344672	3.1011745807101	13.516337350167	7.1496307112342e-06	0.65121011066726	0.052731536109748	0.32044685475086	7.2952027147004	0.028343034581886	1.1021358599424e-16	0.65121011066726	0.00010887227032087	0.32044685475086	474.7112635371	0.028343034581886	n2	/public4/group_crf/home/cuirf/deepsea/cellpaper/hyphy/Relax_Macrourus_sp/hyphytmp/35636345/	0.00104716322428939
N1.HOG0012025	Success	OG0002727	148	1.1397771615407e-11	-12849.214867448	-12536.495502632	-12513.459430035	26.502929948823	46.072145194052	1.0094592266487e-05	0.59405553041297	0.026520653729719	0.33313334534418	1.1379468566946	0.072811124242849	3.9238731283992e-133	0.59405553041297	1.6609752035247e-42	0.33313334534418	30.71828168277	0.072811124242849	n115	/public4/group_crf/home/cuirf/deepsea/cellpaper/hyphy/Relax_Macrourus_sp/hyphytmp/63410759/	1.05845252082536e-10
N1.HOG0021473	Success	OG0008613	152	0.90653835013764	-6938.4028897097	-6783.3864680676	-6783.3795759862	2.0590861158155	0.01378416276566	0.00026744951261661	0.93680032170133	0.77304727885174	0.061926175367663	268.35219003825	0.0012735029310064	4.3992963408018e-08	0.93680032170133	0.58858154630496	0.061926175367663	100210.45667804	0.0012735029310064	n0	/public4/group_crf/home/cuirf/deepsea/cellpaper/hyphy/Relax_Macrourus_sp/hyphytmp/24628493/	1
N1.HOG0017099	Success	OG0005471	148	0.61411102026818	-16018.381655466	-15700.455515975	-15700.328400108	0.31575462354456	0.25423173363743	0.00015158752771055	0.39023704229143	0.051666737766732	0.43710662174154	1.9340765021619	0.17265633596703	0.062233873358263	0.39023704229143	0.39236515944647	0.43710662174154	1.2315594444774	0.17265633596703	n13	/public4/group_crf/home/cuirf/deepsea/cellpaper/hyphy/Relax_Macrourus_sp/hyphytmp/86306184/	0.902517307802167
N1.HOG0024700	Success	OG0011643	251	0.045576415343542	-20093.227864583	-19629.766841585	-19627.768250791	1.002002002002	3.9971815878962	1.9204772004047e-05	0.35431116504578	0.051377909868488	0.62723090558354	6.0059403490294	0.018457929370676	1.879171993911e-05	0.35431116504578	0.051073474581675	0.62723090558354	6.0275349216549	0.018457929370676	n0	/public4/group_crf/home/cuirf/deepsea/cellpaper/hyphy/Relax_Macrourus_sp/hyphytmp/96099593/	0.130500469267009
N1.HOG0022832	Success	OG0009847	263	0	-26573.150372391	-26017.758476019	-25970.708299118	18.559138036873	94.100353802918	0.00022511360058421	0.42771294418301	0.020322643229837	0.40551408576252	1.3143597505427	0.16677297005447	2.0124276927479e-68	0.42771294418301	3.9588663628895e-32	0.40551408576252	159.67398959177	0.16677297005447	n0	/public4/group_crf/home/cuirf/deepsea/cellpaper/hyphy/Relax_Macrourus_sp/hyphytmp/58043958/	0
N1.HOG0024233	Success	OG0011183	146	0.015964990747745	-11356.433845463	-11072.331068616	-11069.427705668	2.0812166183938	5.8067258967894	0.0046091598335026	0.67033625766234	0.19055321432541	0.31363450990486	15.574929374485	0.016029232432806	1.3724318807625e-05	0.67033625766234	0.031736418535404	0.31363450990486	303.1775132231	0.016029232432806	n0	/public4/group_crf/home/cuirf/deepsea/cellpaper/hyphy/Relax_Macrourus_sp/hyphytmp/95098343/	0.0526446335981303
N1.HOG0005609	Success	OG0000800	70	0.99999659705331	-5669.230735006	-5575.5279876143	-5575.5279876143	1	1.8189894035459e-11	1.9231137089519e-05	0.77199094731026	0.4720170068802	0.22471992684808	28.997221877194	0.0032891258416574	1.9231137089519e-05	0.77199094731026	0.4720170068802	0.22471992684808	28.997221877194	0.0032891258416574	n1	/public4/group_crf/home/cuirf/deepsea/cellpaper/hyphy/Relax_Macrourus_sp/hyphytmp/26906116/	1
N1.HOG0028240	Success	OG0015013	138	0.98519320992055	-5249.6550801502	-5102.7501765662	-5102.7500043549	0.9904076095914	0.00034442254764144	0	0.46153934955027	0.1005866877034	0.45593977466316	3.5833527687156	0.082520875786572	0	0.46153934955027	0.10282732264044	0.45593977466316	3.5397501037405	0.082520875786572	n0	/public4/group_crf/home/cuirf/deepsea/cellpaper/hyphy/Relax_Macrourus_sp/hyphytmp/79337264/	1
N1.HOG0022728	Success	OG0009744	202	0	-19563.344463814	-19114.580929767	-19050.707750009	44.051175472786	127.74635951675	0.00045054741072574	0.51366393624282	0.049897240562927	0.33825811628082	1.3055198745727	0.14807794747636	3.9204462783381e-148	0.51366393624282	4.4539026088663e-58	0.33825811628082	126008.17829755	0.14807794747636	n0	/public4/group_crf/home/cuirf/deepsea/cellpaper/hyphy/Relax_Macrourus_sp/hyphytmp/80041387/	0
N1.HOG0015997	Success	OG0004831	134	0.00016002474136201	-9196.0445402444	-9081.8865637983	-9074.7613517301	0	14.250424136408	0	0.8043589013696	0.76244642687912	0.195093896905	80.862484199153	0.00054720172540481	1	0.8043589013696	1	0.195093896905	1	0.00054720172540481	n4	/public4/group_crf/home/cuirf/deepsea/cellpaper/hyphy/Relax_Macrourus_sp/hyphytmp/93812133/	0.000731176876755141
N1.HOG0013048	Success	OG0003242	74	0.89289218429503	-6474.0304860618	-6350.0950820611	-6350.086017359	0.70106807656967	0.018129404219508	0.0015472395117465	0.59272665412741	0.020719079032216	0.2465422104079	NA	NA	0.010707510660725	0.59272665412741	1.2480768713495	0.16073113546469	NA	NA	n1	/public4/group_crf/home/cuirf/deepsea/cellpaper/hyphy/Relax_Macrourus_sp/hyphytmp/39714266/	1
N1.HOG0010614	Success	OG0002148	522	0.25202667076506	-40106.251889708	-38966.438132328	-38965.782115195	1.2287921008835	1.3120342648763	8.8100380864749e-05	0.58447168438305	0.0663141223228	0.40887488136071	17.409521782687	0.00665343425624	1.0404488497545e-05	0.58447168438305	0.035645014283635	0.40887488136071	33.471029459561	0.00665343425624	n135	/public4/group_crf/home/cuirf/deepsea/cellpaper/hyphy/Relax_Macrourus_sp/hyphytmp/30618979/	0.495402540474111
N1.HOG0007223	Success	OG0001116	434	0.44261528283061	-28737.460198509	-27749.623181484	-27749.32843504	1.0623478216229	0.58949288803706	2.5964337800193e-05	0.2834021835846	0.038892689957238	0.70072294700444	20.046706978684	0.015874869410964	1.3442302412649e-05	0.2834021835846	0.031765033814827	0.70072294700444	24.16699152185	0.015874869410964	n1	/public4/group_crf/home/cuirf/deepsea/cellpaper/hyphy/Relax_Macrourus_sp/hyphytmp/47894176/	0.724487859400222
N1.HOG0026385	Success	OG0013273	179	0.10852486853115	-15692.654241489	-15408.541668137	-15407.253882152	0.22141842927557	2.5755719691224	5.7117936271827e-05	0.74403429113434	0.8903160526777	0.25364610055556	6379.9345617209	0.0023196083101073	0.11494001078931	0.74403429113434	0.97460392681652	0.25364610055556	6.9575515380259	0.0023196083101073	n0	/public4/group_crf/home/cuirf/deepsea/cellpaper/hyphy/Relax_Macrourus_sp/hyphytmp/20212834/	0.265971075801021
N1.HOG0018009	Success	OG0006033	129	0.49985183787757	-9847.274753015	-9658.1149647041	-9657.8873392138	0.50998940412596	0.45525098057988	0.00019824507526495	0.45989668241207	0.052046876213832	0.49832947198712	1.8096084813155	0.041773845600811	0.012930414954999	0.45989668241207	0.22150058727528	0.49832947198712	1.3532107164263	0.041773845600811	n0	/public4/group_crf/home/cuirf/deepsea/cellpaper/hyphy/Relax_Macrourus_sp/hyphytmp/50850643/	0.792200606525521
N1.HOG0015096	Success	OG0004316	90	0.91686186027981	-7679.0143252883	-7554.0242892335	-7554.0188408608	0.86850830132531	0.010896745359787	0	0.39917947773808	0.1297953616868	0.46536943042158	2.1025581676098	0.13545109184034	0	0.39917947773808	0.16976893749037	0.46536943042158	1.9068184004586	0.13545109184034	n16	/public4/group_crf/home/cuirf/deepsea/cellpaper/hyphy/Relax_Macrourus_sp/hyphytmp/47435858/	1
N1.HOG0027255	Success	OG0014077	56	0.42565684340904	-2851.6747058785	-2824.203367157	-2823.8860449922	0.48759165614112	0.63464432955698	0.04785871593921	0.019100884227821	0.058582807997943	0.95004292790913	2.9586294519996	0.030856187863047	0.22717472886982	0.019100884227821	0.25071194349715	0.95004292790913	1.6970703046035	0.030856187863047	n0	/public4/group_crf/home/cuirf/deepsea/cellpaper/hyphy/Relax_Macrourus_sp/hyphytmp/57843576/	0.708891745821369
N1.HOG0023520	Success	OG0010502	338	0	-25814.961094161	-25356.75132067	-25297.882751868	1.466768857239e-06	117.73713760341	0	0.61393673521861	0.22252648001161	0.3831168081453	9999999171.5964	0.0029464566360838	0	0.61393673521861	0.99999779587541	0.3831168081453	1.0000337741713	0.0029464566360838	n0	/public4/group_crf/home/cuirf/deepsea/cellpaper/hyphy/Relax_Macrourus_sp/hyphytmp/59482576/	0
N1.HOG0014066	Success	OG0003765	72	5.1736392947532e-14	-4741.8774899775	-4691.7831433987	-4663.4525179097	50	56.661250977957	0.00033907124745755	0.33542325833407	0.02057581419376	0.55317444949055	1.1233151795802	0.11140229217538	3.2700033919835e-174	0.33542325833407	4.6542689120574e-85	0.55317444949055	335.02821351456	0.11140229217538	n2	/public4/group_crf/home/cuirf/deepsea/cellpaper/hyphy/Relax_Macrourus_sp/hyphytmp/21593233/	5.88629954197748e-13
N1.HOG0007308	Success	OG0001136	116	3.7737701852336e-11	-7393.9867415767	-7231.9525779031	-7210.088688159	50	43.72777948815	0	0.23023347809249	0.00061573054372893	0.61832279220486	1.0935906058279	0.15144372970265	0	0.23023347809249	2.9480502361294e-161	0.61832279220486	87.647300543909	0.15144372970265	n1	/public4/group_crf/home/cuirf/deepsea/cellpaper/hyphy/Relax_Macrourus_sp/hyphytmp/24376332/	3.35924206125975e-10
N1.HOG0026274	Success	OG0013168	197	0.090239866114402	-20698.525367376	-20475.421647238	-20473.986602618	0.54316117979471	2.8700892393535	0.00062354346295763	0.45714857663458	0.34953557338239	0.49948543456711	4.4716900730031	0.043365988798316	0.01815917157257	0.45714857663458	0.56499192446202	0.49948543456711	2.2558539226416	0.043365988798316	n0	/public4/group_crf/home/cuirf/deepsea/cellpaper/hyphy/Relax_Macrourus_sp/hyphytmp/81653699/	0.230017937662526
N1.HOG0017851	Success	OG0005930	271	0.95073547362892	-23917.016038735	-23505.722656571	-23505.720747989	1.0336172656978	0.0038171651613084	0.024947717849275	0.79036674043766	0.66658834008132	0.18672259691265	8.5694528273334	0.022910662649688	0.022036538825742	0.79036674043766	0.65756136855556	0.18672259691265	9.2112045032771	0.022910662649688	n0	/public4/group_crf/home/cuirf/deepsea/cellpaper/hyphy/Relax_Macrourus_sp/hyphytmp/60676997/	1
N1.HOG0008879	Success	OG0001582	438	0	-31524.758406853	-31211.327885756	-31083.431729597	50	255.79231231728	0	0.36580409477831	0.045720969177109	0.52808851024028	1.1231309671383	0.10610739498141	0	0.36580409477831	1.0133778143895e-67	0.52808851024028	332.29215801569	0.10610739498141	n195	/public4/group_crf/home/cuirf/deepsea/cellpaper/hyphy/Relax_Macrourus_sp/hyphytmp/63594195/	0
N1.HOG0022526	Success	OG0009558	157	4.7739590058882e-14	-14438.080006367	-14287.654911315	-14259.244227996	27.633825770707	56.821366637982	0.00074064294320492	0.28375673295137	0.049641413748902	0.53661076672166	1.1719558287222	0.17963250032697	3.1283652403767e-87	0.28375673295137	9.1450108449169e-37	0.53661076672166	80.219747736273	0.17963250032697	n0	/public4/group_crf/home/cuirf/deepsea/cellpaper/hyphy/Relax_Macrourus_sp/hyphytmp/16716213/	5.46777438141062e-13
N1.HOG0027293	Success	OG0014113	53	0.99999892389377	-5574.1939285507	-5478.6431909585	-5478.6431909585	1.0018952706549	1.8189894035459e-12	0	0.66765109629467	1	0.33029434800516	9999999171.5964	0.0020545557001687	0	0.66765109629467	1	0.33029434800516	10446063716.145	0.0020545557001687	n0	/public4/group_crf/home/cuirf/deepsea/cellpaper/hyphy/Relax_Macrourus_sp/hyphytmp/91408496/	1
N1.HOG0014147	Success	OG0003808	228	0.72292310367058	-16369.542420769	-16038.686761423	-16038.623906851	1.1472477826615	0.12570914366006	1.7216842454774e-05	0.29151992580382	0.028157578853368	0.6859653716817	2.6324736986953	0.022514702514473	3.4234045424197e-06	0.29151992580382	0.016645684392817	0.6859653716817	3.0357200129442	0.022514702514473	n95	/public4/group_crf/home/cuirf/deepsea/cellpaper/hyphy/Relax_Macrourus_sp/hyphytmp/31151326/	0.976772956427489
N1.HOG0007151	Success	OG0001097	954	1.3026246747927e-12	-65264.966069759	-62846.606981817	-62821.444343155	1.9885291101382	50.32527732286	0.012158380719609	0.91735314794831	0.47822432432092	0.064397035554976	16.818338698646	0.018249816496717	0.00015549615566633	0.91735314794831	0.23064191449963	0.064397035554976	273.84534682515	0.018249816496717	n3	/public4/group_crf/home/cuirf/deepsea/cellpaper/hyphy/Relax_Macrourus_sp/hyphytmp/42335977/	1.32420662206737e-11
N1.HOG0022956	Success	OG0009967	148	0.009131794215768	-12859.874089428	-12600.532490836	-12597.13405699	0.82157196679158	6.7968676921955	0.0001600509240925	0.58564460704947	0.015922827539774	0.34124658273108	1.3999844064295	0.073108810219452	0.00076124584014824	0.58564460704947	0.03332960696279	0.34124658273108	1.3184107134959	0.073108810219452	n0	/public4/group_crf/home/cuirf/deepsea/cellpaper/hyphy/Relax_Macrourus_sp/hyphytmp/20516522/	0.032148406685839
N1.HOG0012600	Success	OG0003003	355	0.55080612433279	-24555.021012574	-24041.226026906	-24041.048089402	0.48863024804768	0.35587500709516	0.010105250974465	0.91824397829471	1	0.078589799758699	9999999171.5964	0.0031662219465866	0.10591594771024	0.91824397829471	1	0.078589799758699	76966.628510682	0.0031662219465866	n1	/public4/group_crf/home/cuirf/deepsea/cellpaper/hyphy/Relax_Macrourus_sp/hyphytmp/93515858/	0.843391195725252
N1.HOG0002583	Success	OG0000295	49	0.77073992127444	-2154.1940255787	-2159.719092771	-2159.6766336978	0.65289688335045	0.084918146553719	0.11740386748385	0.8827826353052	1	0.10968473974137	NA	NA	0.24590164251528	0.0075326249534359	0.24694403535682	0.8827826353052	NA	NA	n140	/public4/group_crf/home/cuirf/deepsea/cellpaper/hyphy/Relax_Macrourus_sp/hyphytmp/79562776/	0.998590637065979
N1.HOG0016176	Success	OG0004939	142	5.3944626543512e-12	-5748.2224906407	-5608.7954890306	-5585.0264212258	3.2174046540933e-06	47.538135609655	0	0.55384411513124	0.07779828363985	0.42936247379251	8.9508092309368	0.016793411076253	0	0.55384411513124	0.99999178395369	0.42936247379251	1.000007051752	0.016793411076253	n0	/public4/group_crf/home/cuirf/deepsea/cellpaper/hyphy/Relax_Macrourus_sp/hyphytmp/98884210/	5.17747868166221e-11
N1.HOG0026513	Success	OG0013396	118	0.71682267061521	-8394.0356243524	-8226.6259771969	-8226.5601984791	0.28215659090825	0.13155743544121	0.00020328199487755	0.87927141210653	0.53694096695489	0.11742069918771	9999999171.5964	0.0033078887057533	0.090845992835967	0.87927141210653	0.83906768104937	0.11742069918771	663.07995439532	0.0033078887057533	n0	/public4/group_crf/home/cuirf/deepsea/cellpaper/hyphy/Relax_Macrourus_sp/hyphytmp/78450723/	0.97493203711678
N1.HOG0024744	Success	OG0011681	302	0.74400297312067	-22818.020883168	-22523.940127248	-22523.886807511	1.0116150513051	0.10663947236026	5.3378766350742e-05	0.41019869587712	0.037856813050099	0.5505844248184	1.4830366269379	0.039216879304483	4.7614770870705e-05	0.41019869587712	0.036444258679708	0.5505844248184	1.4898406333268	0.039216879304483	n0	/public4/group_crf/home/cuirf/deepsea/cellpaper/hyphy/Relax_Macrourus_sp/hyphytmp/46107587/	0.983228544477932
N1.HOG0000941	Success	OG0000082	132	0.9922962418233	-6622.1280633252	-6536.6476335814	-6536.6475869682	1.0007643688852	9.3226344688446e-05	0	0.28576622503269	0.026188508635157	0.55535789130287	1.4236915405422	0.15887588366444	0	0.28576622503269	0.026115696948258	0.55535789130287	1.4240760115647	0.15887588366444	n4	/public4/group_crf/home/cuirf/deepsea/cellpaper/hyphy/Relax_Macrourus_sp/hyphytmp/43691947/	1
N1.HOG0025388	Success	OG0012311	123	2.6768320893211e-10	-10769.91017578	-10603.189428049	-10583.240815544	1.5168115190124e-06	39.897225009154	0	0.49071852521276	0.08897051211282	0.4769105589224	2.6392899744269	0.032370915864835	0	0.49071852521276	0.99999633015667	0.4769105589224	1.0000014720817	0.032370915864835	n0	/public4/group_crf/home/cuirf/deepsea/cellpaper/hyphy/Relax_Macrourus_sp/hyphytmp/45882942/	2.28795896987744e-09
N1.HOG0019941	Success	OG0007374	178	0.0017258385975133	-14144.815022136	-13761.174075606	-13756.263859921	5.2382806681806e-07	9.8204313692695	0	0.61829020675705	0.11676854555549	0.37592958218089	9999999171.5964	0.0057802110620585	0	0.61829020675705	0.99999887504762	0.37592958218089	1.0000120616597	0.0057802110620585	n2	/public4/group_crf/home/cuirf/deepsea/cellpaper/hyphy/Relax_Macrourus_sp/hyphytmp/54109395/	0.00692754838908376
N1.HOG0005087	Success	OG0000684	248	0.29158892851282	-19524.076438286	-19142.852020214	-19142.295884974	1.0519692350733	1.1122704807931	2.3026520909365e-05	0.51735848973087	0.084967263113906	0.44908620716254	2.822731747322	0.033555303106598	1.3219251910437e-05	0.51735848973087	0.074749046233068	0.44908620716254	2.9791375984512	0.033555303106598	n232	/public4/group_crf/home/cuirf/deepsea/cellpaper/hyphy/Relax_Macrourus_sp/hyphytmp/90257309/	0.54629201655946
N1.HOG0024299	Success	OG0011247	256	0.00018687233047232	-25471.057357138	-24940.88361992	-24933.904277412	3.9674392501549	13.958685015525	0.00014290331085102	0.50888894084957	0.13627416981452	0.4252572437568	2.4747207416152	0.065853815393632	5.5637021155587e-16	0.50888894084957	0.00036799195470731	0.4252572437568	36.415919909981	0.065853815393632	n0	/public4/group_crf/home/cuirf/deepsea/cellpaper/hyphy/Relax_Macrourus_sp/hyphytmp/15470120/	0.000847088822563181
N1.HOG0002818	Success	OG0000319	225	0.1844463298415	-21433.427380645	-20919.37140176	-20918.490687079	0	1.7614293610459	0.00054651790972724	0.47856842589383	0.043016807335764	0.36174778585022	1.2433389377045	0.15968378825595	1	0.47856842589383	1	0.36174778585022	1	0.15968378825595	n255	/public4/group_crf/home/cuirf/deepsea/cellpaper/hyphy/Relax_Macrourus_sp/hyphytmp/48864733/	0.398958979180662
N1.HOG0016550	Success	OG0005152	70	0.60636516088304	-8337.840539561	-8156.8861762508	-8156.7534252553	0.62480861785492	0.2655019911017	0.00084755254642713	0.26538560260894	0.18357519585515	0.66865037961034	7.1779408808101	0.065964017780715	0.012041817465065	0.26538560260894	0.34675652576033	0.66865037961034	3.4263845260672	0.065964017780715	n0	/public4/group_crf/home/cuirf/deepsea/cellpaper/hyphy/Relax_Macrourus_sp/hyphytmp/84332216/	0.895521527528606
N1.HOG0013470	Success	OG0003460	261	0.85788276939057	-11591.172093823	-11235.461487794	-11235.445454769	0.85935061034603	0.032066050480353	2.1946973266834e-05	0.52929465139138	0.010593460849398	0.43723205547236	2.0383276291817	0.03347329313626	9.9221879396859e-05	0.52929465139138	0.020082375564439	0.43723205547236	1.8440589199903	0.03347329313626	n90	/public4/group_crf/home/cuirf/deepsea/cellpaper/hyphy/Relax_Macrourus_sp/hyphytmp/49680561/	1
N1.HOG0016161	Success	OG0004928	293	0.78166373477456	-22358.972058944	-22033.865569834	-22033.827163341	7.7159496909885	0.076812985695142	0.023740598086012	0.74377978308729	1	0.25346876771955	125881.05730592	0.0027514491931662	2.9199495175969e-13	0.74377978308729	1	0.25346876771955	2.2440768913634e+39	0.0027514491931662	n0	/public4/group_crf/home/cuirf/deepsea/cellpaper/hyphy/Relax_Macrourus_sp/hyphytmp/52213872/	1
N1.HOG0011040	Success	OG0002312	225	0.22329417146654	-18606.250886947	-18365.238033866	-18364.496496821	0.096968181112964	1.483074088188	2.3970193495426e-05	0.53389124167682	0.19932278659828	0.43894764572535	3.6028795982062	0.027161112597828	0.35643074066795	0.53389124167682	0.85522288065135	0.43894764572535	1.132341211375	0.027161112597828	n107	/public4/group_crf/home/cuirf/deepsea/cellpaper/hyphy/Relax_Macrourus_sp/hyphytmp/70650821/	0.45585911105325
N1.HOG0012406	Success	OG0002912	220	0.79984387491329	-15166.116462621	-14763.522968205	-14763.490824616	1.2207686483429	0.064287178360246	0.00023153471084104	0.49828481157525	0.034037807209696	0.48206496483264	3.2017011473349	0.019650223592108	3.6478529252947e-05	0.49828481157525	0.016138557544274	0.48206496483264	4.1395489826291	0.019650223592108	n138	/public4/group_crf/home/cuirf/deepsea/cellpaper/hyphy/Relax_Macrourus_sp/hyphytmp/31834064/	1
N1.HOG0011321	Success	OG0002422	109	0.55399657838272	-6956.6771023718	-6849.9955779354	-6849.8204749679	0.79817918150012	0.35020593511945	2.947313299672e-05	0.59329929803633	0.16251347851403	0.29782769294187	1.2387760774254	0.1088730090218	0.00024198608619722	0.59329929803633	0.23450296391971	0.29782769294187	1.1863830271882	0.1088730090218	n109	/public4/group_crf/home/cuirf/deepsea/cellpaper/hyphy/Relax_Macrourus_sp/hyphytmp/32559186/	0.846014330365789
N1.HOG0000459	Success	OG0000036	488	0.00029188489844423	-37377.158851513	-36647.669555208	-36641.108672631	1.7260776340732	13.12176515405	0.00097684319732838	0.69931987532455	0.40347564059602	0.28972482282013	12.363712146524	0.01095530185532	6.3709472623299e-06	0.69931987532455	0.20874212099657	0.28972482282013	76.75978751175	0.01095530185532	n278	/public4/group_crf/home/cuirf/deepsea/cellpaper/hyphy/Relax_Macrourus_sp/hyphytmp/87788421/	0.0012825019322946
N1.HOG0015876	Success	OG0004761	98	0.010143056721062	-5845.6392136505	-5678.7846018169	-5675.4798029082	3.8528198029373	6.6095978174235	0.00041207371691916	0.59520174367282	0.055100678749826	0.38835809242723	11.441695575383	0.016440163899946	9.0804698171493e-14	0.59520174367282	1.4122271713029e-05	0.38835809242723	11972.166001427	0.016440163899946	n97	/public4/group_crf/home/cuirf/deepsea/cellpaper/hyphy/Relax_Macrourus_sp/hyphytmp/39887935/	0.0352748409853938
N1.HOG0009473	Success	OG0001750	518	0.47537134383206	-24248.781155526	-23643.138821233	-23642.884089654	0.80483269648057	0.50946315676993	4.1426053730338e-05	0.49060368108429	0.033683221090873	0.50431324469949	32.097120487278	0.0050830742162185	0.00029691932506767	0.49060368108429	0.065285138488579	0.50431324469949	16.309969589945	0.0050830742162185	n106	/public4/group_crf/home/cuirf/deepsea/cellpaper/hyphy/Relax_Macrourus_sp/hyphytmp/25393697/	0.763259783835027
N1.HOG0010995	Success	OG0002296	118	0.10381149926659	-8002.5567969937	-7925.967811822	-7924.6448170596	0	2.645989524739	1.9623671934254e-05	0.59163367166023	0.11202369414258	0.36793891413515	1	0.040427414204623	1	0.59163367166023	1	0.36793891413515	1	0.040427414204623	n107	/public4/group_crf/home/cuirf/deepsea/cellpaper/hyphy/Relax_Macrourus_sp/hyphytmp/95999301/	0.257412926458161
N1.HOG0007802	Success	OG0001253	59	1.8790880888075e-05	-3302.2757396998	-3182.8861722491	-3173.7321339062	4.8903563743776	18.308076685752	0	0.8626815234457	5.2744946406328e-19	0	2.4705218930863	0.1373184765543	0	0.8626815234457	4.1205068114992e-90	0	83.344463685031	0.1373184765543	n272	/public4/group_crf/home/cuirf/deepsea/cellpaper/hyphy/Relax_Macrourus_sp/hyphytmp/20207266/	9.69451452423809e-05
N1.HOG0026610	Success	OG0013491	67	0.60037611870845	-7319.859970799	-7145.2465600037	-7145.1093455052	1.2554659826386	0.27442899704329	0.00037463385293224	0.32927417265719	0.057225487511616	0.56505264309383	1.7449461151959	0.10567318424899	4.9920642814669e-05	0.32927417265719	0.027554712386026	0.56505264309383	2.0116346222914	0.10567318424899	n0	/public4/group_crf/home/cuirf/deepsea/cellpaper/hyphy/Relax_Macrourus_sp/hyphytmp/24652096/	0.8932602052651
N1.HOG0003679	Success	OG0000455	193	0.00076593441596673	-10765.065612514	-10462.167706726	-10456.506697878	0.55138649611903	11.322017696086	2.1726230872503e-08	0.41985913161934	0.001011782355546	0.54347131694472	1.8874104257869	0.036669551435935	5.9527366980062e-05	0.41985913161934	0.022317496262056	0.54347131694472	1.4194136584605	0.036669551435935	n473	/public4/group_crf/home/cuirf/deepsea/cellpaper/hyphy/Relax_Macrourus_sp/hyphytmp/76259150/	0.00321729908711697
N1.HOG0026789	Success	OG0013651	175	0.39201549563689	-19315.273283235	-19045.581047717	-19045.214707132	1.9831701990659	0.73268116846884	0.00015974305122659	0.39776117507729	0.32326588093638	0.48867521655741	3.4352681002029	0.1135636083653	2.9562394180415e-08	0.39776117507729	0.10650592012956	0.48867521655741	11.558491615483	0.1135636083653	n0	/public4/group_crf/home/cuirf/deepsea/cellpaper/hyphy/Relax_Macrourus_sp/hyphytmp/66340394/	0.672809811692485
N1.HOG0013515	Success	OG0003483	143	0.13626355912297	-16002.88538985	-15636.352623126	-15635.242795925	0.32625642348422	2.2196544026738	0.00039334619720309	0.53358976629386	0.20024622417143	0.43094572537712	9.5262822628929	0.035464508329019	0.077450362706307	0.53358976629386	0.59173993293946	0.43094572537712	2.0863158726989	0.035464508329019	n2	/public4/group_crf/home/cuirf/deepsea/cellpaper/hyphy/Relax_Macrourus_sp/hyphytmp/87530296/	0.315075093638307
N1.HOG0005723	Success	OG0000819	119	0.99842576150533	-3482.4926097785	-3394.1437018475	-3394.1436999011	0.99847359360409	3.8927946661715e-06	0	0.6382203950937	0.0050729244651767	0.36095958895858	NA	NA	0	0.6382203950937	0	0.36095958895858	NA	NA	n3	/public4/group_crf/home/cuirf/deepsea/cellpaper/hyphy/Relax_Macrourus_sp/hyphytmp/89791933/	1
N1.HOG0000502	Success	OG0000040	140	8.1727906845463e-06	-8792.3167863507	-8678.0751397544	-8668.1266331151	0.39245316552883	19.897013278678	0.00088040896074262	0.80174285298178	0.046839272927653	0.19589099441055	1582.4509309835	0.0023661526076664	0.063231246359138	0.80174285298178	0.3007992459302	0.19589099441055	18.013051266062	0.0023661526076664	n242	/public4/group_crf/home/cuirf/deepsea/cellpaper/hyphy/Relax_Macrourus_sp/hyphytmp/88250249/	4.4574140939843e-05
N1.HOG0027302	Success	OG0014122	26	0.94128246535447	-2398.2676620916	-2363.1712587275	-2363.1685459721	1.028131433026	0.0054255109162114	0.00010697842952494	0.2965884384387	0.18318259448681	0.54395374060175	3.25392551111	0.15945782095954	8.2716972494599e-05	0.2965884384387	0.1746417530704	0.54395374060175	3.363739592968	0.15945782095954	n0	/public4/group_crf/home/cuirf/deepsea/cellpaper/hyphy/Relax_Macrourus_sp/hyphytmp/10543455/	1
N1.HOG0023815	Success	OG0010777	231	0	-19804.170913901	-19410.066062741	-19353.716278881	6.1178045340664e-07	112.69956772065	0	0.53383196599567	0.10051206530325	0.40932893558588	3.1143730178687	0.056839098418455	0	0.53383196599567	0.99999859444916	0.40932893558588	1.0000006949999	0.056839098418455	n0	/public4/group_crf/home/cuirf/deepsea/cellpaper/hyphy/Relax_Macrourus_sp/hyphytmp/26817602/	0
N1.HOG0007982	Success	OG0001300	272	0.91689866111904	-22550.034655271	-21868.237925067	-21868.232481534	0.99800199815197	0.010887065596762	0.00021884406312904	0.612917957677	0.073304075464692	0.37024257676975	5.6862037354426	0.016839465553245	0.00022256003806431	0.612917957677	0.073687801053495	0.37024257676975	5.6664919969169	0.016839465553245	n1	/public4/group_crf/home/cuirf/deepsea/cellpaper/hyphy/Relax_Macrourus_sp/hyphytmp/94716642/	1
N1.HOG0026703	Success	OG0013577	37	0.92285615715324	-3683.7840092639	-3657.2855012794	-3657.2808126157	1.0752950205552	0.0093773272856197	0.13072329126878	0.76369473612766	0.25679520629465	0.1051870090385	2.4026830518297	0.13111825483384	0.1121550291843	0.76369473612766	0.23180977569959	0.1051870090385	2.5666168115496	0.13111825483384	n0	/public4/group_crf/home/cuirf/deepsea/cellpaper/hyphy/Relax_Macrourus_sp/hyphytmp/14889909/	1
N1.HOG0019826	Success	OG0007301	322	0.76403495400632	-24304.824228136	-23885.347658865	-23885.302602918	0.99495974104232	0.090111893819994	0.00021163109178616	0.59326588567435	0.10615590386491	0.40334940760574	9999999171.5964	0.0033847067199138	0.00022085106781401	0.59326588567435	0.10736275473681	0.40334940760574	8904250608.2992	0.0033847067199138	n0	/public4/group_crf/home/cuirf/deepsea/cellpaper/hyphy/Relax_Macrourus_sp/hyphytmp/23689040/	0.995520399444872
N1.HOG0014693	Success	OG0004106	191	0.77770251341972	-13917.850664425	-13696.003775382	-13695.963924697	0.73732542706198	0.079701369984832	4.3338330703746e-05	0.58121407849638	0.12533509363117	0.40005778821923	6.1199531158635	0.018728133284382	0.00060667334804464	0.58121407849638	0.21626491099485	0.40005778821923	3.8026764506974	0.018728133284382	n2	/public4/group_crf/home/cuirf/deepsea/cellpaper/hyphy/Relax_Macrourus_sp/hyphytmp/18171571/	1
N1.HOG0025200	Success	OG0012125	74	0.10695026777227	-9301.0331886191	-9048.872374523	-9047.5730160533	2.7166641490315	2.5987169393775	0.0071658641093264	0.47375819200797	0.11180529838498	0.36821969412501	2.8812379993819	0.15802211386702	1.4910252896741e-06	0.47375819200797	0.0026001109175954	0.36821969412501	17.722384579463	0.15802211386702	n0	/public4/group_crf/home/cuirf/deepsea/cellpaper/hyphy/Relax_Macrourus_sp/hyphytmp/81458601/	0.262645801772065
N1.HOG0023704	Success	OG0010677	204	0.040632218310692	-13408.697885226	-13221.012583369	-13218.916939422	0.487965142209	4.1912878928088	0.00012996092741262	0.53487307952813	0.034321406855251	0.45211209014215	2.7007415380073	0.013014830329727	0.012696268877784	0.53487307952813	0.19293312854885	0.45211209014215	1.6238603405147	0.013014830329727	n0	/public4/group_crf/home/cuirf/deepsea/cellpaper/hyphy/Relax_Macrourus_sp/hyphytmp/91385984/	0.11811531481856
N1.HOG0022160	Success	OG0009235	292	0.13009628351398	-17498.54175952	-17000.822467951	-16999.676790332	1.7659288524278	2.2913552392201	8.7108878952726e-05	0.59980450003773	0.067303265138295	0.38482182783157	7.8836092342221	0.015373672130706	6.7676687966758e-08	0.59980450003773	0.008519129009963	0.38482182783157	38.33122583928	0.015373672130706	n0	/public4/group_crf/home/cuirf/deepsea/cellpaper/hyphy/Relax_Macrourus_sp/hyphytmp/12312166/	0.305335266498658
N1.HOG0008036	Success	OG0001309	106	0.00020704128128024	-8054.8708191008	-7808.0415260589	-7801.158487758	50	13.766076601936	1.1723284756364e-05	0.49311128355554	0.091143820140987	0.44143292068431	4.224481369628	0.065455795760151	2.8344297797839e-247	0.49311128355554	9.6908387626635e-53	0.44143292068431	1.9438822697307e+31	0.065455795760151	n4	/public4/group_crf/home/cuirf/deepsea/cellpaper/hyphy/Relax_Macrourus_sp/hyphytmp/67050893/	0.00092629406572774
N1.HOG0019349	Success	OG0006959	197	0.2129920028172	-13876.958832596	-13598.296859741	-13597.521373735	29.747226835266	1.5509720132613	6.2793684195544e-06	0.52937002151545	0.25071548975171	0.46634788490719	51.838753175192	0.0042820935773577	1.7882415414051e-155	0.52937002151545	1.3406205476016e-18	0.46634788490719	1.0144199087653e+51	0.0042820935773577	n2	/public4/group_crf/home/cuirf/deepsea/cellpaper/hyphy/Relax_Macrourus_sp/hyphytmp/80112346/	0.44353971010903
N1.HOG0024722	Success	OG0011663	301	0.78376102415763	-26019.929395584	-25639.394959919	-25639.357306447	1.0432062979886	0.075306944112526	0.00059954957504674	0.58435803444886	0.14299083484093	0.38251693127367	3.1091529240027	0.033125034277471	0.00043511780059625	0.58435803444886	0.13146562069657	0.38251693127367	3.2653318469627	0.033125034277471	n0	/public4/group_crf/home/cuirf/deepsea/cellpaper/hyphy/Relax_Macrourus_sp/hyphytmp/47041452/	1
N1.HOG0006970	Success	OG0001054	265	0.70689117629769	-21015.876778276	-20514.484335078	-20514.413634069	1.2064478175491	0.14140201756527	1.8153966522165e-06	0.61194478463683	0.068455555256726	0.33456683222519	2.2602919475213	0.053488383137979	1.1850829015841e-07	0.61194478463683	0.039353318884541	0.33456683222519	2.6747366816641	0.053488383137979	n227	/public4/group_crf/home/cuirf/deepsea/cellpaper/hyphy/Relax_Macrourus_sp/hyphytmp/78459892/	0.969643657612975
N1.HOG0008071	Success	OG0001322	253	0	-21721.149957992	-21394.305144099	-21305.718788754	50	177.17271069044	0	0.035663630130277	0.0079254817147174	0.83313065039754	1.1280494304323	0.13120571947218	0	0.035663630130277	8.9388863639829e-106	0.83313065039754	413.43432346342	0.13120571947218	n218	/public4/group_crf/home/cuirf/deepsea/cellpaper/hyphy/Relax_Macrourus_sp/hyphytmp/33437056/	0
N1.HOG0025117	Success	OG0012044	484	0.00026582424415689	-46229.204584837	-45855.264833826	-45848.616309558	0.18093722628309	13.297048535096	0.000248276258582	0.65629887332148	0.34058706910124	0.33309810079035	7.7775396329646	0.010603025888162	0.22269454200613	0.65629887332148	0.82292955474899	0.33309810079035	1.4493942119823	0.010603025888162	n0	/public4/group_crf/home/cuirf/deepsea/cellpaper/hyphy/Relax_Macrourus_sp/hyphytmp/35606062/	0.00117400013229187
N1.HOG0023492	Success	OG0010474	67	0.54115636862086	-5344.4727171	-5285.5258411603	-5285.3391407761	1.6636597179812	0.37340076829423	0.0016856295672708	0.55371408228025	0.17295870639518	0.39068641838381	2.1573319555427	0.055599499335939	2.433749553359e-05	0.55371408228025	0.053975355990462	0.39068641838381	3.5935543942169	0.055599499335939	n0	/public4/group_crf/home/cuirf/deepsea/cellpaper/hyphy/Relax_Macrourus_sp/hyphytmp/76480309/	0.838183763432302
N1.HOG0006913	Success	OG0001047	169	0.28106080402434	-11642.5102846	-11167.729291018	-11167.14831435	1.4471116540642	1.1619533353551	0.0032574286127055	0.70916590498905	0.17001991071881	0.25436546007263	7.8015726992338	0.036468634938319	0.00025168207888565	0.70916590498905	0.076992295702018	0.25436546007263	19.54731902766	0.036468634938319	n224	/public4/group_crf/home/cuirf/deepsea/cellpaper/hyphy/Relax_Macrourus_sp/hyphytmp/70778384/	0.53473140787798
N1.HOG0010184	Success	OG0001991	70	0.49510511496691	-5993.4437562432	-5923.5291552898	-5923.2964489068	0.1475573575101	0.46541276608514	6.2277550511881e-05	0.69660993949228	0.94626043559026	0.30171531090885	9999999171.5964	0.0016747495988703	0.23956461617353	0.69660993949228	0.99188243526664	0.30171531090885	29.893279983466	0.0016747495988703	n7	/public4/group_crf/home/cuirf/deepsea/cellpaper/hyphy/Relax_Macrourus_sp/hyphytmp/61755116/	0.785402204536613
N1.HOG0005978	Success	OG0000863	220	0.03673852510097	-12602.959495748	-12417.201266696	-12415.02002069	0.12259379901926	4.3624920104958	2.9416836012373e-05	0.41459197840339	0.02207980751746	0.56915090208262	2.5741997198006	0.016257119513987	0.27827741715598	0.41459197840339	0.62659091044548	0.56915090208262	1.1229028706253	0.016257119513987	n1	/public4/group_crf/home/cuirf/deepsea/cellpaper/hyphy/Relax_Macrourus_sp/hyphytmp/28865168/	0.108448086122795
N1.HOG0015116	Success	OG0004328	63	0.0033211880276566	-3194.4304574434	-3119.7144889174	-3115.4034664982	0	8.6220448383428	0.0018847187993939	0.7890573164513	0.46819918425441	0.20729200647268	9998.9900010095	0.0036506770760178	1	0.20729200647268	1	0.7890573164513	1	0.0036506770760178	n3	/public4/group_crf/home/cuirf/deepsea/cellpaper/hyphy/Relax_Macrourus_sp/hyphytmp/49271575/	0.012679557847809
N1.HOG0026284	Success	OG0013178	500	0.3571887102886	-41169.842489159	-40122.860944747	-40122.437068122	0.76086912335991	0.84775325052033	0	0.39721721897291	0.082054699264988	0.5359586069302	3.7335169311802	0.066824174096889	0	0.39721721897291	0.14920207055494	0.5359586069302	2.7246267512502	0.066824174096889	n0	/public4/group_crf/home/cuirf/deepsea/cellpaper/hyphy/Relax_Macrourus_sp/hyphytmp/10387922/	0.628739963397351
N1.HOG0006047	Success	OG0000876	188	0.091849245231963	-13048.7627118	-12728.424890717	-12727.004060404	0.20115270075464	2.841660625214	5.61911462204e-13	0.41940042933795	0.0052571445138609	0.52050382388506	1.4060467379503	0.060095746776989	0.0034340974193016	0.41940042933795	0.34795468614424	0.52050382388506	1.0709533430803	0.060095746776989	n133	/public4/group_crf/home/cuirf/deepsea/cellpaper/hyphy/Relax_Macrourus_sp/hyphytmp/84288509/	0.233427519687149
N1.HOG0024188	Success	OG0011138	203	0.96864035177449	-19388.004140771	-19036.753552911	-19036.752780131	1.0207113352137	0.0015455603279406	0.00018666663721708	0.47781451599517	0.24910487432879	0.50527137284254	9.709613392247	0.016914111162286	0.00015625557317049	0.47781451599517	0.24203629458835	0.50527137284254	10.177666320049	0.016914111162286	n0	/public4/group_crf/home/cuirf/deepsea/cellpaper/hyphy/Relax_Macrourus_sp/hyphytmp/25333069/	1
N1.HOG0022141	Success	OG0009216	256	0.64581645019894	-22747.438676589	-22123.892772629	-22123.78716493	0.74468669086888	0.2112153989292	1.2724929780218e-05	0.50729091765945	0.023322301801912	0.43457970257101	2.2953546373733	0.058129379769543	0.00022620490872562	0.50729091765945	0.06088370785125	0.43457970257101	1.8566072386734	0.058129379769543	n0	/public4/group_crf/home/cuirf/deepsea/cellpaper/hyphy/Relax_Macrourus_sp/hyphytmp/79798276/	0.928451427495327
N1.HOG0027159	Success	OG0013994	128	0.94528680208374	-9097.3716731678	-8998.0473668818	-8998.045012073	0.99724044072417	0.0047096176349442	0.00048149171607374	0.65675065741974	0.21765148428183	0.34060341502799	2046.4099293556	0.002645927552268	0.00049174891731835	0.65675065741974	0.21856927878131	0.34060341502799	2003.8063749139	0.002645927552268	n0	/public4/group_crf/home/cuirf/deepsea/cellpaper/hyphy/Relax_Macrourus_sp/hyphytmp/62677294/	1
N1.HOG0025090	Success	OG0012017	452	0.61634971982018	-45592.628323237	-45053.617230478	-45053.491714741	1.3667940694198	0.25103147373011	0.00070295604537115	0.47716275134663	0.061128954968096	0.38602929473852	1.1666664919939	0.13680795391484	4.9023026847354e-05	0.47716275134663	0.021930551775142	0.38602929473852	1.2345320980915	0.13680795391484	n0	/public4/group_crf/home/cuirf/deepsea/cellpaper/hyphy/Relax_Macrourus_sp/hyphytmp/88257731/	0.9031092656864
N1.HOG0019364	Success	OG0006969	408	0	-21240.755776412	-20835.434661317	-20721.174484446	0.1617646953444	228.52035374204	0.00012285437719032	0.30139200443477	0.022662783394935	0.69604844043719	9999999171.5964	0.0025595551280356	0.23302443701536	0.30139200443477	0.54193568442926	0.69604844043719	41.461684981866	0.0025595551280356	n2	/public4/group_crf/home/cuirf/deepsea/cellpaper/hyphy/Relax_Macrourus_sp/hyphytmp/61842682/	0
N1.HOG0008304	Success	OG0001386	87	0.26113491441111	-7769.6958592204	-7525.6125029973	-7524.981137848	0.38884910133722	1.2627302987275	1.254138306216e-09	0.45024501270725	0.1077770182812	0.51049991991106	5.5091567158285	0.039255067381688	0.00034562060114302	0.45024501270725	0.42053163187129	0.51049991991106	1.9416470421537	0.039255067381688	n139	/public4/group_crf/home/cuirf/deepsea/cellpaper/hyphy/Relax_Macrourus_sp/hyphytmp/30848866/	0.508074499386508
N1.HOG0014233	Success	OG0003856	184	0.8449231280976	-12850.28177266	-12671.233142889	-12671.214013176	0.82304197447498	0.038259426066361	2.8957008042435e-05	0.56075294630758	0.15210454255302	0.4289211092002	3.942584691904	0.010325944492219	0.00018400634282006	0.56075294630758	0.21226025837215	0.4289211092002	3.0928068343493	0.010325944492219	n2	/public4/group_crf/home/cuirf/deepsea/cellpaper/hyphy/Relax_Macrourus_sp/hyphytmp/25697674/	1
N1.HOG0025240	Success	OG0012163	323	0	-26150.365017982	-25901.744544582	-25820.499655357	50	162.48977844947	0.0012282681527942	0.31641214011401	0.032591155952575	0.51323163747695	1.1103271761938	0.17035622240903	2.9151410192652e-146	0.31641214011401	4.5184368928937e-75	0.51323163747695	187.30461729932	0.17035622240903	n0	/public4/group_crf/home/cuirf/deepsea/cellpaper/hyphy/Relax_Macrourus_sp/hyphytmp/58266584/	0
N1.HOG0017196	Success	OG0005528	89	0.25393929078342	-6650.4647622324	-6541.2197339212	-6540.5689835859	0.63646540644038	1.3015006706046	4.5475847343149e-06	0.40741192022374	0.27895773911272	0.57494923821015	166.69493892934	0.017638841566117	0.0003979809510769	0.40741192022374	0.44371527702841	0.57494923821015	25.952353759729	0.017638841566117	n0	/public4/group_crf/home/cuirf/deepsea/cellpaper/hyphy/Relax_Macrourus_sp/hyphytmp/26529513/	0.4974546198015
N1.HOG0021144	Success	OG0008330	105	0.35347843490969	-9800.3989997001	-9682.8543080775	-9682.4238428384	0.19929447604268	0.86093047814938	1.7939396280452e-05	0.49049677740501	0.2007406342596	0.4488774007626	3.1740805125772	0.060625821832387	0.11326875239875	0.49049677740501	0.72613783482685	0.4488774007626	1.2588375361415	0.060625821832387	n0	/public4/group_crf/home/cuirf/deepsea/cellpaper/hyphy/Relax_Macrourus_sp/hyphytmp/88850439/	0.623486602848919
N1.HOG0013089	Success	OG0003263	190	0.35094446597045	-18620.80257756	-18259.087519469	-18258.652499886	0.96701201074514	0.87003916653339	5.0883541507482e-05	0.56496617159243	0.1544423655887	0.37774229647691	3.4838386021461	0.05729153193067	7.0503180905494e-05	0.56496617159243	0.16425833219006	0.37774229647691	3.3433098097966	0.05729153193067	n9	/public4/group_crf/home/cuirf/deepsea/cellpaper/hyphy/Relax_Macrourus_sp/hyphytmp/53680825/	0.622243134970225
N1.HOG0006292	Success	OG0000922	234	0.0089591375320028	-19864.88371199	-19522.024604477	-19518.609127224	0.45097679618778	6.8309545067095	0.0029507126006009	0.77471183893688	0.62095295154384	0.22037932344441	15.842891776011	0.0049088376187112	0.072276272118075	0.77471183893688	0.80662982067307	0.22037932344441	3.4761419174581	0.0049088376187112	n252	/public4/group_crf/home/cuirf/deepsea/cellpaper/hyphy/Relax_Macrourus_sp/hyphytmp/23098075/	0.031605335277168
N1.HOG0024160	Success	OG0011110	186	0.95809952456515	-11416.757676926	-11186.629496125	-11186.628115971	1.0306910406479	0.0027603064518189	0.00032130146051874	0.9053170832839	0.91296872127026	0.088819761124687	17.415178442939	0.0058631555914112	0.00025101878051397	0.9053170832839	0.91042096294915	0.088819761124687	19.011364926173	0.0058631555914112	n0	/public4/group_crf/home/cuirf/deepsea/cellpaper/hyphy/Relax_Macrourus_sp/hyphytmp/79223836/	1
N1.HOG0004065	Success	OG0000506	90	0.00020333624305757	-5932.5315297702	-5738.7332608993	-5731.8332609602	0.47337985161912	13.799999878227	0.00021288547050245	0.69059975248644	0.063693434009438	0.30286547742905	4644.1282345934	0.0065347700845102	0.018273355722405	0.69059975248644	0.27157044858368	0.30286547742905	54.430029230398	0.0065347700845102	n302	/public4/group_crf/home/cuirf/deepsea/cellpaper/hyphy/Relax_Macrourus_sp/hyphytmp/35220172/	0.000912093121600275
N1.HOG0026944	Success	OG0013798	114	0.84756964101766	-6585.9936889481	-6439.6632180993	-6439.6447437764	0.70583652346889	0.036948645838493	3.3722466243722e-05	0.70601655168137	0.13583190610704	0.21956119369487	2.4281049633067	0.074422254623764	0.00069733606419613	0.70601655168137	0.2443661244885	0.21956119369487	1.8704058073544	0.074422254623764	n6	/public4/group_crf/home/cuirf/deepsea/cellpaper/hyphy/Relax_Macrourus_sp/hyphytmp/15441293/	1
N1.HOG0020986	Success	OG0008197	202	0.0034159351174786	-18853.669086752	-18550.727269034	-18546.441859663	0	8.5708187428463	0.0091278489578792	0.81074849389564	1	0.18846809673021	214.24186574005	0.00078340937415697	1	0.81074849389564	1	0.18846809673021	1	0.00078340937415697	n0	/public4/group_crf/home/cuirf/deepsea/cellpaper/hyphy/Relax_Macrourus_sp/hyphytmp/24861753/	0.0130123648155837
N1.HOG0010219	Success	OG0001999	89	0.68737943037532	-9286.951481282	-9043.753463316	-9043.6724948362	2.6931267504002	0.16193695965194	0	0.77366851701407	1	0.2156548306528	17.908676220688	0.010676652333137	0	0.77366851701407	1	0.2156548306528	2369.5113353727	0.010676652333137	n118	/public4/group_crf/home/cuirf/deepsea/cellpaper/hyphy/Relax_Macrourus_sp/hyphytmp/36226344/	0.962339815131735
N1.HOG0022796	Success	OG0009811	105	2.5371937217855e-08	-8906.5743339041	-8718.3472487156	-8702.8309051867	0.25207793386417	31.032687057781	4.5138982410907e-06	0.34817688553036	0.03361031163474	0.55010335774362	1.7471958416602	0.10171975672602	0.044929382851479	0.34817688553036	0.42516376299495	0.55010335774362	1.151036158307	0.10171975672602	n0	/public4/group_crf/home/cuirf/deepsea/cellpaper/hyphy/Relax_Macrourus_sp/hyphytmp/52533319/	1.846991022893e-07
N1.HOG0012492	Success	OG0002953	126	0.94588767904168	-9538.1726482284	-9331.997334241	-9331.9950309497	0.998001998002	0.0046065826463746	0.0002251994727262	0.68785033517385	0.22127053790301	0.30705358491515	17.630652402124	0.0050960799110004	0.0002290102638014	0.68785033517385	0.22193839222998	0.30705358491515	17.529855510621	0.0050960799110004	n96	/public4/group_crf/home/cuirf/deepsea/cellpaper/hyphy/Relax_Macrourus_sp/hyphytmp/77987661/	1
N1.HOG0005408	Success	OG0000764	37	3.7143466080636e-10	-729.25755388057	-736.82053563138	-717.19177466361	50	39.25752193554	0	0.92840400369735	0	0.0010613822100786	1.2094254320457	0.070534614092571	0	0.92840400369735	0	0.0010613822100786	13457.204122743	0.070534614092571	n133	/public4/group_crf/home/cuirf/deepsea/cellpaper/hyphy/Relax_Macrourus_sp/hyphytmp/56967696/	3.14347166140555e-09
N1.HOG0027795	Success	OG0014589	40	0.51833331880072	-2240.7817737038	-2216.7036453449	-2216.4950411683	0.22800324163166	0.41720835331034	0.028849047533852	0.58975169527822	0.40205525065016	0.38801245573152	9.5393686033352	0.022235848990265	0.44555875893653	0.58975169527822	0.81241113178073	0.38801245573152	1.672374939218	0.022235848990265	n0	/public4/group_crf/home/cuirf/deepsea/cellpaper/hyphy/Relax_Macrourus_sp/hyphytmp/36779100/	0.81398230502709
N1.HOG0025442	Success	OG0012365	90	0.028724149561488	-7866.9564023203	-7723.0596139233	-7720.6675787732	5.9430566680246e-07	4.7840703002275	0	0.46786675778968	0.23287578562234	0.50525340236606	8.9473981571469	0.026879839844259	0	0.46786675778968	0.9999991339484	0.50525340236606	1.0000013023402	0.026879839844259	n0	/public4/group_crf/home/cuirf/deepsea/cellpaper/hyphy/Relax_Macrourus_sp/hyphytmp/58627295/	0.087343138817108
N1.HOG0027009	Success	OG0013858	143	0.071960676137956	-10843.126207567	-10759.931517517	-10758.312657058	1.9638883854473	3.2377209163533	0.094777784409458	0.80371966092375	1	0.18460119632892	15.912351443951	0.011679142747326	0.0097806086703024	0.80371966092375	1	0.18460119632892	229.1248302536	0.011679142747326	n0	/public4/group_crf/home/cuirf/deepsea/cellpaper/hyphy/Relax_Macrourus_sp/hyphytmp/97805881/	0.191136674470432
N1.HOG0007573	Success	OG0001202	167	0.99306217276175	-12581.498131209	-12259.188875002	-12259.188837197	0.99524293992291	7.5609747000271e-05	2.1007951805032e-05	0.54502115439175	0.030378175089402	0.45087882883074	306915.35995471	0.0041000167775049	2.2112376182953e-05	0.54502115439175	0.030887319903382	0.45087882883074	289012.44664433	0.0041000167775049	n13	/public4/group_crf/home/cuirf/deepsea/cellpaper/hyphy/Relax_Macrourus_sp/hyphytmp/19865902/	1
N1.HOG0008527	Success	OG0001463	252	0.79265282227325	-24493.379569613	-24147.413937651	-24147.379388029	0.68403531253084	0.06909924383217	0.00077871757955514	0.2774382327489	0.059588564687746	0.62186004838767	1.7150985789741	0.10070171886344	0.0074747062929654	0.2774382327489	0.14526740829542	0.62186004838767	1.4463120645276	0.10070171886344	n154	/public4/group_crf/home/cuirf/deepsea/cellpaper/hyphy/Relax_Macrourus_sp/hyphytmp/35361740/	1
N1.HOG0025360	Success	OG0012283	55	0.14278169442014	-5741.7958778662	-5674.8988120703	-5673.8249515822	1.4691881002848	2.1477209762797	0.0072447000639752	0.37321324544439	0.31239691435289	0.58408181662559	6.7597478924493	0.042704937930025	0.00071774049788014	0.37321324544439	0.18097940194223	0.58408181662559	16.570057416064	0.042704937930025	n0	/public4/group_crf/home/cuirf/deepsea/cellpaper/hyphy/Relax_Macrourus_sp/hyphytmp/85711486/	0.324956713268036
N1.HOG0015614	Success	OG0004619	75	3.5291849873609e-06	-8568.9447825307	-8322.393928669	-8311.6414590741	4.1715731722656	21.504939189927	0.0013515426699602	0.19164500952399	0.097545277191125	0.61144649408682	4.8468623270127	0.19690849638919	1.0741041792259e-12	0.19164500952399	6.0729526928571e-05	0.61144649408682	723.51809940637	0.19690849638919	n1	/public4/group_crf/home/cuirf/deepsea/cellpaper/hyphy/Relax_Macrourus_sp/hyphytmp/71985979/	2.02104660276201e-05
N1.HOG0004437	Success	OG0000556	80	1	-5144.2358845291	-5075.5528771932	-5075.5528771932	0.92820372458171	0	0.0016534381178587	0.6684052534529	0.040020065517797	0.30668262574116	1.9921193152055	0.024912120805949	0.0026187698406069	0.6684052534529	0.050423042085395	0.30668262574116	1.8959444965275	0.024912120805949	n3	/public4/group_crf/home/cuirf/deepsea/cellpaper/hyphy/Relax_Macrourus_sp/hyphytmp/28199768/	1
N1.HOG0019246	Success	OG0006871	131	0.95632877650127	-7047.0345448079	-6853.4615565235	-6853.4600571335	0.98509585795855	0.0029987801462994	8.1308535169325e-05	0.4928006865756	0.16073049776104	0.4753943026019	7.5961845643114	0.031805010822502	9.3560395491338e-05	0.4928006865756	0.16516982685391	0.4753943026019	7.3700593927197	0.031805010822502	n1	/public4/group_crf/home/cuirf/deepsea/cellpaper/hyphy/Relax_Macrourus_sp/hyphytmp/21551518/	1
N1.HOG0021042	Success	OG0008244	284	0.69984806861264	-26614.096694391	-26032.85177331	-26032.777458329	0.57184986021371	0.14862996208831	0.0001244698961097	0.45825366229377	0.055747714687484	0.5091443113568	4.3211800189029	0.032602026349429	0.0058474037414029	0.45825366229377	0.19188018322132	0.5091443113568	2.3092402587945	0.032602026349429	n0	/public4/group_crf/home/cuirf/deepsea/cellpaper/hyphy/Relax_Macrourus_sp/hyphytmp/52761914/	0.968943647003923
N1.HOG0024196	Success	OG0011146	201	1.1102230246252e-16	-18477.94121358	-18123.891684797	-18089.581369034	9.9370665623326	68.620631526581	2.4246466887818e-06	0.56304434451697	0.096624817658841	0.37062316930298	1.9526979363723	0.066332486180041	1.5844480790704e-56	0.56304434451697	8.2178598711619e-11	0.37062316930298	772.78735836882	0.066332486180041	n0	/public4/group_crf/home/cuirf/deepsea/cellpaper/hyphy/Relax_Macrourus_sp/hyphytmp/51527959/	1.64427858302249e-15
N1.HOG0025313	Success	OG0012236	432	0.60115249743071	-39208.074654326	-38603.388427133	-38603.251796551	1.2615269272135	0.27326116486802	1.9587912855113e-05	0.4363667341883	0.031815524560024	0.49942203784408	1.2323811086073	0.064211227967622	1.1500488664634e-06	0.4363667341883	0.012913349038754	0.49942203784408	1.3015992862551	0.064211227967622	n0	/public4/group_crf/home/cuirf/deepsea/cellpaper/hyphy/Relax_Macrourus_sp/hyphytmp/61981469/	0.8932602052651
N1.HOG0022566	Success	OG0009596	76	0.46505531359121	-5804.5935705209	-5695.7525050697	-5695.485654915	1.3239248753518	0.53370030957194	0.00081004591979809	0.25348025464451	0.081442377945814	0.65891018368787	2.5652642952934	0.087609561667621	8.0741908181257e-05	0.25348025464451	0.036144965290214	0.65891018368787	3.4806486510539	0.087609561667621	n0	/public4/group_crf/home/cuirf/deepsea/cellpaper/hyphy/Relax_Macrourus_sp/hyphytmp/26439879/	0.750906981907612
N1.HOG0025333	Success	OG0012256	170	0	-17887.86103493	-17629.764791369	-17506.237163017	0.54523376779751	247.05525670367	2.9667965205068e-09	0.50651134276096	0.14179420940019	0.46052778873591	3.7566571529385	0.032960868503127	2.2408011837158e-05	0.50651134276096	0.34471133558434	0.46052778873591	2.0577907993341	0.032960868503127	n0	/public4/group_crf/home/cuirf/deepsea/cellpaper/hyphy/Relax_Macrourus_sp/hyphytmp/99830300/	0
N1.HOG0023474	Success	OG0010456	191	0	-14690.730510048	-14592.059230993	-14534.334777992	50	115.44890600294	0.027267183823049	0.45259567075722	0.031046391865228	0.43536678191448	1.1036947687717	0.1120375473283	6.0536080503002e-79	0.45259567075722	3.9861784854883e-76	0.43536678191448	138.81909397923	0.1120375473283	n0	/public4/group_crf/home/cuirf/deepsea/cellpaper/hyphy/Relax_Macrourus_sp/hyphytmp/90285317/	0
N1.HOG0013971	Success	OG0003718	636	0.0089028699325716	-37053.229050451	-36474.483621991	-36471.062517673	0.54607602406347	6.8422086352075	8.3095304745665e-05	0.66760440955584	0.10033781073061	0.33102406399246	56.020916363968	0.0013715264516961	0.0059126006989311	0.66760440955584	0.28492054756686	0.33102406399246	9.0101522700749	0.0013715264516961	n105	/public4/group_crf/home/cuirf/deepsea/cellpaper/hyphy/Relax_Macrourus_sp/hyphytmp/74880802/	0.0314714620250165
N1.HOG0014776	Success	OG0004149	121	0.99462117931807	-8666.673682296	-8445.6779484702	-8445.6779257469	0.51598737101976	4.544651528704e-05	0	0.36728072959748	0.0025393471541367	0.54003960117652	1.960064081582	0.092679669226	0	0.36728072959748	0.045800410194029	0.54003960117652	1.4151672462767	0.092679669226	n107	/public4/group_crf/home/cuirf/deepsea/cellpaper/hyphy/Relax_Macrourus_sp/hyphytmp/53423899/	1
N1.HOG0027408	Success	OG0014219	59	0.00038975421784071	-5683.5361036891	-5594.8309239602	-5588.5405823357	4.5006063617604e-06	12.580683248931	0	0.42674286969474	0.15305426707087	0.45426363900236	3.4702496977947	0.11899349130291	0	0.42674286969474	0.99999155256526	0.45426363900236	1.0000055997896	0.11899349130291	n0	/public4/group_crf/home/cuirf/deepsea/cellpaper/hyphy/Relax_Macrourus_sp/hyphytmp/85086338/	0.00167818984022642
N1.HOG0007832	Success	OG0001260	183	8.9317442331094e-13	-13904.081182293	-13557.584306399	-13532.051334649	34.717334229802	51.065943500962	0.00012747418945124	0.70319184311541	0.028903070090893	0.26050344541996	1.2383683143284	0.036304711464633	6.1750842566303e-136	0.70319184311541	3.6989428280406e-54	0.26050344541996	1673.0103515619	0.036304711464633	n212	/public4/group_crf/home/cuirf/deepsea/cellpaper/hyphy/Relax_Macrourus_sp/hyphytmp/57642681/	9.1621551615414e-12
N1.HOG0025126	Success	OG0012053	240	0.96585410784338	-21541.39673597	-21257.558764955	-21257.557848667	1.0753690062947	0.0018325763012399	0	0.30665418593604	0.037563186870827	0.43391430634021	1.1273907267145	0.25943150772375	0	0.30665418593604	0.029332136103769	0.43391430634021	1.1376253432315	0.25943150772375	n0	/public4/group_crf/home/cuirf/deepsea/cellpaper/hyphy/Relax_Macrourus_sp/hyphytmp/16631398/	1
N1.HOG0027268	Success	OG0014089	38	0.021405145630491	-3354.9294734429	-3321.5442838844	-3318.8975333611	6.802448216789	5.2935010467281	0.00052940064526593	0.22128860201703	0.13712114826085	0.63466670333402	1.6964034363207	0.14404469464894	5.1726546635602e-23	0.22128860201703	1.3495769313595e-06	0.63466670333402	36.421691629533	0.14404469464894	n0	/public4/group_crf/home/cuirf/deepsea/cellpaper/hyphy/Relax_Macrourus_sp/hyphytmp/37025823/	0.0682264196534017
N1.HOG0010699	Success	OG0002177	119	0.74910362116392	-11709.740985954	-11455.744748978	-11455.69360607	0.97437968640229	0.10228581478805	0.00010290193209961	0.47656418704326	0.13602740340863	0.44280423990635	2.4255359141852	0.080631573050391	0.00013019265658531	0.47656418704326	0.14316048832883	0.44280423990635	2.3710942387649	0.080631573050391	n107	/public4/group_crf/home/cuirf/deepsea/cellpaper/hyphy/Relax_Macrourus_sp/hyphytmp/68353051/	0.987689962516972
N1.HOG0023414	Success	OG0010400	135	0.91572439249975	-14750.528472268	-14475.981068666	-14475.975469627	1.1002309546558	0.011198079308087	0.0023098196806448	0.4954627946937	0.10686503611334	0.4182328680317	2.3637634985579	0.086304337274603	0.001256976016306	0.4954627946937	0.085407282886073	0.4182328680317	2.5766219947886	0.086304337274603	n2	/public4/group_crf/home/cuirf/deepsea/cellpaper/hyphy/Relax_Macrourus_sp/hyphytmp/32490185/	1
N1.HOG0018892	Success	OG0006634	218	0.11621675789558	-13055.593125978	-12636.31392227	-12635.080132426	2.6609647716369	2.4675796894007	3.1825490655656e-05	0.4724267220191	0.079568632825688	0.51175355790676	17.094626668306	0.015819720074135	1.079053535546e-12	0.4724267220191	0.0011882639188444	0.51175355790676	1908.0775372468	0.015819720074135	n0	/public4/group_crf/home/cuirf/deepsea/cellpaper/hyphy/Relax_Macrourus_sp/hyphytmp/22379966/	0.2783625829715
N1.HOG0016084	Success	OG0004884	108	0.31418864146141	-5198.2512338719	-5122.6270425308	-5122.1205497283	2.2883498355699	1.0129856050444	0.00010250100949139	0.46211706343298	0.16845368522953	0.41955673824533	2.5825342141759	0.11832619832169	7.4327649838168e-10	0.46211706343298	0.016979184085048	0.41955673824533	8.7681018984353	0.11832619832169	n0	/public4/group_crf/home/cuirf/deepsea/cellpaper/hyphy/Relax_Macrourus_sp/hyphytmp/52777698/	0.573619645091076
N1.HOG0023959	Success	OG0010915	284	0.39972619661903	-24456.348969583	-23995.98450523	-23995.629930322	1.2645635097154	0.70914981706301	0.00023609708660389	0.39682769314211	0.1030830622663	0.59011859217681	9999999171.5964	0.013053714681081	2.5914495299977e-05	0.39682769314211	0.056508357398026	0.59011859217681	4422166106832	0.013053714681081	n0	/public4/group_crf/home/cuirf/deepsea/cellpaper/hyphy/Relax_Macrourus_sp/hyphytmp/27766473/	0.681955914390758
N1.HOG0012392	Success	OG0002907	165	0	-13812.593530861	-13633.431146253	-13594.627807545	50	77.606677414537	4.5773002199758e-05	0.34456226588802	0.032645471654023	0.55107074168543	1.1210649281209	0.10436699242655	1.0726793308751e-217	0.34456226588802	4.9107449472837e-75	0.55107074168543	303.06676014687	0.10436699242655	n2	/public4/group_crf/home/cuirf/deepsea/cellpaper/hyphy/Relax_Macrourus_sp/hyphytmp/62480035/	0
N1.HOG0009014	Success	OG0001611	73	0.96520398135241	-4801.0418842426	-4726.0387057552	-4726.0377542208	1.0528482258015	0.0019030686253245	0	0.64884025265012	0.11320592657825	0.33462517787126	4.2216763860445	0.01653456947862	0	0.64884025265012	0.10089457787023	0.33462517787126	4.5555488557798	0.01653456947862	n111	/public4/group_crf/home/cuirf/deepsea/cellpaper/hyphy/Relax_Macrourus_sp/hyphytmp/84212046/	1
N1.HOG0027335	Success	OG0014155	272	0.89397718509974	-19908.901713413	-19462.509855011	-19462.500974115	1.140390256073	0.017761791918019	0	0.71271676282236	0.43189182056866	0.23578099913204	4.4887068579307	0.051502238045592	0	0.71271676282236	0.38387088959737	0.23578099913204	5.5420790039488	0.051502238045592	n0	/public4/group_crf/home/cuirf/deepsea/cellpaper/hyphy/Relax_Macrourus_sp/hyphytmp/43129949/	1
N1.HOG0025222	Success	OG0012145	114	1.1102230246252e-16	-10511.573603488	-10285.08323777	-10250.953232219	45.590558874215	68.260011101876	1.9775991441983e-16	0.061875522379311	0.0068443937575004	0.74554554261466	1.1332604213607	0.19257893500603	0	0.061875522379311	2.0498036397595e-99	0.74554554261466	299.86264388705	0.19257893500603	n0	/public4/group_crf/home/cuirf/deepsea/cellpaper/hyphy/Relax_Macrourus_sp/hyphytmp/38233519/	1.64427858302249e-15
N1.HOG0017380	Success	OG0005639	81	0.035369212740915	-7904.4873045105	-7737.645824768	-7735.4321940075	49.746268656716	4.4272615210466	0.0037097694478515	0.4501053448149	0.13666817690903	0.44987647372018	3.4476091145947	0.10001818146492	1.2136092620144e-121	0.4501053448149	1.0061861377628e-43	0.44987647372018	5.4892857743909e+26	0.10001818146492	n0	/public4/group_crf/home/cuirf/deepsea/cellpaper/hyphy/Relax_Macrourus_sp/hyphytmp/38266090/	0.105128559669363
N1.HOG0025472	Success	OG0012395	130	0.096657002898575	-7327.493515326	-7302.361396234	-7300.9814687772	0.52002311393136	2.7598549135928	0.028067359312128	0.96728693691325	1	0.032713063086754	54.319152061291	0	0.1559656430382	0.96728693691325	1	0.032713063086754	7.9839103584982	0	n0	/public4/group_crf/home/cuirf/deepsea/cellpaper/hyphy/Relax_Macrourus_sp/hyphytmp/99462424/	0.24348494278556
N1.HOG0019890	Success	OG0007339	34	6.3404860261129e-05	-2443.9087199208	-2395.4854367422	-2387.4863684559	14.042711498926	15.998136572511	0.056633769560969	0.18501906507899	0.058734096302277	0.7134339893545	2.9493839066831	0.10154694556652	3.088862351348e-18	0.18501906507899	5.1508811906193e-18	0.7134339893545	3947309.8184292	0.10154694556652	n0	/public4/group_crf/home/cuirf/deepsea/cellpaper/hyphy/Relax_Macrourus_sp/hyphytmp/52089711/	0.000303424930163286
N1.HOG0009380	Success	OG0001720	312	0.1369337780464	-22568.632498615	-22076.283242871	-22075.177201991	0.15161088641427	2.2120817583564	0.00027036771845665	0.47273493602243	0.066422310742526	0.50735172098116	7.5423779346916	0.019913342996415	0.28776999546333	0.47273493602243	0.66290299107648	0.50735172098116	1.3584379624917	0.019913342996415	n28	/public4/group_crf/home/cuirf/deepsea/cellpaper/hyphy/Relax_Macrourus_sp/hyphytmp/16751027/	0.315351515661817
N1.HOG0014796	Success	OG0004160	184	0.037200875069284	-17620.259049507	-17468.487205703	-17466.316609817	0.026522936330153	4.3411917723279	0.0035080298507147	0.4657380955458	0.41440719460875	0.49839543177697	4.8287783654297	0.035866472677228	0.86077148125846	0.4657380955458	0.976906610275	0.49839543177697	1.0426471787593	0.035866472677228	n110	/public4/group_crf/home/cuirf/deepsea/cellpaper/hyphy/Relax_Macrourus_sp/hyphytmp/35764559/	0.10884595906279
N1.HOG0007293	Success	OG0001131	133	0.13564857485928	-6679.9827601867	-6467.3027936368	-6466.1894737639	0.086176481154997	2.2266397456533	3.5502751786897e-08	0.80715894594703	0.26941466550519	0.015591316445502	2.5356407096019	0.17724973760747	0.22803830015589	0.80715894594703	0.89313211542333	0.015591316445502	1.08348488571	0.17724973760747	n194	/public4/group_crf/home/cuirf/deepsea/cellpaper/hyphy/Relax_Macrourus_sp/hyphytmp/71620514/	0.31407581079278
N1.HOG0022872	Success	OG0009884	159	1.8427128043674e-05	-12829.554627823	-12737.774514661	-12728.601855739	0.29599357406116	18.345317842904	1.0244208222379e-05	0.44722584914988	0.098134912011748	0.52228464120207	1.3016371267052	0.030489509648057	0.033352905115673	0.44722584914988	0.50302114976136	0.52228464120207	1.0811558008833	0.030489509648057	n0	/public4/group_crf/home/cuirf/deepsea/cellpaper/hyphy/Relax_Macrourus_sp/hyphytmp/83877945/	9.56429183656554e-05
N1.HOG0019284	Success	OG0006903	219	0.013195937200679	-18025.232997426	-17654.111423223	-17651.040097969	0.78817349943067	6.1426505094569	2.0823179331112e-06	0.41699151387567	0.024424389386647	0.54673713822722	2.377970626727	0.03627134789711	3.3268202638486e-05	0.41699151387567	0.053619822974816	0.54673713822722	1.9793198606369	0.03627134789711	n0	/public4/group_crf/home/cuirf/deepsea/cellpaper/hyphy/Relax_Macrourus_sp/hyphytmp/19358849/	0.0447960519913584
N1.HOG0014086	Success	OG0003774	300	0	-25431.828726321	-24734.868864529	-24687.780725091	45.744920048252	94.176278875115	1.2694348830715e-05	0.24722768608747	0.013401518162265	0.63075494263546	1.7065983228443	0.12201737127707	1.0352625727217e-224	0.24722768608747	2.1223129984308e-86	0.63075494263546	41574632817.125	0.12201737127707	n2	/public4/group_crf/home/cuirf/deepsea/cellpaper/hyphy/Relax_Macrourus_sp/hyphytmp/98075609/	0
N1.HOG0012647	Success	OG0003031	133	3.1532402022805e-08	-10938.949479826	-10731.972599479	-10716.667170117	8.3570111488831	30.610858723259	0	0.48099036595721	0.13557013871124	0.47911093097435	2.8862177437802	0.039898703068437	0	0.48099036595721	5.5909448752365e-08	0.47911093097435	7030.3242605869	0.039898703068437	n105	/public4/group_crf/home/cuirf/deepsea/cellpaper/hyphy/Relax_Macrourus_sp/hyphytmp/93107623/	2.25719444479912e-07
N1.HOG0022285	Success	OG0009345	147	0.95255791066647	-9530.2511858798	-9312.0544428307	-9312.0526730079	0.8131663723598	0.0035396456405579	0.0043165741741627	0.89103238289791	1	0.10612478522865	592.98794988276	0.0028428318734356	0.011939186290417	0.89103238289791	1	0.10612478522865	179.86540875216	0.0028428318734356	n0	/public4/group_crf/home/cuirf/deepsea/cellpaper/hyphy/Relax_Macrourus_sp/hyphytmp/78559838/	1
N1.HOG0015931	Success	OG0004795	168	4.1489090740754e-07	-12781.703082786	-12563.786196636	-12550.974297617	1.6469597866732e-06	25.623798037654	0	0.50688078093092	0.21300766793335	0.49079147290188	52.364454991818	0.0023277461671954	0	0.50688078093092	0.99999745309997	0.49079147290188	1.0000065190636	0.0023277461671954	n120	/public4/group_crf/home/cuirf/deepsea/cellpaper/hyphy/Relax_Macrourus_sp/hyphytmp/77547931/	2.65963648853042e-06
N1.HOG0009303	Success	OG0001697	80	0.3891992048573	-3003.3536190689	-2975.5720791779	-2975.2013579582	33.552623433474	0.74144243939645	3.4125231574329e-06	0.213811738839	3.5216916867309e-06	0.68662913065581	1.0293929845466	0.099559130505196	3.7183007027751e-184	0.213811738839	1.0695496711913e-183	0.68662913065581	2.6432144820343	0.099559130505196	n189	/public4/group_crf/home/cuirf/deepsea/cellpaper/hyphy/Relax_Macrourus_sp/hyphytmp/10149068/	0.670656202552499
N1.HOG0025342	Success	OG0012265	80	8.7015281646785e-09	-5918.3263066751	-5790.4868381312	-5773.9310074662	0.15493958255319	33.111661330049	0.00019687099755229	0.60325045455155	0.029631261186285	0.39008868860109	173.97243752544	0.0066608568473601	0.26657662549487	0.60325045455155	0.57971375370984	0.39008868860109	2.2240221353332	0.0066608568473601	n0	/public4/group_crf/home/cuirf/deepsea/cellpaper/hyphy/Relax_Macrourus_sp/hyphytmp/74104977/	6.55667780127968e-08
N1.HOG0024743	Success	OG0011680	301	0.2107118222199	-24578.223641022	-23985.639114008	-23984.855849571	0.30918115773945	1.5665288746386	4.2791678358505e-06	0.5852680179909	0.02990257582938	0.36320882962691	1.8643792996498	0.051523152382187	0.021883534057492	0.5852680179909	0.33784525239139	0.36320882962691	1.2123948963549	0.051523152382187	n0	/public4/group_crf/home/cuirf/deepsea/cellpaper/hyphy/Relax_Macrourus_sp/hyphytmp/16887084/	0.440929245522276
N1.HOG0013055	Success	OG0003246	167	0.033433145890741	-17227.031111055	-16884.831362307	-16882.569632135	0.038243206082909	4.5234603422796	9.902098848755e-05	0.34447580584369	0.10540506025243	0.62609313834994	5.6410691226723	0.029431055806366	0.70285181763473	0.34447580584369	0.91755285203486	0.62609313834994	1.0684014522635	0.029431055806366	n1	/public4/group_crf/home/cuirf/deepsea/cellpaper/hyphy/Relax_Macrourus_sp/hyphytmp/53730472/	0.0998924254613792
N1.HOG0009866	Success	OG0001890	320	0.26751136146203	-30106.903708043	-29590.615926483	-29590.001194634	1.6950692017068	1.2294636979423	0.00027703338114966	0.41089612524978	0.11607903855133	0.55519210885598	5.1000853685799	0.033911765894239	9.3292285135115e-07	0.41089612524978	0.025983220225857	0.55519210885598	15.826786212501	0.033911765894239	n115	/public4/group_crf/home/cuirf/deepsea/cellpaper/hyphy/Relax_Macrourus_sp/hyphytmp/94125082/	0.515229281380905
N1.HOG0005927	Success	OG0000854	78	0.14867070725261	-2194.4372579979	-2148.5627331077	-2147.5198145662	0	2.0858370830265	0	0.77476667906368	0.11361960892125	0.11625771908361	1.1017107410779	0.10897560185271	1	0.77476667906368	1	0.11625771908361	1	0.10897560185271	n303	/public4/group_crf/home/cuirf/deepsea/cellpaper/hyphy/Relax_Macrourus_sp/hyphytmp/49789144/	0.333441612349849
N1.HOG0024138	Success	OG0011088	164	0.002561197007216	-12754.403828525	-12522.223297639	-12517.675121226	0	9.096352826411	0.0067962358441263	0.79698194240715	0.83314085431612	0.20117873281195	9999999171.5964	0.0018393247809076	1	0.79698194240715	1	0.20117873281195	1	0.0018393247809076	n0	/public4/group_crf/home/cuirf/deepsea/cellpaper/hyphy/Relax_Macrourus_sp/hyphytmp/40914080/	0.0099776336925104
N1.HOG0015337	Success	OG0004453	96	0.74192333478429	-3775.0780890961	-3773.3098856667	-3773.2556639776	11.787474715395	0.10844337817889	0.013375447141788	0.77932292000223	0.08058375981324	0.22038209406213	8.2314511318412	0.00029498593564435	8.2017508601346e-23	0.77932292000223	1.2806202757924e-13	0.22038209406213	61823696353.944	0.00029498593564435	n96	/public4/group_crf/home/cuirf/deepsea/cellpaper/hyphy/Relax_Macrourus_sp/hyphytmp/73249700/	0.983060803566721
N1.HOG0023775	Success	OG0010739	104	0	-10833.768960447	-10696.250872038	-10648.3130276	50	95.875688875854	0.00085344701490559	0.37833772382434	0.068089212788044	0.25588583873863	1.180317720464	0.36577643743704	3.6209971695825e-154	0.37833772382434	4.5072916033364e-59	0.25588583873863	3980.580107376	0.36577643743704	n0	/public4/group_crf/home/cuirf/deepsea/cellpaper/hyphy/Relax_Macrourus_sp/hyphytmp/98637628/	0
N1.HOG0003058	Success	OG0000355	249	0.47159194206914	-20186.295660641	-19690.188393815	-19689.929272093	0.33979671700309	0.51824344410124	8.6303799700248e-15	0.47906556341871	0.079547526059722	0.47542763460631	3.7216764847558	0.045506801974981	1.6638307166091e-05	0.47906556341871	0.42309369579185	0.47542763460631	1.5629140984507	0.045506801974981	n4	/public4/group_crf/home/cuirf/deepsea/cellpaper/hyphy/Relax_Macrourus_sp/hyphytmp/64406722/	0.758609509807849
N1.HOG0020430	Success	OG0007743	312	1	-26958.468133334	-26600.200124943	-26600.200124943	1	0	0.00068401012809775	0.49505813959694	0.19380445159409	0.49420109132662	7.985062003197	0.010740769076444	0.00068401012809775	0.49505813959694	0.19380445159409	0.49420109132662	7.985062003197	0.010740769076444	n13	/public4/group_crf/home/cuirf/deepsea/cellpaper/hyphy/Relax_Macrourus_sp/hyphytmp/51319371/	1
N1.HOG0018035	Success	OG0006049	209	0.018056665328752	-13405.577639514	-12990.439284641	-12987.643963076	0.4913395424985	5.590643131316	0	0.55527920711982	0.12326920451098	0.43828165397979	9.3282599825309	0.0064391389003856	0	0.55527920711982	0.35752046939288	0.43828165397979	2.9957212738656	0.0064391389003856	n15	/public4/group_crf/home/cuirf/deepsea/cellpaper/hyphy/Relax_Macrourus_sp/hyphytmp/51572899/	0.0589759525376349
N1.HOG0027464	Success	OG0014274	145	0.84882363940452	-11553.188204777	-11391.913609942	-11391.895442027	1.3940794708095	0.03633582888142	0.050300077547361	0.67893180806411	0.64097084883487	0.31418131110589	429.28704361002	0.0068868808300059	0.01548401263849	0.67893180806411	0.53791940248187	0.31418131110589	4680.1485019032	0.0068868808300059	n0	/public4/group_crf/home/cuirf/deepsea/cellpaper/hyphy/Relax_Macrourus_sp/hyphytmp/66614684/	1
N1.HOG0014899	Success	OG0004219	427	0.92666213284597	-20771.693172647	-20249.235546904	-20249.231310745	0.72322449148896	0.0084723176260013	2.8515912283864e-05	0.26441586158192	0.014275706822245	0.72738148682151	15.405139282169	0.008202651596578	0.00051642564675333	0.26441586158192	0.046276425151877	0.72738148682151	7.2268471735705	0.008202651596578	n1	/public4/group_crf/home/cuirf/deepsea/cellpaper/hyphy/Relax_Macrourus_sp/hyphytmp/89732942/	1
N1.HOG0011500	Success	OG0002499	517	5.4870045662625e-07	-37633.894176402	-37054.97957596	-37042.437288857	2.4721957678632	25.084574205684	0.0032916804802204	0.64266411640989	0.37457217112162	0.34259693329345	9.0364079844945	0.014738950296658	7.287364213946e-07	0.64266411640989	0.08824625593491	0.34259693329345	230.89197924366	0.014738950296658	n2	/public4/group_crf/home/cuirf/deepsea/cellpaper/hyphy/Relax_Macrourus_sp/hyphytmp/37715206/	3.49136068327369e-06
N1.HOG0025180	Success	OG0012105	104	0.22044112088581	-9797.5043844749	-9653.2613797793	-9652.510631127	1.1035327385863	1.5014973045836	0.00010798940852979	0.4546916432359	0.12045558367639	0.46155071054817	1.6929981135876	0.083757646215929	4.1947516285183e-05	0.4546916432359	0.096752552627878	0.46155071054817	1.7878451684194	0.083757646215929	n0	/public4/group_crf/home/cuirf/deepsea/cellpaper/hyphy/Relax_Macrourus_sp/hyphytmp/22079952/	0.451930603438928
N1.HOG0007708	Success	OG0001230	208	1.9392532185636e-06	-15999.872302482	-15602.399997578	-15591.072845515	1.5323479961776e-06	22.654304124782	0	0.5234500886251	0.10716136198369	0.46378002933442	14.571983316341	0.012769882040471	0	0.5234500886251	0.99999657762992	0.46378002933442	1.0000041053231	0.012769882040471	n1	/public4/group_crf/home/cuirf/deepsea/cellpaper/hyphy/Relax_Macrourus_sp/hyphytmp/96326557/	1.14489244999734e-05
N1.HOG0026507	Success	OG0013391	169	0.47458589132624	-7942.0188619375	-7827.5196065238	-7827.2639672331	0.62370520907391	0.51127858123436	0.0021366080951274	0.45786834781282	0.09143370860828	0.53943843666538	9999999171.5964	0.0026932155218009	0.021604065804872	0.45786834781282	0.22492442022841	0.53943843666538	1726044.8180184	0.0026932155218009	n0	/public4/group_crf/home/cuirf/deepsea/cellpaper/hyphy/Relax_Macrourus_sp/hyphytmp/30122985/	0.762711469876969
N1.HOG0010528	Success	OG0002113	378	0	-13196.336754151	-12914.293931579	-12845.861440232	33.722283356646	136.86498269535	9.3950042385429e-05	0.18552990868241	0.011292607062218	0.72985119643792	1.5990018453749	0.084618894879674	1.5735873859199e-136	0.18552990868241	2.1665804565761e-66	0.72985119643792	7486047.1515757	0.084618894879674	n135	/public4/group_crf/home/cuirf/deepsea/cellpaper/hyphy/Relax_Macrourus_sp/hyphytmp/65339398/	0
N1.HOG0026381	Success	OG0013269	207	0.99998375115225	-22691.71335654	-22314.817291091	-22314.817291091	1	4.1472958400846e-10	0	0.39123001936383	0.00088770522204909	0.42736467868867	1	0.1814053019475	0	0.39123001936383	0.00088770522204909	0.42736467868867	1	0.1814053019475	n0	/public4/group_crf/home/cuirf/deepsea/cellpaper/hyphy/Relax_Macrourus_sp/hyphytmp/42929311/	1
N1.HOG0007758	Success	OG0001242	39	0.28422479469317	-1475.302785988	-1468.8070644646	-1468.233675823	43.291632289136	1.1467772831838	0	0.6365794920445	0.20708119556101	0.3625584484203	366.05985092628	0.00086205953520213	0	0.6365794920445	2.4809217931358e-30	0.3625584484203	9.5577309931933e+110	0.00086205953520213	n127	/public4/group_crf/home/cuirf/deepsea/cellpaper/hyphy/Relax_Macrourus_sp/hyphytmp/15600090/	0.538703795289645
N1.HOG0026510	Success	OG0013393	407	0.03418540038664	-29266.940844223	-28791.824354166	-28789.581650533	0.34496044007695	4.4854072656744	1.3619106542012e-05	0.73039244136269	0.14808703638179	0.26705077167297	209.84079814462	0.0025567869643424	0.02096398139953	0.73039244136269	0.51744142435814	0.26705077167297	6.3235385703324	0.0025567869643424	n0	/public4/group_crf/home/cuirf/deepsea/cellpaper/hyphy/Relax_Macrourus_sp/hyphytmp/49251992/	0.10196270462543
N1.HOG0022953	Success	OG0009964	402	0	-32144.883282035	-31081.460556306	-31017.475127782	10.244575304848	127.97085704752	3.9665683513047e-05	0.58579698328281	0.031051889130302	0.32824297530706	1.8609714860462	0.085960041410132	8.0840765361109e-46	0.58579698328281	3.5651863747715e-16	0.32824297530706	579.92103634187	0.085960041410132	n0	/public4/group_crf/home/cuirf/deepsea/cellpaper/hyphy/Relax_Macrourus_sp/hyphytmp/43824244/	0
N1.HOG0019015	Success	OG0006714	80	0.21780060029926	-7317.0547509127	-7219.5777620323	-7218.8183601207	0	1.5188038231645	0.085270445504437	0.86871109404051	1	0.12101573898987	28.003180061558	0.010273166969619	1	0.86871109404051	1	0.12101573898987	1	0.010273166969619	n0	/public4/group_crf/home/cuirf/deepsea/cellpaper/hyphy/Relax_Macrourus_sp/hyphytmp/95156031/	0.449737297252559
N1.HOG0018691	Success	OG0006477	99	0.54715213347178	-2706.1585701169	-2622.100210844	-2621.9189889433	13.056270672071	0.36244380141943	0	0.65346733144953	0.031830354835252	0.341608855324	9999999171.5964	0.0049238132264667	0	0.65346733144953	2.8359144421941e-20	0.341608855324	3.6534759344502e+130	0.0049238132264667	n15	/public4/group_crf/home/cuirf/deepsea/cellpaper/hyphy/Relax_Macrourus_sp/hyphytmp/93039914/	0.843391195725252
N1.HOG0025594	Success	OG0012515	192	0.90864014157403	-18593.783286604	-18405.682153228	-18405.675568992	9.4263841493757	0.013168471603421	0.00047197434122111	0.34371033163586	0.033213853396038	0.50691599323575	1	0.14937367512839	4.4368732488068e-32	0.34371033163586	1.1518272577349e-14	0.50691599323575	1	0.14937367512839	n0	/public4/group_crf/home/cuirf/deepsea/cellpaper/hyphy/Relax_Macrourus_sp/hyphytmp/39485481/	1
N1.HOG0015045	Success	OG0004289	200	0.87829784288943	-12344.730500536	-12167.163759666	-12167.152035672	1.2080151867233	0.023447987321561	0.0010264964567118	0.90169214476459	0.79270962815871	0.09639028515518	48.395200202998	0.0019175700802274	0.00024528693554951	0.90169214476459	0.75531540196963	0.09639028515518	108.45928920118	0.0019175700802274	n2	/public4/group_crf/home/cuirf/deepsea/cellpaper/hyphy/Relax_Macrourus_sp/hyphytmp/14630454/	1
N1.HOG0008335	Success	OG0001397	197	0.001173430629244	-7237.5299423624	-7138.855854026	-7133.5899948924	0	10.531718267244	1.2297896582625e-05	0.39628319387631	0.045329319217627	0.53397005105241	1.052124135807	0.069746755071275	1	0.39628319387631	1	0.53397005105241	1	0.069746755071275	n87	/public4/group_crf/home/cuirf/deepsea/cellpaper/hyphy/Relax_Macrourus_sp/hyphytmp/98617682/	0.00479989005009808
N1.HOG0003964	Success	OG0000497	245	0.012416493304534	-16789.491614429	-16650.482921114	-16647.35771875	0	6.2504047282055	0.0011157618073313	0.76423285132319	0.25730765997253	0.2276833716098	5.4812800327897	0.0080837770670111	1	0.76423285132319	1	0.2276833716098	1	0.0080837770670111	n238	/public4/group_crf/home/cuirf/deepsea/cellpaper/hyphy/Relax_Macrourus_sp/hyphytmp/20170527/	0.0423244751928361
N1.HOG0025369	Success	OG0012292	168	0.17521994182835	-9640.9567876899	-9493.4844127081	-9492.5655592207	0.20713353571167	1.8377069748931	0.0036077883182237	0.84420227207622	0.70207134203836	0.15541624497989	87.985401764864	0.00038148294388631	0.31190526185411	0.84420227207622	0.92935235610234	0.15541624497989	2.5278578410005	0.00038148294388631	n0	/public4/group_crf/home/cuirf/deepsea/cellpaper/hyphy/Relax_Macrourus_sp/hyphytmp/77506025/	0.383964107220798
N1.HOG0019587	Success	OG0007125	310	0.86303418189165	-29886.786041759	-29416.309004768	-29416.294124387	0.63757391094077	0.029760761579382	4.315687626023e-05	0.24086673357456	0.12991871159914	0.58846086574975	2.3653443022833	0.17067240067569	0.0016482449697717	0.24086673357456	0.27220757249548	0.58846086574975	1.7313516822562	0.17067240067569	n0	/public4/group_crf/home/cuirf/deepsea/cellpaper/hyphy/Relax_Macrourus_sp/hyphytmp/56414867/	1
N1.HOG0014048	Success	OG0003758	28	3.6046539221402e-05	-1192.9244201213	-1193.1923210822	-1184.6578375007	0	17.068967162941	0.016078142093718	0.90697889957834	0.79157989485399	0.09302110042166	2.0956249617717	0	1	0.90697889957834	1	0.09302110042166	1	0	n28	/public4/group_crf/home/cuirf/deepsea/cellpaper/hyphy/Relax_Macrourus_sp/hyphytmp/27406849/	0.000177443995364953
N1.HOG0026393	Success	OG0013281	185	4.4408920985006e-14	-17981.405007252	-17573.429886354	-17544.948004033	46.591132224404	56.963764641427	0.00010872032760714	0.37116802641645	0.02707401560441	0.55611411919254	1.6567921551993	0.07271785439101	2.1243700403222e-185	0.37116802641645	9.3509217097964e-74	0.55611411919254	16441663540.855	0.07271785439101	n0	/public4/group_crf/home/cuirf/deepsea/cellpaper/hyphy/Relax_Macrourus_sp/hyphytmp/80781475/	5.12043800350606e-13
N1.HOG0018916	Success	OG0006651	242	0	-17505.03840439	-16858.530264464	-16735.811231918	1.014719708784	245.43806509113	4.7511660847109e-05	0.45425636834998	0.036989966174707	0.50521922784397	3.526556106081	0.040524403806041	4.1035900703243e-05	0.45425636834998	0.035237618282651	0.50521922784397	3.5925898786543	0.040524403806041	n0	/public4/group_crf/home/cuirf/deepsea/cellpaper/hyphy/Relax_Macrourus_sp/hyphytmp/15640285/	0
N1.HOG0016235	Success	OG0004978	66	0.32852081252342	-5205.8196700372	-5024.8391203566	-5024.3617604505	11.65324494201	0.9547198121345	0	0.44900699724944	0.059060816823953	0.47412712929098	NA	NA	0	0.44900699724944	76.032308134322	0.47412712929098	NA	NA	n1	/public4/group_crf/home/cuirf/deepsea/cellpaper/hyphy/Relax_Macrourus_sp/hyphytmp/36227332/	0.589758365637655
N1.HOG0012908	Success	OG0003166	272	0.85418406095533	-23534.031063018	-23137.923155621	-23137.906267612	0.92667809380811	0.033776018703065	8.4169475779261e-05	0.20675201641688	0.027190504615961	0.72804969884212	1.7874931095745	0.065198284741009	0.00016746731327116	0.20675201641688	0.035416755864015	0.72804969884212	1.7129683466336	0.065198284741009	n2	/public4/group_crf/home/cuirf/deepsea/cellpaper/hyphy/Relax_Macrourus_sp/hyphytmp/36003509/	1
N1.HOG0027702	Success	OG0014502	63	7.6366871271105e-08	-3579.6759569912	-3526.0668576856	-3511.6188121513	26.998950080688	28.896091068641	9.9129127017115e-06	0.42117941627039	0.0087922913235596	0.45259989083398	1.216863782498	0.12622069289563	7.9926019993842e-136	0.42117941627039	3.111103109791e-56	0.45259989083398	200.19054803166	0.12622069289563	n0	/public4/group_crf/home/cuirf/deepsea/cellpaper/hyphy/Relax_Macrourus_sp/hyphytmp/92409582/	5.33326361153489e-07
N1.HOG0025155	Success	OG0012080	133	0.80232905929152	-10836.874408879	-10676.464193097	-10676.432859539	0.67535975577769	0.062667115340446	0	0.35471011130366	0.15389086566064	0.6136301865657	5.3793189227973	0.031659702130635	0	0.35471011130366	0.28253760790406	0.6136301865657	3.1153281984289	0.031659702130635	n0	/public4/group_crf/home/cuirf/deepsea/cellpaper/hyphy/Relax_Macrourus_sp/hyphytmp/72006092/	1
N1.HOG0017061	Success	OG0005444	212	0.54904533757725	-13640.109974925	-13231.890008391	-13231.710493297	0.9452924605001	0.3590301891054	8.2813017127684e-06	0.385542076132	0.0082626935947937	0.47068432027922	1.1431794320659	0.14377360358878	1.5707856632079e-05	0.385542076132	0.010741645062612	0.47068432027922	1.1348412308919	0.14377360358878	n0	/public4/group_crf/home/cuirf/deepsea/cellpaper/hyphy/Relax_Macrourus_sp/hyphytmp/73922117/	0.843391195725252
N1.HOG0011127	Success	OG0002348	167	0.82332400712415	-11258.360702786	-11002.951730321	-11002.926805182	0.99203782481422	0.049850277475343	0.00017960335416837	0.57085531083905	0.035303842761177	0.38929771989582	1.946800184131	0.039846969265133	0.00019237039982679	0.57085531083905	0.036256383000044	0.38929771989582	1.9365011139534	0.039846969265133	n1	/public4/group_crf/home/cuirf/deepsea/cellpaper/hyphy/Relax_Macrourus_sp/hyphytmp/85513156/	1
N1.HOG0023667	Success	OG0010641	382	6.5469851762145e-13	-35773.31046974	-34837.699689118	-34811.861838079	0.85757605130323	51.675702077991	7.1176786581001e-05	0.58881699728256	0.096602977491941	0.39036231387018	5.764747545862	0.02082068884726	0.00027737334453313	0.58881699728256	0.1347572598937	0.39036231387018	4.4918677337258	0.02082068884726	n0	/public4/group_crf/home/cuirf/deepsea/cellpaper/hyphy/Relax_Macrourus_sp/hyphytmp/62490181/	6.81680032287061e-12
N1.HOG0007684	Success	OG0001222	161	0.593776887379	-10041.237985538	-9822.6016196194	-9822.4593773841	0.72242764644693	0.2844844706342	3.5964786963683e-05	0.50106036551653	0.10343018584915	0.48517354523835	7.3908050467103	0.013766089245119	0.00061580475227259	0.50106036551653	0.19415741074154	0.48517354523835	4.2419635658521	0.013766089245119	n231	/public4/group_crf/home/cuirf/deepsea/cellpaper/hyphy/Relax_Macrourus_sp/hyphytmp/16134284/	0.88628035839889
N1.HOG0026551	Success	OG0013434	201	0.81301711853748	-19209.619585859	-19011.8114106	-19011.783436065	0.6696584263769	0.055949070279894	0.00094418760856959	0.41144314782645	0.23835854277693	0.55594757648946	4.5479564255998	0.032609275684084	0.0094258885177153	0.41144314782645	0.38278711016615	0.55594757648946	2.75747907161	0.032609275684084	n0	/public4/group_crf/home/cuirf/deepsea/cellpaper/hyphy/Relax_Macrourus_sp/hyphytmp/32320744/	1
N1.HOG0016299	Success	OG0005011	339	0.95573992715523	-29234.550319766	-28971.289943919	-28971.28840378	1.0307686319177	0.0030802782566752	4.2002295252679e-06	0.42639482421135	0.17225393686612	0.56135619405156	5.7682942168813	0.01224898173709	2.8697131656954e-06	0.42639482421135	0.16318007425858	0.56135619405156	6.087847870391	0.01224898173709	n79	/public4/group_crf/home/cuirf/deepsea/cellpaper/hyphy/Relax_Macrourus_sp/hyphytmp/55923500/	1
N1.HOG0012871	Success	OG0003145	84	3.7747582837255e-15	-5712.9106275119	-5632.0861967456	-5601.172310346	50	61.827772799374	0	0.26686824533493	0.034740717434051	0.51537326133961	1.2432788513596	0.21775849332546	0	0.26686824533493	1.1013849637385e-73	0.51537326133961	53509.058552181	0.21775849332546	n1	/public4/group_crf/home/cuirf/deepsea/cellpaper/hyphy/Relax_Macrourus_sp/hyphytmp/11616325/	4.8037294306966e-14
N1.HOG0025676	Success	OG0012596	140	0	-15820.334030813	-15648.517137145	-15595.900523927	30.003517333727	105.23322643613	4.9589992699815e-05	0.26616155147856	0.08222174262105	0.51327161593291	1.2200177335909	0.22056683258853	7.0255543044696e-130	0.26616155147856	2.7911550186497e-33	0.51327161593291	390.20073313278	0.22056683258853	n0	/public4/group_crf/home/cuirf/deepsea/cellpaper/hyphy/Relax_Macrourus_sp/hyphytmp/12016532/	0
N1.HOG0009800	Success	OG0001864	38	0.15718657713593	-3257.6455644839	-3230.1877916716	-3229.1872487961	10.551611701559	2.0010857509942	0.0010719119516716	0.12203340195559	0.10010363779297	0.79484588752042	1.8675881731413	0.083120710523992	4.6067235168165e-32	0.12203340195559	2.8388016435639e-11	0.79484588752042	728.53930582992	0.083120710523992	n8	/public4/group_crf/home/cuirf/deepsea/cellpaper/hyphy/Relax_Macrourus_sp/hyphytmp/40896174/	0.348897337880527
N1.HOG0023855	Success	OG0010815	183	0.87056435553379	-14395.13441828	-14214.478513901	-14214.465238906	0.98977696033952	0.026549990219792	0.00044836487841455	0.62244865113256	0.02883738981274	0.30765719395571	1	0.069894154911727	0.00048513442031358	0.62244865113256	0.029901975376483	0.30765719395571	1	0.069894154911727	n0	/public4/group_crf/home/cuirf/deepsea/cellpaper/hyphy/Relax_Macrourus_sp/hyphytmp/44396592/	1
N1.HOG0012823	Success	OG0003123	144	0.55343904808415	-12656.797476938	-12307.534309729	-12307.358713645	0.66704926941523	0.35119216668318	0	0.38998250857097	0.098607931896104	0.52649015114502	3.8920305102015	0.083527340284009	0	0.38998250857097	0.21325029217506	0.52649015114502	2.4755780716994	0.083527340284009	n2	/public4/group_crf/home/cuirf/deepsea/cellpaper/hyphy/Relax_Macrourus_sp/hyphytmp/58899199/	0.845914843957802
N1.HOG0023769	Success	OG0010733	104	0.70173786180255	-6095.1442600168	-5960.7632451825	-5960.6899100305	0.58428297009648	0.1466703039714	2.0610591809718e-05	0.70373918596056	0.018592973622327	0.27529620721885	2.0354936982107	0.020964606820588	0.0018285332319947	0.70373918596056	0.097456319899357	0.27529620721885	1.5147832194211	0.020964606820588	n0	/public4/group_crf/home/cuirf/deepsea/cellpaper/hyphy/Relax_Macrourus_sp/hyphytmp/11813767/	0.968943647003923
N1.HOG0011523	Success	OG0002514	172	0.15860742434417	-14943.834627936	-14737.726634303	-14736.732907701	3.1072546932238	1.9874532031608	0	0.76961155629916	0.61641993711885	0.23038844370084	8.5720012205602	0	0	0.76961155629916	0.22237876701327	0.23038844370084	793.09300659751	0	n2	/public4/group_crf/home/cuirf/deepsea/cellpaper/hyphy/Relax_Macrourus_sp/hyphytmp/99826452/	0.351143756473304
N1.HOG0003041	Success	OG0000351	151	0.72423979643269	-4831.4389534623	-4709.1779082023	-4709.115674947	4.4631528772376	0.1244665105387	0	0.85695277591673	0.93250866532155	0.13614100113871	141.13138905992	0.0069062229445611	0	0.85695277591673	0.7320759622036	0.13614100113871	3927342947.2465	0.0069062229445611	n116	/public4/group_crf/home/cuirf/deepsea/cellpaper/hyphy/Relax_Macrourus_sp/hyphytmp/92563747/	0.976772956427489
N1.HOG0026521	Success	OG0013404	212	4.0745185003743e-14	-20633.855103443	-20496.583744935	-20468.01783748	19.089179812534	57.131814908586	0.0052210908923047	0.40006865083693	0.13337792281317	0.4757915741045	1.2527024862785	0.12413977505857	2.7160277201108e-44	0.40006865083693	1.9887042066998e-17	0.4757915741045	73.762717657164	0.12413977505857	n0	/public4/group_crf/home/cuirf/deepsea/cellpaper/hyphy/Relax_Macrourus_sp/hyphytmp/61620971/	4.72974512408314e-13
N1.HOG0013100	Success	OG0003269	276	6.6613381477509e-16	-20716.531813484	-20146.962638496	-20114.274280798	7.7279017059005	65.37671539656	0	0.51356604645415	0.087456945701098	0.40656165713118	2.5159580163144	0.079872296414673	0	0.51356604645415	6.6418706541344e-09	0.40656165713118	1249.0977021889	0.079872296414673	n2	/public4/group_crf/home/cuirf/deepsea/cellpaper/hyphy/Relax_Macrourus_sp/hyphytmp/49189996/	9.01116451798114e-15
N1.HOG0005638	Success	OG0000808	588	9.09272657168e-14	-28446.911783753	-27916.813806904	-27889.036631171	3.7361646707728	55.554351464933	0.00034097680085791	0.20504296714209	0.056095235586794	0.76725702225156	4.6810497281743	0.027700010606347	1.1109359290478e-13	0.20504296714209	2.1172952934346e-05	0.76725702225156	319.53084348472	0.027700010606347	n35	/public4/group_crf/home/cuirf/deepsea/cellpaper/hyphy/Relax_Macrourus_sp/hyphytmp/35619391/	9.94987531856449e-13
N1.HOG0027112	Success	OG0013951	73	0.74602066062712	-4329.7291980892	-4314.1115881163	-4314.0591354703	1.2827698475054	0.10490529207891	1.7497123361795e-05	0.66750802319582	0.27993783746148	0.30717236968164	1.5803207565964	0.025319607122537	7.9035291588963e-07	0.66750802319582	0.19530227273968	0.30717236968164	1.7986406598024	0.025319607122537	n0	/public4/group_crf/home/cuirf/deepsea/cellpaper/hyphy/Relax_Macrourus_sp/hyphytmp/21602760/	0.984380564483404
N1.HOG0017477	Success	OG0005707	310	0.57583859577394	-20699.324768713	-20406.00406737	-20405.847562058	0.84264245656749	0.31301062361308	0	0.62183055949051	0.25434249100025	0.36711587988653	11.315968929081	0.011053560622958	0	0.62183055949051	0.31548646978003	0.36711587988653	7.7247672275353	0.011053560622958	n0	/public4/group_crf/home/cuirf/deepsea/cellpaper/hyphy/Relax_Macrourus_sp/hyphytmp/15405492/	0.871621768757382
N1.HOG0003421	Success	OG0000415	305	0.037030439181384	-23238.365356911	-22782.904206079	-22780.729700458	0.27096703293083	4.3490112420259	0.028772642070937	0.84242841842783	1	0.14226424862954	15.147653560791	0.015307332942629	0.38232642272877	0.84242841842783	1	0.14226424862954	2.0885009689388	0.015307332942629	n337	/public4/group_crf/home/cuirf/deepsea/cellpaper/hyphy/Relax_Macrourus_sp/hyphytmp/47894322/	0.108629835198105
N1.HOG0016502	Success	OG0005122	114	0.0035389953361981	-3966.1148410356	-3870.2204521919	-3865.967252226	9.675865934308	8.5063999317526	0	0.67003443995327	0.042840081990834	0.29880737201452	1.7490365742215	0.031158188032217	0	0.67003443995327	5.7805193643136e-14	0.29880737201452	223.506171579	0.031158188032217	n116	/public4/group_crf/home/cuirf/deepsea/cellpaper/hyphy/Relax_Macrourus_sp/hyphytmp/51187144/	0.0133626241485458
N1.HOG0012872	Success	OG0003145	105	2.839293227086e-05	-7806.7277109914	-7604.7418024235	-7595.980557916	8.7172664937122	17.522489014957	0	0.37688196364079	0.038914848408627	0.57944315418155	3.7945921286669	0.043674882177663	0	0.37688196364079	5.1245970190082e-13	0.57944315418155	111875.89782355	0.043674882177663	n114	/public4/group_crf/home/cuirf/deepsea/cellpaper/hyphy/Relax_Macrourus_sp/hyphytmp/13427342/	0.000140979935379588
N1.HOG0012793	Success	OG0003104	482	1.0078265888502e-08	-33513.210987352	-32186.524784258	-32170.111735202	0.23699653426938	32.826098111094	0.00010938752431355	0.58900381025357	0.049350949187243	0.40109643411524	265.07428459446	0.009899755631186	0.11514606338834	0.58900381025357	0.49013482897298	0.40109643411524	3.7525779468677	0.009899755631186	n161	/public4/group_crf/home/cuirf/deepsea/cellpaper/hyphy/Relax_Macrourus_sp/hyphytmp/18902833/	7.52802643323758e-08
N1.HOG0009657	Success	OG0001817	573	0	-42712.503013769	-41921.131511742	-41785.608219623	17.383615488042	271.04658423785	1.4398039651299e-05	0.76157425498761	0.00047406883668558	0.10911217732455	1.3751238643978	0.12931356768784	6.8203614614606e-85	0.76157425498761	1.6372130868543e-58	0.10911217732455	254.02764854915	0.12931356768784	n1	/public4/group_crf/home/cuirf/deepsea/cellpaper/hyphy/Relax_Macrourus_sp/hyphytmp/67417191/	0
N1.HOG0027943	Success	OG0014731	14	0.084183321219275	-621.39361841784	-618.29661687734	-616.80550292831	0	2.9822278980503	0.12690317470379	0.71292555483027	0.13136152032441	0.2665473473182	9998.9900010095	0.02052709785153	1	0.71292555483027	1	0.2665473473182	1	0.02052709785153	n0	/public4/group_crf/home/cuirf/deepsea/cellpaper/hyphy/Relax_Macrourus_sp/hyphytmp/29602014/	0.218482235039812
N1.HOG0008827	Success	OG0001567	97	0.27775104785579	-5373.2712406832	-5326.5454257576	-5325.9563951512	13.268788956288	1.1780612127059	2.6162409931401e-05	0.41009280772715	0.091147830786164	0.53621669404669	1	0.05369049822616	1.5780947856557e-61	0.41009280772715	1.5743224551564e-14	0.53621669404669	1	0.05369049822616	n3	/public4/group_crf/home/cuirf/deepsea/cellpaper/hyphy/Relax_Macrourus_sp/hyphytmp/78924716/	0.529744885758071
N1.HOG0005894	Success	OG0000847	366	0.00034957269914426	-28349.788123355	-27782.45433611	-27776.06227217	0.094814511706522	12.784127880434	0.00017452903688205	0.87380174273026	0.8029971377848	0.12591470273004	864.69490062587	0.00028355453970418	0.44022481568535	0.87380174273026	0.97941218803723	0.12591470273004	1.8987038088672	0.00028355453970418	n269	/public4/group_crf/home/cuirf/deepsea/cellpaper/hyphy/Relax_Macrourus_sp/hyphytmp/33400193/	0.00151276044617088
N1.HOG0024124	Success	OG0011074	126	0.21420958568438	-9853.0931915457	-9735.4337092399	-9734.662336424	0	1.5427456318466	0.012761490484319	0.81521535994439	0.81902000266586	0.18431269179554	49.248070064556	0.0004719482600721	1	0.81521535994439	1	0.18431269179554	1	0.0004719482600721	n0	/public4/group_crf/home/cuirf/deepsea/cellpaper/hyphy/Relax_Macrourus_sp/hyphytmp/27582041/	0.44499645490419
N1.HOG0020373	Success	OG0007699	143	0.34082956037291	-9944.6025288559	-9802.3503381878	-9801.8966839331	0.34873928717489	0.90730850951149	0.00014487438470655	0.52640671732133	0.10646896491138	0.47192592699458	1187.7497036016	0.0016673556840887	0.045833914333892	0.52640671732133	0.45788293036596	0.47192592699458	11.810747382964	0.0016673556840887	n10	/public4/group_crf/home/cuirf/deepsea/cellpaper/hyphy/Relax_Macrourus_sp/hyphytmp/79416314/	0.607412017345082
N1.HOG0013049	Success	OG0003242	153	0.45096371008695	-12357.917622488	-12176.806936087	-12176.52282182	3.0712868465295	0.56822853304038	0	0.728448976986	0.50849797669456	0.26918253515257	2925.8713185566	0.0023684878614257	0	0.728448976986	0.12529391308089	0.26918253515257	44244986722.669	0.0023684878614257	n101	/public4/group_crf/home/cuirf/deepsea/cellpaper/hyphy/Relax_Macrourus_sp/hyphytmp/29002756/	0.732976020746812
N1.HOG0025979	Success	OG0012887	68	0.18159472340525	-5727.245593045	-5699.7061619915	-5698.813899739	0.22272861575474	1.7845245050521	0.060058291108065	0.89114083291718	1	0.10885916708282	55.661921759505	0	0.53450681702658	0.89114083291718	1	0.10885916708282	2.4478554072909	0	n0	/public4/group_crf/home/cuirf/deepsea/cellpaper/hyphy/Relax_Macrourus_sp/hyphytmp/31718039/	0.394411801277142
N1.HOG0018344	Success	OG0006260	200	3.7934552288288e-07	-15259.522875519	-14975.801285198	-14962.90295818	5.3826459284976	25.79665403672	5.3233185366921e-05	0.48987680067963	0.059418408364238	0.39455704370873	2.0864827108823	0.11556615561164	9.8981353521832e-24	0.48987680067963	2.5144959424167e-07	0.39455704370873	52.395829590633	0.11556615561164	n0	/public4/group_crf/home/cuirf/deepsea/cellpaper/hyphy/Relax_Macrourus_sp/hyphytmp/53347079/	2.45005867786762e-06
N1.HOG0015569	Success	OG0004588	103	0.12660558072217	-3609.9251320967	-3598.6552122975	-3597.4883926716	0.19347284120327	2.3336392519132	0.052569613176639	0.77596131962318	0.57234621079562	0.21837258476024	6.1521261662384	0.005666095616581	0.56558375053036	0.77596131962318	0.89766348999441	0.21837258476024	1.4211991977549	0.005666095616581	n0	/public4/group_crf/home/cuirf/deepsea/cellpaper/hyphy/Relax_Macrourus_sp/hyphytmp/76514504/	0.299598330138689
N1.HOG0027395	Success	OG0014206	58	0.015755470303502	-2927.0892907274	-2896.1430445223	-2893.2280638838	3.256865496288e-06	5.8299612768587	0	0.49089948216969	0.20987576668066	0.48406896199788	5.5651181527124	0.025031555832427	0	0.49089948216969	0.99999491526583	0.48406896199788	1.0000055904846	0.025031555832427	n0	/public4/group_crf/home/cuirf/deepsea/cellpaper/hyphy/Relax_Macrourus_sp/hyphytmp/85960476/	0.0520536499642624
N1.HOG0026656	Success	OG0013533	90	0.28694457758393	-7247.8083317785	-7141.3070760076	-7140.7401250416	0.015283779363671	1.1339019320967	4.8914677813017e-11	0.7564613223906	0.81952151493011	0.24183748744604	9999999171.5964	0.0017011901633563	0.69568984432398	0.7564613223906	0.99696262086681	0.24183748744604	1.4217976533134	0.0017011901633563	n0	/public4/group_crf/home/cuirf/deepsea/cellpaper/hyphy/Relax_Macrourus_sp/hyphytmp/86939426/	0.540773359299233
N1.HOG0024898	Success	OG0011829	84	0.58232267691322	-8053.7271132112	-7964.6644463342	-7964.513198983	0	0.30249470232229	0.0038986610953056	0.5534267054811	0.52325670134232	0.43827493697945	24.738733213236	0.0082983575394487	1	0.5534267054811	1	0.43827493697945	1	0.0082983575394487	n0	/public4/group_crf/home/cuirf/deepsea/cellpaper/hyphy/Relax_Macrourus_sp/hyphytmp/20436047/	0.876949190474571
N1.HOG0019274	Success	OG0006894	527	0.71665820673192	-41808.231088308	-41089.207169475	-41089.141310884	0.75274385136249	0.13171718314698	0.00036627986575116	0.38804501399907	0.13707325210283	0.5934609110051	9.0140052951177	0.018494074995829	0.0025907851465492	0.38804501399907	0.22405078198458	0.5934609110051	5.2336961951465	0.018494074995829	n0	/public4/group_crf/home/cuirf/deepsea/cellpaper/hyphy/Relax_Macrourus_sp/hyphytmp/23226758/	0.97493203711678
N1.HOG0017669	Success	OG0005826	84	0.49334641086007	-6041.1792661401	-5947.6227035581	-5947.3880937609	6.2623064701033	0.46921959442261	3.3739156790169e-05	0.36730741717812	0.03030130873223	0.3562944586879	1.1304372975589	0.27639812413399	9.9038948457167e-29	0.36730741717812	3.0934693305056e-10	0.3562944586879	2.1549925080889	0.27639812413399	n2	/public4/group_crf/home/cuirf/deepsea/cellpaper/hyphy/Relax_Macrourus_sp/hyphytmp/97635207/	0.783335613546765
N1.HOG0011572	Success	OG0002532	359	0	-24839.939233954	-24081.474594787	-24013.22873612	50	136.49171733444	0.00015220205961923	0.45221320976246	0.0058865453515954	0.41096956642422	1.5512272670264	0.13681722381332	1.3213761699254e-191	0.45221320976246	3.111893422719e-112	0.41096956642422	3417995621.5764	0.13681722381332	n110	/public4/group_crf/home/cuirf/deepsea/cellpaper/hyphy/Relax_Macrourus_sp/hyphytmp/74684615/	0
N1.HOG0024450	Success	OG0011395	146	0.017143844479677	-8733.9503668593	-8589.1141372099	-8586.2733432156	0.40353103976263	5.6815879885689	0.022390064826935	0.97496262210378	1	0.023467655773061	9999999171.5964	0.0015697221231546	0.21587190310754	0.97496262210378	1	0.023467655773061	10847.018556079	0.0015697221231546	n0	/public4/group_crf/home/cuirf/deepsea/cellpaper/hyphy/Relax_Macrourus_sp/hyphytmp/96647926/	0.0561011901258764
N1.HOG0010062	Success	OG0001952	322	4.6750718220023e-06	-25282.060821996	-24584.473081575	-24573.990082068	0	20.965999012631	0.00016149755062936	0.61281665782309	0.15060636233026	0.37302130293263	13.096047283206	0.014162039244278	1	0.61281665782309	1	0.37302130293263	1	0.014162039244278	n235	/public4/group_crf/home/cuirf/deepsea/cellpaper/hyphy/Relax_Macrourus_sp/hyphytmp/33277118/	2.6077186331818e-05
N1.HOG0010118	Success	OG0001967	414	0.024612609465567	-41790.045629172	-40785.684593737	-40783.159124692	42.451903420209	5.0509380895965	7.9759885430896e-05	0.51855029344189	0.12170899402384	0.43049381401514	3.1668389584036	0.050955892542971	1.054271121062e-174	0.51855029344189	1.4798116619746e-39	0.43049381401514	1.7886514111072e+21	0.050955892542971	n136	/public4/group_crf/home/cuirf/deepsea/cellpaper/hyphy/Relax_Macrourus_sp/hyphytmp/26116714/	0.0770208798940694
N1.HOG0025971	Success	OG0012879	63	0.68245465042201	-5483.9568076333	-5395.2789692858	-5395.1952813994	1.3403746359023	0.16737577275308	0.00070196764419987	0.4554152802184	0.18751122356592	0.51508064596054	3.6332666779552	0.029504073821059	5.9276618926166e-05	0.4554152802184	0.10606795328408	0.51508064596054	5.6364837210397	0.029504073821059	n0	/public4/group_crf/home/cuirf/deepsea/cellpaper/hyphy/Relax_Macrourus_sp/hyphytmp/71954342/	0.961818777214941
N1.HOG0022468	Success	OG0009505	228	0.65870520127812	-19366.037776445	-18930.766490127	-18930.668940005	1.1150559493414	0.19510024299234	0.00058619358897555	0.75367086205685	0.7155421020907	0.22720326886224	11.796355675365	0.019125869080909	0.00024899175184979	0.75367086205685	0.688509768818	0.22720326886224	15.669633036456	0.019125869080909	n0	/public4/group_crf/home/cuirf/deepsea/cellpaper/hyphy/Relax_Macrourus_sp/hyphytmp/54342743/	0.939913235710806
N1.HOG0026797	Success	OG0013659	63	0.0097548354011423	-6082.6139559267	-6028.1109612826	-6024.7713974662	0	6.6791276329186	0.00015030217862654	0.72337772579462	0.88858438629439	0.27662227420538	1.3213393997331	0	1	0.27662227420538	1	0.72337772579462	1	0	n0	/public4/group_crf/home/cuirf/deepsea/cellpaper/hyphy/Relax_Macrourus_sp/hyphytmp/38236790/	0.0339935237711206
N1.HOG0004769	Success	OG0000621	334	0	-21338.737043499	-20727.572569263	-20620.995628837	50	213.15388085175	0	0.32027877268792	0.0032569908645645	0.59589035917185	1.1343227030036	0.083830868140236	0	0.32027877268792	4.3734787565624e-125	0.59589035917185	545.54580394277	0.083830868140236	n156	/public4/group_crf/home/cuirf/deepsea/cellpaper/hyphy/Relax_Macrourus_sp/hyphytmp/66856157/	0
N1.HOG0027457	Success	OG0014267	40	0.99999923907799	-2082.8481590161	-2063.123834934	-2063.123834934	1	9.0949470177293e-13	0.00013540428207628	0.35891606790482	0.073131559884356	0.60621335241066	3.6250208227449	0.034870579684523	0.00013540428207628	0.35891606790482	0.073131559884356	0.60621335241066	3.6250208227449	0.034870579684523	n0	/public4/group_crf/home/cuirf/deepsea/cellpaper/hyphy/Relax_Macrourus_sp/hyphytmp/91641008/	1
N1.HOG0007700	Success	OG0001227	364	0.44188970991413	-36233.884464539	-35447.832456657	-35447.536771492	2.2303991818586	0.59137032854778	0.00045000332040561	0.2915933403061	0.035694980167268	0.52578442128251	1.7125078947732	0.18262223841139	3.4303234815417e-08	0.2915933403061	0.00059120236181054	0.52578442128251	3.3196624071915	0.18262223841139	n1	/public4/group_crf/home/cuirf/deepsea/cellpaper/hyphy/Relax_Macrourus_sp/hyphytmp/77990698/	0.724487859400222
N1.HOG0013533	Success	OG0003493	121	0.73278587278387	-6626.8445888428	-6546.837164756	-6546.7788802456	11.962437078079	0.11656902079267	0	0.27310290597304	0.045071558137909	0.61852041127172	1	0.10837668275524	0	0.27310290597304	7.8957650522049e-17	0.61852041127172	1	0.10837668275524	n87	/public4/group_crf/home/cuirf/deepsea/cellpaper/hyphy/Relax_Macrourus_sp/hyphytmp/51346614/	0.979303516758902
N1.HOG0026052	Success	OG0012960	233	0.025439216509646	-15951.58776209	-15716.462891032	-15713.96602266	0.01897195360301	4.9937367452549	2.6419975376319e-06	0.70060672034618	0.085751003715231	0.29066604459212	5.8980339449709	0.0087272350617034	0.78374207152412	0.70060672034618	0.9544682005239	0.29066604459212	1.0342411719055	0.0087272350617034	n0	/public4/group_crf/home/cuirf/deepsea/cellpaper/hyphy/Relax_Macrourus_sp/hyphytmp/95462726/	0.0794628617519488
N1.HOG0018991	Success	OG0006697	253	0.69585868322023	-13609.021406154	-13213.177269302	-13213.100861302	0.96005052662675	0.15281599987065	0.00012428926832948	0.67604924259253	0.11815848403086	0.30753106775244	NA	NA	0.00017801596425455	0.67604924259253	0.96601601795255	0.30753106775244	NA	NA	n0	/public4/group_crf/home/cuirf/deepsea/cellpaper/hyphy/Relax_Macrourus_sp/hyphytmp/81699171/	0.966439141287272
N1.HOG0006798	Success	OG0001023	278	0.47958928361382	-22789.872728455	-22546.020368413	-22545.770469858	0.57274619076683	0.49979711064225	0.00013452392902903	0.57683309869336	0.17819819608947	0.41258731954606	4.4063783448464	0.010579581760574	0.0060643559530064	0.57683309869336	0.37235545486087	0.41258731954606	2.3382739345067	0.010579581760574	n126	/public4/group_crf/home/cuirf/deepsea/cellpaper/hyphy/Relax_Macrourus_sp/hyphytmp/39101619/	0.766975953703088
N1.HOG0026324	Success	OG0013215	159	5.5511151231258e-15	-13154.56652668	-13037.138497794	-13006.60664385	0.2061951039402	61.063707887879	0.00023828792927702	0.68472897452991	0.55568467810286	0.31386150530832	9999999171.5964	0.0014095201617699	0.17905076432287	0.68472897452991	0.88590034330254	0.31386150530832	115.33232098096	0.0014095201617699	n0	/public4/group_crf/home/cuirf/deepsea/cellpaper/hyphy/Relax_Macrourus_sp/hyphytmp/62437290/	6.91073607357255e-14
N1.HOG0013535	Success	OG0003494	296	1	-22987.417517368	-22533.424733919	-22533.424733919	1	0	2.5430846738349e-06	0.66681524887244	0.33110396981309	0.32892356847157	229.37827255809	0.0042611826559889	2.5430846738349e-06	0.66681524887244	0.33110396981309	0.32892356847157	229.37827255809	0.0042611826559889	n135	/public4/group_crf/home/cuirf/deepsea/cellpaper/hyphy/Relax_Macrourus_sp/hyphytmp/38674180/	1
N1.HOG0001831	Success	OG0000192	146	1.0239751158103e-07	-11045.533440458	-10831.861045812	-10817.696984473	3.2550035294934e-06	28.328122677398	0	0.44507161730958	0.12584172258228	0.55158926462773	9999999171.5964	0.0033391180626889	0	0.44507161730958	0.99999325327821	0.55158926462773	1.0000749520345	0.0033391180626889	n388	/public4/group_crf/home/cuirf/deepsea/cellpaper/hyphy/Relax_Macrourus_sp/hyphytmp/21424246/	6.98090971810355e-07
N1.HOG0024471	Success	OG0011415	338	0.60830827859481	-34258.109688571	-33273.055417198	-33272.924094316	1.1005507493946	0.26264576373796	0.00024346214937542	0.67774530569002	0.10584180303499	0.31273434167114	9.2581448813948	0.0095203526388333	0.00010545918878089	0.67774530569002	0.084447302807667	0.31273434167114	11.580003284694	0.0095203526388333	n0	/public4/group_crf/home/cuirf/deepsea/cellpaper/hyphy/Relax_Macrourus_sp/hyphytmp/77163414/	0.895521527528606
N1.HOG0000818	Success	OG0000068	157	2.9960555624209e-06	-16207.502793204	-15897.620537903	-15886.710996797	0.013132221177697	21.819082211667	4.336511102317e-112	0.54293066948727	0.52229542578337	0.44731910396587	25.027267083004	0.0097502265468539	0.03447928867832	0.54293066948727	0.99150660911631	0.44731910396587	1.0431920637555	0.0097502265468539	n353	/public4/group_crf/home/cuirf/deepsea/cellpaper/hyphy/Relax_Macrourus_sp/hyphytmp/61338303/	1.73307187078758e-05
N1.HOG0001882	Success	OG0000199	220	0.73511922758147	-14367.813947398	-14104.813534608	-14104.756303128	1.1247015485201	0.11446296017311	0.0016782180747052	0.87863710169123	0.4133589084108	0.1137692870115	14.492979794371	0.0075936112972639	0.00075645429243484	0.87863710169123	0.37023947552368	0.1137692870115	20.2281352302	0.0075936112972639	n483	/public4/group_crf/home/cuirf/deepsea/cellpaper/hyphy/Relax_Macrourus_sp/hyphytmp/62752144/	0.979703226812316
N1.HOG0026092	Success	OG0012999	276	0.39341368340194	-25193.560916478	-24834.612880152	-24834.248697674	0.61837392664716	0.72836495738011	6.7252643846588e-05	0.31371013185044	0.12999715507004	0.64067861865513	4.0612040417175	0.04561124949443	0.002630051514861	0.31371013185044	0.2831912264608	0.64067861865513	2.3789004291447	0.04561124949443	n0	/public4/group_crf/home/cuirf/deepsea/cellpaper/hyphy/Relax_Macrourus_sp/hyphytmp/35905144/	0.674535636810911
N1.HOG0020674	Success	OG0007940	136	1	-12505.304680258	-12308.593482492	-12308.593482492	1	0	0.00023520088811334	0.73875682643044	0.98217104971999	0.26039501112161	9999999171.5964	0.00084816244794908	0.00023520088811334	0.73875682643044	0.98217104971999	0.26039501112161	9999999171.5964	0.00084816244794908	n0	/public4/group_crf/home/cuirf/deepsea/cellpaper/hyphy/Relax_Macrourus_sp/hyphytmp/48017416/	1
N1.HOG0016389	Success	OG0005057	108	0.22962780422143	-6318.9956792426	-6190.2221845047	-6189.5006018299	0	1.4431653495994	7.2255800369445e-05	0.34533783272558	0.056256300982108	0.49913325080868	1.7535445921841	0.15552891646575	1	0.34533783272558	1	0.49913325080868	1	0.15552891646575	n115	/public4/group_crf/home/cuirf/deepsea/cellpaper/hyphy/Relax_Macrourus_sp/hyphytmp/33357828/	0.464118314885196
N1.HOG0005284	Success	OG0000736	110	1	-6836.8416834675	-6589.3143295711	-6589.3143295711	1	0	1.4638841230313e-05	0.44470771222404	0.09560511983051	0.43099752448084	5.3144358347823	0.12429476329512	1.4638841230313e-05	0.44470771222404	0.09560511983051	0.43099752448084	5.3144358347823	0.12429476329512	n1	/public4/group_crf/home/cuirf/deepsea/cellpaper/hyphy/Relax_Macrourus_sp/hyphytmp/19062704/	1
N1.HOG0024152	Success	OG0011102	265	0.34589311518485	-14065.982435116	-13891.299080305	-13890.854846879	0.61640180984072	0.88846685098906	0.00038094632391365	0.29889636452707	0.046779630451182	0.68857286703397	5.2131985480022	0.012530768438955	0.0078061744087535	0.29889636452707	0.15143302447063	0.68857286703397	2.767096895934	0.012530768438955	n0	/public4/group_crf/home/cuirf/deepsea/cellpaper/hyphy/Relax_Macrourus_sp/hyphytmp/73639274/	0.615159805266638
N1.HOG0021709	Success	OG0008817	110	1	-8416.6642513116	-8304.784294075	-8304.8104572629	1.1586140523636	-0.052326375764096	0.0054120705817821	0.86258984573063	0.6772231667799	0.13638318722259	775.91244324828	0.0010269670467805	0.0023650647961836	0.86258984573063	0.63662471109891	0.13638318722259	2229.3467440549	0.0010269670467805	n0	/public4/group_crf/home/cuirf/deepsea/cellpaper/hyphy/Relax_Macrourus_sp/hyphytmp/40800348/	1
N1.HOG0004491	Success	OG0000563	253	0.0065474050431574	-14271.691853133	-13919.05316603	-13915.356609192	0.15407295137734	7.3931136761639	1.1944974313213e-12	0.41416542573477	0.067071352147011	0.57921501718013	7.2845194642606	0.0066195570851031	0.014555151765194	0.41416542573477	0.65947919899135	0.57921501718013	1.3579152109427	0.0066195570851031	n217	/public4/group_crf/home/cuirf/deepsea/cellpaper/hyphy/Relax_Macrourus_sp/hyphytmp/73104333/	0.0235323051551138
N1.HOG0027129	Success	OG0013968	450	3.7103521093873e-05	-38065.784179836	-37727.955095482	-37719.448052079	0	17.014086805939	0.000284677764557	0.30919077341288	0.22992927262738	0.67061461772329	5.9337205214422	0.020194608863834	1	0.30919077341288	1	0.67061461772329	1	0.020194608863834	n0	/public4/group_crf/home/cuirf/deepsea/cellpaper/hyphy/Relax_Macrourus_sp/hyphytmp/64655499/	0.000182125283540782
N1.HOG0014378	Success	OG0003933	113	1.436628593865e-13	-10922.590579588	-10703.302591939	-10675.975006974	27.441902507478	54.655169929367	2.4677689525783e-05	0.37781972616019	0.013271213370429	0.4475182237151	1.3142434675659	0.17466205012472	3.5980665758338e-127	0.37781972616019	3.0838735121027e-52	0.4475182237151	1805.8866005902	0.17466205012472	n2	/public4/group_crf/home/cuirf/deepsea/cellpaper/hyphy/Relax_Macrourus_sp/hyphytmp/22699348/	1.55228171337111e-12
N1.HOG0007965	Success	OG0001293	126	0.95445333914855	-9569.111754461	-9285.5402888609	-9285.5386577815	0.029428146343771	0.0032621588616166	0	0.4198561859508	0.0019325176365095	0.41202322049896	1	0.16812059355024	0	0.4198561859508	0.83202359837969	0.41202322049896	1	0.16812059355024	n179	/public4/group_crf/home/cuirf/deepsea/cellpaper/hyphy/Relax_Macrourus_sp/hyphytmp/59240736/	1
N1.HOG0026174	Success	OG0013081	271	4.4958481382196e-12	-22931.307011702	-22614.815187108	-22590.867511168	0.0081845789173	47.895351881591	1.099228940239e-157	0.70702435455136	0.37538646527279	0.28792581417076	28.643123081736	0.0050498312778794	0.051922715705569	0.70702435455136	0.99201282440391	0.28792581417076	1.0278390137283	0.0050498312778794	n0	/public4/group_crf/home/cuirf/deepsea/cellpaper/hyphy/Relax_Macrourus_sp/hyphytmp/41326223/	4.36376672398942e-11
N1.HOG0021354	Success	OG0008503	47	8.5448338404959e-09	-4886.0708152452	-4825.7085252046	-4809.1350278326	38.942296831464	33.146994744076	0	0.019481594856114	0.01498184152555	0.58998001661293	1.167676004478	0.39053838853096	0	0.019481594856114	8.9602148961413e-72	0.58998001661293	418.49199615883	0.39053838853096	n0	/public4/group_crf/home/cuirf/deepsea/cellpaper/hyphy/Relax_Macrourus_sp/hyphytmp/27211152/	6.46697116210218e-08
N1.HOG0026451	Success	OG0013338	141	0.1341979109883	-13232.35771353	-13098.261351961	-13097.139722672	7.2979042457095	2.2432585769675	0.054716439380154	0.7034531494893	0.85305670601777	0.29080927996945	67.550881053358	0.0057375705412497	6.1788085924154e-10	0.7034531494893	0.31353305448517	0.29080927996945	22515001124998	0.0057375705412497	n0	/public4/group_crf/home/cuirf/deepsea/cellpaper/hyphy/Relax_Macrourus_sp/hyphytmp/53050331/	0.311556771726891
N1.HOG0013777	Success	OG0003622	193	0.87617515088907	-12641.716047161	-12396.614930956	-12396.602791068	1.1215448878705	0.024279775374453	0	0.52235598571281	0.11280302704886	0.44964852842231	3.355785551959	0.027995485864878	0	0.52235598571281	0.086523720618854	0.44964852842231	3.8877810356149	0.027995485864878	n2	/public4/group_crf/home/cuirf/deepsea/cellpaper/hyphy/Relax_Macrourus_sp/hyphytmp/53805389/	1
N1.HOG0002148	Success	OG0000234	384	0.10551515105657	-27841.893713319	-27517.837711488	-27516.527641639	0.76403922242397	2.620139699291	6.4832033893098e-06	0.16219858935747	0.047391491467897	0.82691509824611	8.5868418280326	0.010886312396417	0.0001086435118816	0.16219858935747	0.097315752577854	0.82691509824611	5.1699386924603	0.010886312396417	n104	/public4/group_crf/home/cuirf/deepsea/cellpaper/hyphy/Relax_Macrourus_sp/hyphytmp/80867457/	0.260078951958662
N1.HOG0016349	Success	OG0005039	392	0.70776085369422	-18091.527847472	-17611.786662168	-17611.716400275	0.96479463561977	0.14052378475753	0.0001795319439689	0.54142435384817	0.034315059069534	0.42974267203102	2.6946769301159	0.028832974120808	0.00024322938328101	0.54142435384817	0.03864057174302	0.42974267203102	2.602259237503	0.028832974120808	n2	/public4/group_crf/home/cuirf/deepsea/cellpaper/hyphy/Relax_Macrourus_sp/hyphytmp/39988096/	0.969643657612975
N1.HOG0010427	Success	OG0002069	111	4.4424647838159e-07	-9859.8394639775	-9640.3431716922	-9627.5972268972	7.4484318069435	25.491889590176	7.0963544368476e-06	0.33884707952986	0.013089942865193	0.50730894939238	1.8632721839278	0.15384397107776	4.4492575554445e-39	0.33884707952986	9.4219164712165e-15	0.50730894939238	103.07055012561	0.15384397107776	n2	/public4/group_crf/home/cuirf/deepsea/cellpaper/hyphy/Relax_Macrourus_sp/hyphytmp/10544261/	2.83723215561179e-06
N1.HOG0001352	Success	OG0000132	567	0	-57627.37572771	-55970.831703987	-55808.696287701	1.0415196560287	324.27083257321	0	0.28488537981205	0.00072611257878602	0.57605311255284	3.2564106683831	0.13906150763511	0	0.28488537981205	0.00053786579227207	0.57605311255284	3.4200143065728	0.13906150763511	n686	/public4/group_crf/home/cuirf/deepsea/cellpaper/hyphy/Relax_Macrourus_sp/hyphytmp/67814540/	0
N1.HOG0018502	Success	OG0006360	59	0.21863225064795	-3092.1721197205	-3015.4545804756	-3014.6979174153	11.321278856122	1.5133261205738	4.3732892498773e-06	0.4414551071989	0.042773981730877	0.38383066142298	1.1474875643015	0.17471423137812	2.1237100292531e-61	0.4414551071989	3.1856895352084e-16	0.38383066142298	4.7470480663693	0.17471423137812	n3	/public4/group_crf/home/cuirf/deepsea/cellpaper/hyphy/Relax_Macrourus_sp/hyphytmp/34527007/	0.450912612981006
N1.HOG0006849	Success	OG0001039	247	0.98286606778318	-24257.904628937	-23672.031518543	-23672.031287937	1.0623340465572	0.00046121214109007	1.0781615043718e-05	0.44877458236414	0.13424416927535	0.46110427364038	3.084508227573	0.090121143995488	5.2850719415114e-06	0.44877458236414	0.11844960723544	0.46110427364038	3.3088636530275	0.090121143995488	n2	/public4/group_crf/home/cuirf/deepsea/cellpaper/hyphy/Relax_Macrourus_sp/hyphytmp/58203883/	1
N1.HOG0026221	Success	OG0013124	94	0.70756591540839	-7649.8551184234	-7613.051250907	-7612.9808907223	0.81890495621613	0.14072036935977	0.049565137265722	0.63473230257405	0.062384799374011	0.30428956559022	1.3310008481413	0.060978131835732	0.085403056883485	0.63473230257405	0.10310602484059	0.30428956559022	1.2638346315328	0.060978131835732	n0	/public4/group_crf/home/cuirf/deepsea/cellpaper/hyphy/Relax_Macrourus_sp/hyphytmp/58207562/	0.969643657612975
N1.HOG0024745	Success	OG0011682	215	0.60048592689813	-23603.251337169	-23290.525458035	-23290.38832622	0.38628793373512	0.27426363045379	0	0.62936413948961	0.57891124494173	0.36865187268535	340.72446014389	0.0019839878250387	0	0.62936413948961	0.80965476173351	0.36865187268535	9.5112334805956	0.0019839878250387	n0	/public4/group_crf/home/cuirf/deepsea/cellpaper/hyphy/Relax_Macrourus_sp/hyphytmp/24557285/	0.8932602052651
N1.HOG0005583	Success	OG0000794	192	0.26415470770347	-11676.288267387	-11526.507097543	-11525.883671873	3.0170554773764	1.2468513389504	0.00015431914552841	0.59368386566953	0.13714017638676	0.32584114972378	1.4329564373231	0.08047498460669	3.1641066253717e-12	0.59368386566953	0.00249332012944	0.32584114972378	2.9604899532748	0.08047498460669	n182	/public4/group_crf/home/cuirf/deepsea/cellpaper/hyphy/Relax_Macrourus_sp/hyphytmp/91274040/	0.51142993100882
N1.HOG0027094	Success	OG0013933	50	0.70185412545324	-3697.4972656507	-3621.4510814751	-3621.3778063606	0.11105908230101	0.14655022911211	2.1091391606182e-23	0.21643449060748	0.11555157731777	0.76459468038386	12.427310679856	0.018970829008663	0.0030313489818618	0.21643449060748	0.7868876860397	0.76459468038386	1.3229411415901	0.018970829008663	n0	/public4/group_crf/home/cuirf/deepsea/cellpaper/hyphy/Relax_Macrourus_sp/hyphytmp/97105123/	0.968943647003923
N1.HOG0014067	Success	OG0003765	110	3.3177758085312e-07	-9417.1326016736	-9127.507715209	-9114.4800673603	4.8995699535745	26.055295697344	0.025502389988934	0.55685322653893	0.02574315164345	0.34852094439453	2.0349580116259	0.094625829066539	1.559306789615e-08	0.55685322653893	1.63277330995e-08	0.34852094439453	32.492941203228	0.094625829066539	n94	/public4/group_crf/home/cuirf/deepsea/cellpaper/hyphy/Relax_Macrourus_sp/hyphytmp/15853613/	2.17554917521244e-06
N1.HOG0020280	Success	OG0007624	99	0.44258247131454	-7359.8621551748	-7249.7067025571	-7249.4119137139	1.6385723174347	0.58957768632717	0.00073997803186892	0.54304535173717	0.045179195521041	0.41391472004082	1.7898314888217	0.043039928222005	7.412908467766e-06	0.54304535173717	0.0062520069206416	0.41391472004082	2.5956789871659	0.043039928222005	n0	/public4/group_crf/home/cuirf/deepsea/cellpaper/hyphy/Relax_Macrourus_sp/hyphytmp/88503319/	0.724487859400222
N1.HOG0015650	Success	OG0004637	207	0.43693393062567	-10680.228643001	-10452.680673697	-10452.378512971	1.4038677431342	0.60432145171217	4.5823024100239e-05	0.36443702873936	0.10144156120524	0.5847806958932	4.0979656106465	0.05078227536744	8.1046717954555e-07	0.36443702873936	0.040258593007637	0.5847806958932	7.2437739675054	0.05078227536744	n123	/public4/group_crf/home/cuirf/deepsea/cellpaper/hyphy/Relax_Macrourus_sp/hyphytmp/97340282/	0.718650463313406
N1.HOG0025417	Success	OG0012340	283	4.3637023896537e-06	-26528.546752714	-25714.465825344	-25703.91679657	0.37633752070381	21.098057546616	0	0.41110126761905	0.15216068493806	0.55982350144334	13.228191058999	0.02907523093761	0	0.41110126761905	0.49234522814572	0.55982350144334	2.6427902882273	0.02907523093761	n0	/public4/group_crf/home/cuirf/deepsea/cellpaper/hyphy/Relax_Macrourus_sp/hyphytmp/61854596/	2.44994794294936e-05
N1.HOG0021748	Success	OG0008854	331	0	-23525.222502633	-23182.001554694	-23136.524662366	2.3147981412511e-07	90.95378465634	0	0.64988909833363	0.10584988277006	0.34196249003368	6.101149675236	0.0081484116326862	0	0.64988909833363	0.99999948015819	0.34196249003368	1.0000004186261	0.0081484116326862	n0	/public4/group_crf/home/cuirf/deepsea/cellpaper/hyphy/Relax_Macrourus_sp/hyphytmp/94904932/	0
N1.HOG0019815	Success	OG0007293	121	0.00050395347625487	-11310.403896592	-11011.143710417	-11005.093220762	8.7472355851	12.100979310668	0.00021648527545894	0.65255908437431	0.24757893225049	0.29854058351715	5.4677499245205	0.048900332108541	8.813097379829e-33	0.65255908437431	4.9735991012957e-06	0.29854058351715	2843059.9619247	0.048900332108541	n0	/public4/group_crf/home/cuirf/deepsea/cellpaper/hyphy/Relax_Macrourus_sp/hyphytmp/17620375/	0.00214304968367789
N1.HOG0017119	Success	OG0005482	185	0.88748445391923	-15744.356415938	-15435.589180096	-15435.579170672	2.7881776904179	0.020018848907057	1.0121412731534e-05	0.55159615504333	0.1719247959349	0.43254211941655	7.4595148083616	0.015861725540123	1.1850174983403e-14	0.55159615504333	0.0073788369500555	0.43254211941655	271.18906301232	0.015861725540123	n33	/public4/group_crf/home/cuirf/deepsea/cellpaper/hyphy/Relax_Macrourus_sp/hyphytmp/48435213/	1
N1.HOG0025080	Success	OG0012007	199	2.9948821200776e-11	-22315.936971541	-21896.122872782	-21874.032750824	50	44.180243916715	4.3626513518004e-06	0.33018271765752	0.02414744989671	0.51358462910986	1.1806735932374	0.15623265323262	9.716846723179e-269	0.33018271765752	1.3917578557948e-81	0.51358462910986	4041.033951496	0.15623265323262	n0	/public4/group_crf/home/cuirf/deepsea/cellpaper/hyphy/Relax_Macrourus_sp/hyphytmp/36316984/	2.69382590695985e-10
N1.HOG0010781	Success	OG0002210	306	0.019466991923799	-22346.709260934	-21902.368359491	-21899.638823897	0.11712555719083	5.4590711882556	3.7411165162639e-06	0.64486398264796	0.21403227391138	0.34697745781782	20.558957591342	0.0081585595342208	0.23139807711581	0.64486398264796	0.8347991744739	0.34697745781782	1.4249052425436	0.0081585595342208	n100	/public4/group_crf/home/cuirf/deepsea/cellpaper/hyphy/Relax_Macrourus_sp/hyphytmp/80923655/	0.0629836009888638
N1.HOG0002528	Success	OG0000288	126	3.2040266054745e-06	-3446.4102923138	-3371.6897539389	-3360.8445899086	25.758376363918	21.690328060426	0	0.36032369047928	0.031432804803192	0.58149334684933	1.2409630043344	0.058182962671392	0	0.36032369047928	1.9725557014207e-39	0.58149334684933	260.06107050153	0.058182962671392	n3	/public4/group_crf/home/cuirf/deepsea/cellpaper/hyphy/Relax_Macrourus_sp/hyphytmp/12804100/	1.84715359335745e-05
N1.HOG0022957	Success	OG0009968	469	0.31847447886647	-39847.127623338	-38651.077210595	-38650.579610013	0.27835152782756	0.99520116289204	0	0.83448369400431	0.41361279951725	0.1102438014485	2.8624533268929	0.055272504547181	0	0.83448369400431	0.78212892191373	0.1102438014485	1.3400895956782	0.055272504547181	n0	/public4/group_crf/home/cuirf/deepsea/cellpaper/hyphy/Relax_Macrourus_sp/hyphytmp/84413186/	0.578983232478937
N1.HOG0026082	Success	OG0012989	52	0.99514319812321	-2398.2379214571	-2387.9994803583	-2387.9994618317	0.99847359360409	3.7053225241834e-05	0.0002903207926217	0.20285212648454	0.062885680575267	0.72543503956343	1	0.071712833952024	0.00029395254615973	0.20285212648454	0.063151789822618	0.72543503956343	1	0.071712833952024	n26	/public4/group_crf/home/cuirf/deepsea/cellpaper/hyphy/Relax_Macrourus_sp/hyphytmp/16176961/	1
N1.HOG0010803	Success	OG0002222	168	0.21897987911787	-12910.813351718	-12662.656398624	-12661.900876718	0.79304292960193	1.5110438116062	0.00024534909052751	0.48196142298733	0.11164901296743	0.49298303645614	3.3850900717874	0.025055540556525	0.0013707052799554	0.48196142298733	0.17575514651111	0.49298303645614	2.6300979688226	0.025055540556525	n126	/public4/group_crf/home/cuirf/deepsea/cellpaper/hyphy/Relax_Macrourus_sp/hyphytmp/56858756/	0.450973633398239
N1.HOG0007575	Success	OG0001203	208	1.0582756893029e-11	-18266.597805201	-17922.605701744	-17899.496957087	45.879905334067	46.217489315291	0	0.24234523240699	0.060278447333793	0.6428030597855	1.9770434920292	0.11485170780751	0	0.24234523240699	1.0813110924896e-56	0.6428030597855	38123810333000	0.11485170780751	n2	/public4/group_crf/home/cuirf/deepsea/cellpaper/hyphy/Relax_Macrourus_sp/hyphytmp/90320178/	9.88107409903469e-11
N1.HOG0026491	Success	OG0013376	233	1	-18952.433782745	-18568.594213533	-18570.100268404	0.99936843311885	-3.0121097420488	0.00052055224009741	0.65207816039413	0.082862997067346	0.3464041971811	9999999171.5964	0.0015176424247714	0.00052304384051489	0.65207816039413	0.082993439763271	0.3464041971811	9855627830.2476	0.0015176424247714	n0	/public4/group_crf/home/cuirf/deepsea/cellpaper/hyphy/Relax_Macrourus_sp/hyphytmp/77580941/	1
N1.HOG0027256	Success	OG0014078	93	0.10950485288138	-7797.1975336407	-7684.7122260402	-7683.4315497044	0.038571678728573	2.5613526717279	0	0.71749280668524	0.65979428031076	0.28071973819299	9999999171.5964	0.0017874551217685	0	0.71749280668524	0.98408878952597	0.28071973819299	2.4306184261369	0.0017874551217685	n0	/public4/group_crf/home/cuirf/deepsea/cellpaper/hyphy/Relax_Macrourus_sp/hyphytmp/37349120/	0.267990508903434
N1.HOG0023758	Success	OG0010724	131	0.68893894906395	-12306.26922789	-12074.787576019	-12074.707457812	0.60575943610119	0.16023641443462	7.2358898468458e-06	0.63756740377351	0.25328414812471	0.33137475572366	6.2393487991473	0.031057840502835	0.00076928761469656	0.63756740377351	0.43524112536463	0.33137475572366	3.0315386714159	0.031057840502835	n0	/public4/group_crf/home/cuirf/deepsea/cellpaper/hyphy/Relax_Macrourus_sp/hyphytmp/34598580/	0.962339815131735
N1.HOG0017449	Success	OG0005688	195	0.025615149630096	-12297.397653779	-11968.815464724	-11966.324559029	0.075609762832186	4.9818113900219	3.842006089063e-06	0.62986626149028	0.12727871231787	0.35140752207023	8.3101951822407	0.018726216439495	0.38952893047739	0.62986626149028	0.85567884751856	0.35140752207023	1.1736310384455	0.018726216439495	n21	/public4/group_crf/home/cuirf/deepsea/cellpaper/hyphy/Relax_Macrourus_sp/hyphytmp/97286441/	0.0797418312206395
N1.HOG0015866	Success	OG0004756	41	0.022872789749715	-3078.8041453582	-3095.1437480125	-3092.5546777651	50	5.1781404947887	0.0033844938036384	0.74162647364209	0.72187348687992	0.25837352635791	1.1181449389562	0	2.9832260739837e-124	0.74162647364209	8.376345113564e-08	0.25837352635791	266.01438352975	0	n56	/public4/group_crf/home/cuirf/deepsea/cellpaper/hyphy/Relax_Macrourus_sp/hyphytmp/86643147/	0.0722123945133003
N1.HOG0009450	Success	OG0001746	347	0.0086748564056085	-22787.428300021	-21996.189533718	-21992.745247955	35.706090180431	6.8885715245779	0.0020157407197184	0.89522994342991	0.93910278194597	0.093978854106188	64.127793529891	0.010791202463906	5.6480847530982e-97	0.89522994342991	0.10609439845452	0.093978854106188	3.330872808917e+64	0.010791202463906	n119	/public4/group_crf/home/cuirf/deepsea/cellpaper/hyphy/Relax_Macrourus_sp/hyphytmp/41989765/	0.030728666607908
N1.HOG0022656	Success	OG0009680	151	0.69849030721177	-14341.162408899	-14152.937117507	-14152.862093934	0.37388663739286	0.15004714682436	4.3837181508725e-05	0.7294587526443	0.66218282053442	0.27008025421833	118.52322361022	0.00046099313736819	0.02347162691146	0.7294587526443	0.85716816386581	0.27008025421833	5.9616626943603	0.00046099313736819	n0	/public4/group_crf/home/cuirf/deepsea/cellpaper/hyphy/Relax_Macrourus_sp/hyphytmp/23436868/	0.968828958060723
N1.HOG0005111	Success	OG0000689	90	0.88975159844375	-5503.5564263471	-5327.2449792675	-5327.2353717188	1.1501283223663	0.019215097358028	0.00011987972732303	0.56664244320493	0.27251395984826	0.42914711457874	4843.1257198389	0.0042104422163321	3.0906827182983e-05	0.56664244320493	0.22419432509278	0.42914711457874	17312.807025519	0.0042104422163321	n123	/public4/group_crf/home/cuirf/deepsea/cellpaper/hyphy/Relax_Macrourus_sp/hyphytmp/38548857/	1
N1.HOG0014902	Success	OG0004221	256	0.41046164610192	-20768.202305458	-20167.95297777	-20167.614246189	0.65514068606942	0.6774631624794	1.4399398001027e-05	0.45251600397908	0.13418163265567	0.50008407500019	6.2538292654464	0.047399921020725	0.00067302994317177	0.45251600397908	0.26823549135562	0.50008407500019	3.3234385265875	0.047399921020725	n2	/public4/group_crf/home/cuirf/deepsea/cellpaper/hyphy/Relax_Macrourus_sp/hyphytmp/92001230/	0.6959235321954
N1.HOG0026982	Success	OG0013831	155	0	-11953.559158185	-11739.87908965	-11689.624347452	50	100.50948439589	6.4680872360029e-06	0.32666679359626	0.0014584651927836	0.5438774247571	1.1080078135246	0.12945578164665	3.4577487519082e-260	0.32666679359626	1.5660421363291e-142	0.5438774247571	168.7101259031	0.12945578164665	n0	/public4/group_crf/home/cuirf/deepsea/cellpaper/hyphy/Relax_Macrourus_sp/hyphytmp/30533510/	0
N1.HOG0002820	Success	OG0000319	257	0.003830569221292	-21969.363828879	-21499.866404013	-21495.685186502	0.17678064582496	8.3624350233804	0.00015199926553698	0.25488609831207	0.039877364237787	0.6933538077573	2.7273916528038	0.051760093930629	0.21136032722512	0.25488609831207	0.56576427068153	0.6933538077573	1.1940753298372	0.051760093930629	n374	/public4/group_crf/home/cuirf/deepsea/cellpaper/hyphy/Relax_Macrourus_sp/hyphytmp/74728242/	0.0144002580354041
N1.HOG0024944	Success	OG0011874	126	0.88983728305573	-9354.7321925038	-9259.5170759726	-9259.5074834478	1.1109020447477	0.019185049506632	0.0005000257338966	0.68486586396983	0.24728940016648	0.31091500201635	13.828744568263	0.0042191340138231	0.00021523052175271	0.68486586396983	0.21179258468836	0.31091500201635	18.505375200554	0.0042191340138231	n0	/public4/group_crf/home/cuirf/deepsea/cellpaper/hyphy/Relax_Macrourus_sp/hyphytmp/95844708/	1
N1.HOG0026211	Success	OG0013114	164	0.7580222414209	-19648.910220507	-19428.058883664	-19428.011427337	0.72703592716128	0.094912653046777	1.2679761312374e-05	0.43955077970157	0.37657301236563	0.51585888831741	3.6061094670892	0.04459033198102	0.00027528707583226	0.43955077970157	0.49161726275443	0.51585888831741	2.5408983868501	0.04459033198102	n0	/public4/group_crf/home/cuirf/deepsea/cellpaper/hyphy/Relax_Macrourus_sp/hyphytmp/72129057/	0.991082352177402
N1.HOG0014265	Success	OG0003872	129	0.94656445330068	-9475.6901557252	-9423.5644281824	-9423.5621822304	0.98264851897	0.0044919040010427	0	0.1974343561664	0.12386286071299	0.79604269051121	11.772601207592	0.0065229533223941	0	0.1974343561664	0.12843397419904	0.79604269051121	11.279535359029	0.0065229533223941	n92	/public4/group_crf/home/cuirf/deepsea/cellpaper/hyphy/Relax_Macrourus_sp/hyphytmp/76666562/	1
N1.HOG0026374	Success	OG0013262	79	0.9109284995042	-7722.0424795492	-7550.6376974248	-7550.6314402607	1.0687144812097	0.012514328120233	9.300475064856e-06	0.34835286596541	0.058015064944539	0.5621001057414	2.4103612478999	0.089547028293187	4.1953536246146e-06	0.34835286596541	0.047706562997984	0.5621001057414	2.5605703495984	0.089547028293187	n0	/public4/group_crf/home/cuirf/deepsea/cellpaper/hyphy/Relax_Macrourus_sp/hyphytmp/48659260/	1
N1.HOG0020709	Success	OG0007968	224	0.32715465554451	-17843.545692522	-17672.775542708	-17672.295478757	1.4930612552154	0.96012790036912	0	0.8007247277383	0.78771402507768	0.19662737665604	17.185718602415	0.0026478956056577	0	0.8007247277383	0.70028034829323	0.19662737665604	69.852351577103	0.0026478956056577	n0	/public4/group_crf/home/cuirf/deepsea/cellpaper/hyphy/Relax_Macrourus_sp/hyphytmp/84533667/	0.587920186428314
N1.HOG0015844	Success	OG0004744	126	0.071104233067753	-8061.5969703488	-7851.2914138009	-7849.6627420889	0.3998634561163	3.2573434239257	0.0015532670972508	0.5778564289043	0.16680891677461	0.41492546365375	9999999171.5964	0.0072181074419492	0.075315085810561	0.5778564289043	0.48864550271151	0.41492546365375	9968.6086518286	0.0072181074419492	n10	/public4/group_crf/home/cuirf/deepsea/cellpaper/hyphy/Relax_Macrourus_sp/hyphytmp/24367222/	0.189390809938604
N1.HOG0012893	Success	OG0003157	250	0.65182719243295	-21856.903951361	-21552.710408671	-21552.608606545	0.97217483390291	0.20360425201216	0.00026593071706518	0.62085646921859	0.25280346027181	0.37619883742227	61.752461545484	0.0029446933591481	0.0003343874079463	0.62085646921859	0.26266407394421	0.37619883742227	55.059088996153	0.0029446933591481	n117	/public4/group_crf/home/cuirf/deepsea/cellpaper/hyphy/Relax_Macrourus_sp/hyphytmp/18005810/	0.933199263833173
N1.HOG0024189	Success	OG0011139	120	0.048381282914573	-9626.115524528	-9562.2062120238	-9560.2578660375	0.41056831534286	3.8966919725535	0.0074628017658563	0.43091418742496	0.1556170982376	0.55374431760147	4.8131838647573	0.01534149497357	0.13386927729664	0.43091418742496	0.46589101194761	0.55374431760147	1.9062731998975	0.01534149497357	n0	/public4/group_crf/home/cuirf/deepsea/cellpaper/hyphy/Relax_Macrourus_sp/hyphytmp/91208337/	0.137386849664854
N1.HOG0027139	Success	OG0013976	67	0.52386851214232	-6703.3642384709	-6612.7123329083	-6612.5091976233	0.93260972182473	0.40627056999801	0.0058785246655296	0.68594867676194	0.67535570824124	0.31405132323806	14.113561492273	0	0.0083099415974908	0.68594867676194	0.69345841426078	0.31405132323806	11.807617830771	0	n0	/public4/group_crf/home/cuirf/deepsea/cellpaper/hyphy/Relax_Macrourus_sp/hyphytmp/76092997/	0.81967769021904
N1.HOG0025425	Success	OG0012348	298	0.53402944719402	-26285.80570825	-25804.103915256	-25803.910556088	1.5885314672315	0.38671833631088	0.0092356035727595	0.77439480087416	0.83555020965326	0.21869892856405	24.725179345695	0.0069062705617915	0.00058624287972826	0.77439480087416	0.75171106736651	0.21869892856405	163.32243839928	0.0069062705617915	n0	/public4/group_crf/home/cuirf/deepsea/cellpaper/hyphy/Relax_Macrourus_sp/hyphytmp/70064824/	0.830282887130612
N1.HOG0014281	Success	OG0003882	153	0.88190971085049	-14501.435204771	-14238.965892908	-14238.954859541	0.99297705874436	0.022066732974054	0.00042000632224195	0.45923793699023	0.13108246874204	0.51860923579101	6.4744548650051	0.022152827218755	0.00044357851607998	0.45923793699023	0.1329664409708	0.51860923579101	6.3900782324242	0.022152827218755	n119	/public4/group_crf/home/cuirf/deepsea/cellpaper/hyphy/Relax_Macrourus_sp/hyphytmp/86505783/	1
N1.HOG0023837	Success	OG0010797	298	0.057297258223888	-24951.326516806	-24581.142246046	-24579.33527654	4.3904016876213	3.6139390106546	2.5779190522046e-05	0.55475068754971	0.066393846509148	0.36922357049412	1.4679073473084	0.076025741956162	7.1388603460943e-21	0.55475068754971	6.7401263442279e-06	0.36922357049412	5.3935413057327	0.076025741956162	n0	/public4/group_crf/home/cuirf/deepsea/cellpaper/hyphy/Relax_Macrourus_sp/hyphytmp/67251028/	0.158768854239741
N1.HOG0003237	Success	OG0000380	286	8.3513818154413e-05	-26015.203798885	-25494.084563295	-25486.346046271	2.2801536919478	15.47703404841	1.2554264295989e-05	0.63209634289158	0.32715726611511	0.30884309156385	4.0642295721857	0.059060565544574	6.6756077954262e-12	0.63209634289158	0.078265506907051	0.30884309156385	24.466055859728	0.059060565544574	n267	/public4/group_crf/home/cuirf/deepsea/cellpaper/hyphy/Relax_Macrourus_sp/hyphytmp/28359313/	0.000396344584500778
N1.HOG0016951	Success	OG0005382	137	0.84929903739847	-7638.9257921016	-7462.9597773026	-7462.9417248553	0.98752688230124	0.036104894679738	0.00015780969080508	0.52780523997396	0.13155276346691	0.44500731088145	5.9934363030828	0.02718744914459	0.00017601707313901	0.52780523997396	0.13492348343778	0.44500731088145	5.8610557332766	0.02718744914459	n104	/public4/group_crf/home/cuirf/deepsea/cellpaper/hyphy/Relax_Macrourus_sp/hyphytmp/72077660/	1
N1.HOG0011071	Success	OG0002324	242	1.7985612998928e-14	-15759.233091213	-15190.246697752	-15160.877709668	7.3445008175439	58.737976168464	9.3214053595508e-06	0.42237386741631	0.0020503312647943	0.49449994308708	1.708505739812	0.08312618949661	1.1307119692621e-37	0.42237386741631	1.8058822158737e-20	0.49449994308708	51.103618186919	0.08312618949661	n144	/public4/group_crf/home/cuirf/deepsea/cellpaper/hyphy/Relax_Macrourus_sp/hyphytmp/50193956/	2.10199204980669e-13
N1.HOG0007466	Success	OG0001175	123	1	-5774.1973173498	-5609.2900459364	-5609.2900459364	1	-5.4569682106376e-12	0.00031502630204098	0.31161396434836	0.12581738530132	0.55180834784077	4.1066117888009	0.13657768781088	0.00031502630204098	0.31161396434836	0.12581738530132	0.55180834784077	4.1066117888009	0.13657768781088	n134	/public4/group_crf/home/cuirf/deepsea/cellpaper/hyphy/Relax_Macrourus_sp/hyphytmp/89276055/	1
N1.HOG0026347	Success	OG0013235	135	0.13035470014184	-11170.935563756	-11098.757187192	-11097.613049526	0.18836101102694	2.2882753323756	0	0.28815949564646	0.069262834809468	0.63518720490914	1	0.076653299444405	0	0.28815949564646	0.60477726571259	0.63518720490914	1	0.076653299444405	n0	/public4/group_crf/home/cuirf/deepsea/cellpaper/hyphy/Relax_Macrourus_sp/hyphytmp/84505317/	0.305524385871325
N1.HOG0023097	Success	OG0010098	282	0.93487699336988	-29602.99513405	-29149.712463758	-29149.709125462	0.9960096906103	0.0066765924784704	0.00041194433465928	0.50153782489318	0.46683942407759	0.48771683232438	35.605866562594	0.010745342782446	0.00042495835880203	0.50153782489318	0.46826063372558	0.48771683232438	35.101890643569	0.010745342782446	n0	/public4/group_crf/home/cuirf/deepsea/cellpaper/hyphy/Relax_Macrourus_sp/hyphytmp/11051129/	1
N1.HOG0010428	Success	OG0002069	110	0.22025901772631	-9428.0387628013	-9129.5103561234	-9128.7590146822	2.4091736529554	1.502682882503	0	0.7955577058643	1	0.19457200023313	27.763682088206	0.009870293902568	0	0.7955577058643	1	0.19457200023313	3003.2183465202	0.009870293902568	n118	/public4/group_crf/home/cuirf/deepsea/cellpaper/hyphy/Relax_Macrourus_sp/hyphytmp/12975430/	0.451930603438928
N1.HOG0003267	Success	OG0000386	218	0.00014020817484828	-12956.433781165	-12753.571170779	-12746.321497538	0	14.499346482437	0	0.51420797401693	0.24976444985947	0.40719487805401	3.0312144720295	0.078597147929063	1	0.51420797401693	1	0.40719487805401	1	0.078597147929063	n1	/public4/group_crf/home/cuirf/deepsea/cellpaper/hyphy/Relax_Macrourus_sp/hyphytmp/44444681/	0.000647520549433723
N1.HOG0024862	Success	OG0011793	185	0.46638059534234	-16167.891129493	-15788.464625365	-15788.199356168	0.62230759749785	0.53053839426138	0	0.52316560438699	0.15470951370189	0.42200432053293	5.1877444933005	0.054830075080081	0	0.52316560438699	0.31306194890775	0.42200432053293	2.7857144770915	0.054830075080081	n0	/public4/group_crf/home/cuirf/deepsea/cellpaper/hyphy/Relax_Macrourus_sp/hyphytmp/90683666/	0.752339777275249
N1.HOG0008145	Success	OG0001338	42	1	-2574.2972829973	-2531.8421750175	-2531.8421750175	1.167723461153	0	0.00032509331506469	0.70446356783581	0.048783418387619	0.28508704776078	5.6440982780237	0.010449384403407	8.4525929450801e-05	0.70446356783581	0.029394407287523	0.28508704776078	7.544919483768	0.010449384403407	n196	/public4/group_crf/home/cuirf/deepsea/cellpaper/hyphy/Relax_Macrourus_sp/hyphytmp/45694196/	1
N1.HOG0003618	Success	OG0000442	185	0.66749603141163	-6869.5747593899	-6619.7297197785	-6619.6374472455	0.59565011861498	0.1845450660403	0	0.35844905427094	0.0010762530639414	0.59764218207648	2.5884626799557	0.043908763652579	0	0.35844905427094	0.017063159907949	0.59764218207648	1.762091520767	0.043908763652579	n538	/public4/group_crf/home/cuirf/deepsea/cellpaper/hyphy/Relax_Macrourus_sp/hyphytmp/97357086/	0.949303130765878
N1.HOG0023365	Success	OG0010355	331	0.97307848140294	-24195.326818076	-23833.527243143	-23833.526673695	0.98730771835362	0.0011388954153517	0.00038101040624923	0.54505750329099	0.10956431631328	0.44725780738555	5.9231707546627	0.0076846893234624	0.0004210489125394	0.54505750329099	0.11268287598971	0.44725780738555	5.7909361515425	0.0076846893234624	n0	/public4/group_crf/home/cuirf/deepsea/cellpaper/hyphy/Relax_Macrourus_sp/hyphytmp/74984529/	1
N1.HOG0022759	Success	OG0009775	138	0.25938657546065	-11868.546726439	-11751.784514555	-11751.148500561	0.35691269969045	1.272027987201	0.010496464947545	0.67889533253632	0.40244694310657	0.30718381838085	8.9583315041161	0.013920849082833	0.19664600865066	0.67889533253632	0.72262917414408	0.30718381838085	2.187066334367	0.013920849082833	n0	/public4/group_crf/home/cuirf/deepsea/cellpaper/hyphy/Relax_Macrourus_sp/hyphytmp/86271915/	0.505245052881402
N1.HOG0016040	Success	OG0004853	113	0.91422517726251	-4797.3428146482	-4742.289150093	-4742.283349295	0.6732883860217	0.011601596053879	0.00026209263998192	0.53410847732245	0.13859946851703	0.45926422030084	5.183724287949	0.0066273023767117	0.0038778162829344	0.53410847732245	0.26433704406363	0.45926422030084	3.028029399999	0.0066273023767117	n0	/public4/group_crf/home/cuirf/deepsea/cellpaper/hyphy/Relax_Macrourus_sp/hyphytmp/70268032/	1
N1.HOG0028361	Success	OG0015132	34	0.7965225459661	-440.95821687655	-421.77253500438	-421.7392916502	1.7487084877703	0.066486708345451	1.5603754792375e-16	0.11753284291276	1.6804043622558e-16	0.6909646377826	19.176521978372	0.19150251930464	2.2833137527525e-28	0.11753284291276	2.5992450254902e-28	0.6909646377826	175.06144603815	0.19150251930464	n0	/public4/group_crf/home/cuirf/deepsea/cellpaper/hyphy/Relax_Macrourus_sp/hyphytmp/34122516/	1
N1.HOG0026137	Success	OG0013044	340	0.7989084249839	-30294.246908345	-29606.537331877	-29606.504880533	0.91907943221429	0.064902688245638	3.0757610920566e-05	0.40594226022138	0.13454654201214	0.56566739739192	8.1926903444251	0.028390342386699	7.1296799755083e-05	0.40594226022138	0.15825763416613	0.56566739739192	6.9105330134753	0.028390342386699	n0	/public4/group_crf/home/cuirf/deepsea/cellpaper/hyphy/Relax_Macrourus_sp/hyphytmp/83485626/	1
N1.HOG0022615	Success	OG0009643	168	0	-14014.872660899	-13847.129073408	-13800.869299739	50	92.519547336713	2.649381650974e-05	0.5001392690213	0.04431203967543	0.33016696484226	1.1129556167471	0.16969376613644	1.4362373218539e-229	0.5001392690213	2.1187857799104e-68	0.33016696484226	210.81051948215	0.16969376613644	n0	/public4/group_crf/home/cuirf/deepsea/cellpaper/hyphy/Relax_Macrourus_sp/hyphytmp/47862699/	0
N1.HOG0022538	Success	OG0009570	263	0.54590503260317	-26026.393494932	-25620.88546507	-25620.703112837	1.1756116087425	0.36470446766907	7.7351122536692e-05	0.51901096294987	0.18644037329255	0.44854487575365	4.3466088780876	0.032444161296485	1.4670118756074e-05	0.51901096294987	0.13881561239207	0.44854487575365	5.6262264703168	0.032444161296485	n0	/public4/group_crf/home/cuirf/deepsea/cellpaper/hyphy/Relax_Macrourus_sp/hyphytmp/42260556/	0.843391195725252
N1.HOG0027483	Success	OG0014293	57	0.52136703419659	-5113.5898061971	-4992.95505476	-4992.7494606569	0.65528167367553	0.41118820616975	0.00038647215583265	0.24667469431257	0.15259697633893	0.70084946116558	9.8874205735181	0.052475844521852	0.0058023124088235	0.24667469431257	0.29173773672484	0.70084946116558	4.4880703807501	0.052475844521852	n0	/public4/group_crf/home/cuirf/deepsea/cellpaper/hyphy/Relax_Macrourus_sp/hyphytmp/67674730/	0.817214685064176
N1.HOG0020311	Success	OG0007652	270	0.0048547187517477	-24878.643370235	-24517.114068119	-24513.147678782	0.86266346223866	7.9327786752037	2.7982385124225e-05	0.28310755519369	0.092254749090158	0.69078544372195	3.9496013512761	0.026107001084368	0.00011808475063349	0.28310755519369	0.12797749233738	0.69078544372195	3.2705794460255	0.026107001084368	n0	/public4/group_crf/home/cuirf/deepsea/cellpaper/hyphy/Relax_Macrourus_sp/hyphytmp/70462126/	0.0178595435021468
N1.HOG0014817	Success	OG0004173	248	0.82070320352394	-14885.087195977	-14372.979855513	-14372.954172528	0.76487110310918	0.051365970841289	2.7114181024307e-05	0.52339329197757	0.049665452223827	0.41307499997672	3.2440868185173	0.063531708045717	0.00032135418682169	0.52339329197757	0.10061197775878	0.41307499997672	2.4599136366367	0.063531708045717	n87	/public4/group_crf/home/cuirf/deepsea/cellpaper/hyphy/Relax_Macrourus_sp/hyphytmp/96754834/	1
N1.HOG0008249	Success	OG0001368	148	8.5820239803525e-14	-14688.451965537	-14309.991050009	-14282.157062974	42.96022117163	55.667974068998	1.56630603949e-05	0.37567878334134	0.087934375396764	0.5878589692289	4.286017610968	0.036462247429752	3.7225192010351e-207	0.37567878334134	4.3734433400851e-46	0.5878589692289	1.4229103417236e+27	0.036462247429752	n73	/public4/group_crf/home/cuirf/deepsea/cellpaper/hyphy/Relax_Macrourus_sp/hyphytmp/19640787/	9.45122897323436e-13
N1.HOG0004257	Success	OG0000528	52	0.78393021660275	-4321.7801182813	-4221.7047457657	-4221.6671526918	1.2224229619298	0.075186147785644	0.00035306861203819	0.32321256116919	0.020086407959125	0.57314409680258	1.5380142598451	0.10364334202823	6.0259248136382e-05	0.32321256116919	0.0084222625806204	0.57314409680258	1.6925622079458	0.10364334202823	n2	/public4/group_crf/home/cuirf/deepsea/cellpaper/hyphy/Relax_Macrourus_sp/hyphytmp/50659908/	1
N1.HOG0023217	Success	OG0010218	223	0.1958453057141	-18072.413075429	-17863.900185797	-17863.063641323	0.74708969721699	1.6730889482205	0.043695671575695	0.84384690996313	0.6654421585599	0.13840482999436	8.1430894708207	0.017748260042512	0.096446295217064	0.84384690996313	0.73764522661747	0.13840482999436	4.7911661587757	0.017748260042512	n0	/public4/group_crf/home/cuirf/deepsea/cellpaper/hyphy/Relax_Macrourus_sp/hyphytmp/14269152/	0.417436725728733
N1.HOG0010651	Success	OG0002161	308	0.26207924648351	-27805.210460915	-27474.937775251	-27474.308905079	0.5883637174966	1.25774034387	2.5784048423548e-05	0.42532951829636	0.19634999053513	0.55754551837396	8.247303093413	0.017124963329675	0.0019962065657191	0.42532951829636	0.38374702634412	0.55754551837396	3.4603872924393	0.017124963329675	n157	/public4/group_crf/home/cuirf/deepsea/cellpaper/hyphy/Relax_Macrourus_sp/hyphytmp/72066001/	0.508185265754707
N1.HOG0019566	Success	OG0007106	210	0	-16823.885008196	-16590.10455102	-16511.612830914	50	156.9834402122	0	0.3076388006639	0.012074383980026	0.48065949317003	1.13759799339	0.21170170616607	0	0.3076388006639	1.2395074498455e-96	0.48065949317003	630.14553987451	0.21170170616607	n0	/public4/group_crf/home/cuirf/deepsea/cellpaper/hyphy/Relax_Macrourus_sp/hyphytmp/58816629/	0
N1.HOG0013753	Success	OG0003610	130	0.95765494916372	-9524.2921402432	-9381.9255451451	-9381.9241355212	0.998001998002	0.0028192477693665	0.00021868670430567	0.43359901363526	0.17253051162641	0.56363101303827	2529.9496387001	0.0027699733264711	0.00022240032719429	0.43359901363526	0.17313730519089	0.56363101303827	2490.6485634017	0.0027699733264711	n1	/public4/group_crf/home/cuirf/deepsea/cellpaper/hyphy/Relax_Macrourus_sp/hyphytmp/65815543/	1
N1.HOG0022372	Success	OG0009420	217	1.1102230246252e-16	-12657.095731779	-12219.383543318	-12184.686860623	1.2914484287839e-08	69.39336539161	0	0.57889214237401	0.0030896206059414	0.41659669962695	9999999171.5964	0.0045111579990436	0	0.57889214237401	0.99999992535807	0.41659669962695	1.000000297367	0.0045111579990436	n0	/public4/group_crf/home/cuirf/deepsea/cellpaper/hyphy/Relax_Macrourus_sp/hyphytmp/18260157/	1.64427858302249e-15
N1.HOG0015117	Success	OG0004328	66	0.085487841625581	-3260.7160380966	-3171.5021182647	-3170.0234422922	3.0538924471329	2.9573519451123	0	0.38292331237834	0.034808847333499	0.60472928710046	23.755820838344	0.012347400521205	0	0.38292331237834	3.5194679348354e-05	0.60472928710046	15902.072823644	0.012347400521205	n71	/public4/group_crf/home/cuirf/deepsea/cellpaper/hyphy/Relax_Macrourus_sp/hyphytmp/51298882/	0.220854303628193
N1.HOG0016467	Success	OG0005104	71	0.015318251083654	-5321.1483467023	-5230.0367144852	-5227.0969690813	1.1442505369176e-06	5.8794908077452	0	0.52907937098772	0.59993018628775	0.45091345732853	10.819207538479	0.020007171683754	0	0.52907937098772	0.99999941535453	0.45091345732853	1.0000027248339	0.020007171683754	n3	/public4/group_crf/home/cuirf/deepsea/cellpaper/hyphy/Relax_Macrourus_sp/hyphytmp/87595484/	0.0508045470303428
N1.HOG0006049	Success	OG0000876	177	0.065624993795743	-11585.238829105	-11354.522488517	-11352.82789117	22.048949817627	3.38919469346	0.00012815461391798	0.57953430593454	0.14187169744493	0.41777764810149	9999999171.5964	0.0026880459639689	1.5122643920044e-86	0.57953430593454	1.9961459006039e-19	0.41777764810149	3.0867210455327e+220	0.0026880459639689	n250	/public4/group_crf/home/cuirf/deepsea/cellpaper/hyphy/Relax_Macrourus_sp/hyphytmp/72986890/	0.178958316414423
N1.HOG0024974	Success	OG0011903	271	0.11362227608357	-27310.6921393	-26873.035432541	-26871.783881368	0.17507954889217	2.5031023452466	0.0001658849452479	0.3553118148746	0.092204789931418	0.5375445738384	1.9910992680113	0.10714361128701	0.21785398587991	0.3553118148746	0.65879380523843	0.5375445738384	1.1281453359064	0.10714361128701	n0	/public4/group_crf/home/cuirf/deepsea/cellpaper/hyphy/Relax_Macrourus_sp/hyphytmp/95981683/	0.274161615606142
N1.HOG0019367	Success	OG0006970	318	0.95272724978181	-24981.119130701	-24635.673124534	-24635.671367338	1.0035686351599	0.0035143924469594	0.0007770797992967	0.59737055901326	0.21696791609082	0.39184805484678	9.7653336906108	0.010781386139957	0.00075747591014393	0.59737055901326	0.2157880326007	0.39184805484678	9.8450725362175	0.010781386139957	n0	/public4/group_crf/home/cuirf/deepsea/cellpaper/hyphy/Relax_Macrourus_sp/hyphytmp/39630507/	1
N1.HOG0013972	Success	OG0003719	297	0.72013315197974	-24042.946985954	-23445.589924962	-23445.52574238	0.51062742264653	0.12836516337848	3.9926960772702e-10	0.12432909157184	0.001637609165514	0.68351911171917	1	0.19215179670899	1.5876282229797e-05	0.12432909157184	0.037800658478657	0.68351911171917	1	0.19215179670899	n2	/public4/group_crf/home/cuirf/deepsea/cellpaper/hyphy/Relax_Macrourus_sp/hyphytmp/41616615/	0.97493203711678
N1.HOG0006568	Success	OG0000975	239	0.59575789836272	-10548.92268253	-10288.827362424	-10288.686641627	0.60897912683755	0.2814415936009	2.3255595712233e-05	0.72499645424674	0.01088443721983	0.25721785669015	NA	NA	0	0.25721785669015	0.0015076896161235	0.72499645424674	NA	NA	n1	/public4/group_crf/home/cuirf/deepsea/cellpaper/hyphy/Relax_Macrourus_sp/hyphytmp/19851097/	0.888465338009681
N1.HOG0001461	Success	OG0000146	82	1	-2688.491368618	-2625.18156756	-2625.18156756	0.92505526333645	0	0.00012777249147535	0.57522906733391	0.043366803649456	0.38544192595923	1.0046573911334	0.039329006706857	0.00025017239704914	0.57522906733391	0.054864988486518	0.38544192595923	1.004307593526	0.039329006706857	n835	/public4/group_crf/home/cuirf/deepsea/cellpaper/hyphy/Relax_Macrourus_sp/hyphytmp/85381310/	1
N1.HOG0025985	Success	OG0012893	273	0	-25311.101031479	-24778.612087392	-24721.550750564	13.438586807395	114.12267365577	0	0.38479981156716	0.00095346987368582	0.44917081051644	1.3846797437218	0.1660293779164	0	0.38479981156716	2.5477368611209e-41	0.44917081051644	79.347886344772	0.1660293779164	n0	/public4/group_crf/home/cuirf/deepsea/cellpaper/hyphy/Relax_Macrourus_sp/hyphytmp/29037522/	0
N1.HOG0022611	Success	OG0009639	176	0.27860583494003	-18750.808438233	-18361.050404737	-18360.463465709	0.88719252674617	1.1738780561791	0.00028432799480908	0.58498934332053	0.37019807909999	0.39134074960691	11.838919970208	0.023669907072561	0.00071425825818802	0.58498934332053	0.41411218809104	0.39134074960691	8.9584827235664	0.023669907072561	n0	/public4/group_crf/home/cuirf/deepsea/cellpaper/hyphy/Relax_Macrourus_sp/hyphytmp/25310112/	0.530648364109724
N1.HOG0008838	Success	OG0001572	280	1.7053686370949e-05	-13392.731710691	-12738.378021277	-12729.131562584	0.28017753576617	18.49291738576	8.2898130422364e-11	0.66368933256733	0.21872704787991	0.32067646973997	516.88379007046	0.015634197692704	0.0014976237105056	0.66368933256733	0.65321403384178	0.32067646973997	5.7574707437061	0.015634197692704	n2	/public4/group_crf/home/cuirf/deepsea/cellpaper/hyphy/Relax_Macrourus_sp/hyphytmp/28341745/	8.93238816624707e-05
N1.HOG0026802	Success	OG0013664	280	0	-25823.851727936	-25162.102459073	-25123.784448045	11.875035694108	76.636022056977	0.00015857342719881	0.38567475044088	0.042314778125953	0.52331166670529	2.2622617391311	0.091013582853837	7.5439798519853e-46	0.38567475044088	4.8926514924576e-17	0.52331166670529	16225.907831306	0.091013582853837	n0	/public4/group_crf/home/cuirf/deepsea/cellpaper/hyphy/Relax_Macrourus_sp/hyphytmp/69958562/	0
N1.HOG0023020	Success	OG0010028	130	0.92666204415065	-10019.245216037	-9951.8252998823	-9951.8210637133	0.8503782189827	0.0084723381769436	0.04235143045719	0.10374390132307	0.052500921551661	0.81323153984904	1.5143344734165	0.083024558827891	0.067970196663197	0.10374390132307	0.081593926040942	0.81323153984904	1.4231697399232	0.083024558827891	n0	/public4/group_crf/home/cuirf/deepsea/cellpaper/hyphy/Relax_Macrourus_sp/hyphytmp/93368912/	1
N1.HOG0022524	Success	OG0009556	271	0.00014498173995214	-17198.34306812	-16776.272326027	-16769.054183215	0.011803074620358	14.43628562415	1.1767557285338e-143	0.82683061889326	0.57378568850606	0.16892946497729	9998.9900010095	0.0042399161294586	0.020558652473081	0.82683061889326	0.99346484770677	0.16892946497729	1.1148380441959	0.0042399161294586	n0	/public4/group_crf/home/cuirf/deepsea/cellpaper/hyphy/Relax_Macrourus_sp/hyphytmp/40606628/	0.000667771123961867
N1.HOG0027753	Success	OG0014550	72	0.60570782981148	-3900.0482536055	-3863.2234768397	-3863.0902405191	0.74045363194873	0.26647264131498	0.00026994780020143	0.19604865377087	0.13716568522195	0.77738012994512	5.6460517656427	0.026571216284014	0.002277865941713	0.19604865377087	0.22970491095346	0.77738012994512	3.6027340874286	0.026571216284014	n0	/public4/group_crf/home/cuirf/deepsea/cellpaper/hyphy/Relax_Macrourus_sp/hyphytmp/95338026/	0.895521527528606
N1.HOG0011732	Success	OG0002598	185	0.98857703281737	-14009.632337566	-13853.585131161	-13853.585028672	0.98023919309213	0.00020497807417996	0	0.54539633659497	0.12201583033446	0.42379236761962	1.9672487212263	0.030811295785411	0	0.54539633659497	0.12719479308609	0.42379236761962	1.9411199600275	0.030811295785411	n116	/public4/group_crf/home/cuirf/deepsea/cellpaper/hyphy/Relax_Macrourus_sp/hyphytmp/30172909/	1
N1.HOG0014394	Success	OG0003943	121	0.41710897453468	-8680.1517891037	-8604.5124891051	-8604.1832659273	0.40936029448588	0.65844635577014	0.004256040152355	0.63236764816137	0.24390930994475	0.35778443653172	6.0516565200594	0.0098479153069172	0.10700623454672	0.63236764816137	0.56124906197558	0.35778443653172	2.0896246444193	0.0098479153069172	n2	/public4/group_crf/home/cuirf/deepsea/cellpaper/hyphy/Relax_Macrourus_sp/hyphytmp/51315452/	0.703231813788597
N1.HOG0026509	Success	OG0013392	21	1	-1205.869570513	-1195.0898751801	-1195.0899112037	1.167723461153	-7.2047191679303e-05	0	0.29554752750821	0.090284535937206	0.6995718701607	9999999171.5964	0.0048806023310867	0	0.29554752750821	0.060317763451153	0.6995718701607	475592031581.29	0.0048806023310867	n33	/public4/group_crf/home/cuirf/deepsea/cellpaper/hyphy/Relax_Macrourus_sp/hyphytmp/92364520/	1
N1.HOG0021490	Success	OG0008629	117	0.031977861988233	-10264.527087993	-10064.004791775	-10061.704950102	2.0497923193731	4.599683346707	0.00017702202656566	0.4451334874216	0.052828015366392	0.44517169409774	2.0408131997543	0.10969481848066	2.0381455452981e-08	0.4451334874216	0.0024106659970219	0.44517169409774	4.3155120315804	0.10969481848066	n0	/public4/group_crf/home/cuirf/deepsea/cellpaper/hyphy/Relax_Macrourus_sp/hyphytmp/46892319/	0.0962136022693245
N1.HOG0003336	Success	OG0000400	114	0.67138992807724	-6390.2218720155	-6198.2135424877	-6198.1235521964	1.1719070845703	0.17998058263038	0.00016755725922977	0.42185057289677	0.033966734736388	0.46280736890608	5.3932105717749	0.11534205819714	3.7589812551654e-05	0.42185057289677	0.018990287552978	0.46280736890608	7.205383921666	0.11534205819714	n12	/public4/group_crf/home/cuirf/deepsea/cellpaper/hyphy/Relax_Macrourus_sp/hyphytmp/71668096/	0.95326272432785
N1.HOG0026645	Success	OG0013522	72	0.83412276103802	-5001.8937424424	-4941.5660185907	-4941.5440908609	7.0005108838557	0.043855459429324	1.4002809169851e-17	0.049040193655605	0.007428019381346	0.78598814063024	1	0.16497166571416	1.0348939914552e-118	0.049040193655605	1.2445818436785e-15	0.78598814063024	1	0.16497166571416	n0	/public4/group_crf/home/cuirf/deepsea/cellpaper/hyphy/Relax_Macrourus_sp/hyphytmp/85118263/	1
N1.HOG0002544	Success	OG0000290	316	0.93525643157777	-18601.753981967	-18143.759594809	-18143.756295386	0.96578763239974	0.0065988461428788	0	0.48724555233118	0.0012411289938224	0.35959986896076	1.270481108745	0.15315457870807	0	0.48724555233118	0.0015604301214056	0.35959986896076	1.2601179937136	0.15315457870807	n465	/public4/group_crf/home/cuirf/deepsea/cellpaper/hyphy/Relax_Macrourus_sp/hyphytmp/22297173/	1
N1.HOG0011684	Success	OG0002585	98	0.97093911285677	-4924.8945622998	-4823.6203151658	-4823.619651576	1.2211852676431	0.0013271796833578	0	0.30936679178774	0.072386471194923	0.667860991193	9.3711060761762	0.022772217019262	0	0.30936679178774	0.040497706029008	0.667860991193	15.372222929292	0.022772217019262	n3	/public4/group_crf/home/cuirf/deepsea/cellpaper/hyphy/Relax_Macrourus_sp/hyphytmp/66602387/	1
N1.HOG0003307	Success	OG0000396	53	0.070493679997789	-4399.869715839	-4339.9047342304	-4338.2689905036	7.4382187149944	3.2714874535286	0	0.052092982586036	0.063015550913214	0.86329340607568	2.2496366271368	0.084613611338284	0	0.052092982586036	1.174977884066e-09	0.86329340607568	415.9957103478	0.084613611338284	n167	/public4/group_crf/home/cuirf/deepsea/cellpaper/hyphy/Relax_Macrourus_sp/hyphytmp/75010013/	0.188348588236705
N1.HOG0026775	Success	OG0013640	98	0.14418639281281	-8350.236197769	-8214.0586020792	-8212.992251069	0	2.1327020202552	0	0.65668342818302	0.65605113008853	0.3047094655024	5.7794150471912	0.038607106314574	1	0.65668342818302	1	0.3047094655024	1	0.038607106314574	n0	/public4/group_crf/home/cuirf/deepsea/cellpaper/hyphy/Relax_Macrourus_sp/hyphytmp/57981142/	0.326323109746845
N1.HOG0018908	Success	OG0006644	141	1	-9569.1278691347	-9335.7776879666	-9335.7776879666	0.92505526333645	0	0.00013560353734906	0.66051353625338	0.69963300084755	0.33789658589299	36.853035817244	0.0015898778536322	0.00026432421351757	0.66051353625338	0.71861527098076	0.33789658589299	28.123822131952	0.0015898778536322	n0	/public4/group_crf/home/cuirf/deepsea/cellpaper/hyphy/Relax_Macrourus_sp/hyphytmp/35416749/	1
N1.HOG0010185	Success	OG0001991	60	1	-4397.7168838998	-4363.0707846366	-4363.0715485053	1	-0.0015277375623555	0.00048805660273873	0.68686687713134	0.41613086605607	0.30712896229491	11.697149122039	0.0060041605737469	0.00048805660273873	0.68686687713134	0.41613086605607	0.30712896229491	11.697149122039	0.0060041605737469	n107	/public4/group_crf/home/cuirf/deepsea/cellpaper/hyphy/Relax_Macrourus_sp/hyphytmp/93986509/	1
N1.HOG0015356	Success	OG0004464	125	0.00061572268569454	-10254.523537592	-10067.224201458	-10061.360285297	0.43074916577881	11.727832323075	0.00080560539793374	0.69370231428065	0.47690850644482	0.30284760203649	551.41992221517	0.0034500836828587	0.046485209308472	0.69370231428065	0.72691925725601	0.30284760203649	15.166706392475	0.0034500836828587	n116	/public4/group_crf/home/cuirf/deepsea/cellpaper/hyphy/Relax_Macrourus_sp/hyphytmp/29355169/	0.00259904563642069
N1.HOG0018928	Success	OG0006661	626	0.26178824763369	-43325.236556843	-42046.532817492	-42045.903179675	0.7135364424605	1.2592756348022	7.0398005345912e-06	0.51915219531449	0.087452553959708	0.47506745491362	15.746187327131	0.0057803497718895	0.00021064276409225	0.51915219531449	0.17575840886465	0.47506745491362	7.1487199792836	0.0057803497718895	n0	/public4/group_crf/home/cuirf/deepsea/cellpaper/hyphy/Relax_Macrourus_sp/hyphytmp/54547564/	0.508185265754707
N1.HOG0026541	Success	OG0013424	49	0.57996808304549	-4117.7896386953	-4067.0641603487	-4066.9110172241	0.088463199172353	0.30628624916972	0.00078736250024557	0.4054157615275	0.14736355842939	0.55030937194554	4.0189723200617	0.044274866526962	0.53140506152327	0.4054157615275	0.84417624651311	0.55030937194554	1.1309462031641	0.044274866526962	n0	/public4/group_crf/home/cuirf/deepsea/cellpaper/hyphy/Relax_Macrourus_sp/hyphytmp/93067043/	0.876298833375004
N1.HOG0005411	Success	OG0000764	72	9.2712282295793e-11	-4440.7373688263	-4405.7725104004	-4384.7878035828	50	41.969413635197	3.7343213982146e-19	0.20232614803662	3.7343213982146e-19	0.52054626888703	1.0823597511238	0.27712758307635	0	0.20232614803662	0	0.52054626888703	52.309636944968	0.27712758307635	n175	/public4/group_crf/home/cuirf/deepsea/cellpaper/hyphy/Relax_Macrourus_sp/hyphytmp/18890317/	8.04442934263497e-10
N1.HOG0025794	Success	OG0012708	65	2.465002901797e-07	-5645.1896436981	-5539.2061554045	-5525.8915952046	0.27218482579601	26.629120399728	0.00043388767474683	0.71715301043827	0.077802965023101	0.26912742740662	10.208332724655	0.013719562155108	0.1215472478883	0.71715301043827	0.49905220607048	0.26912742740662	1.8820111454628	0.013719562155108	n0	/public4/group_crf/home/cuirf/deepsea/cellpaper/hyphy/Relax_Macrourus_sp/hyphytmp/79270237/	1.63508686690627e-06
N1.HOG0025434	Success	OG0012357	256	0.765472903182	-18835.594236535	-18381.430514516	-18381.386022562	0.95461715612459	0.088983907153306	8.0159419096232e-05	0.50591824001281	0.025558778668659	0.45308991829454	2.0753235662405	0.040991841692656	0.0001229829062869	0.50591824001281	0.030186339786318	0.45308991829454	2.0076849412364	0.040991841692656	n0	/public4/group_crf/home/cuirf/deepsea/cellpaper/hyphy/Relax_Macrourus_sp/hyphytmp/21593189/	0.995520399444872
N1.HOG0025100	Success	OG0012027	125	0.56997732561553	-13917.978639157	-13661.438503127	-13661.277142905	0.62925161573975	0.32272044502679	3.6691905390187e-06	0.36366286680652	0.094747633205928	0.54930701035342	2.4009814711072	0.087030122840061	0.00037996802984216	0.36366286680652	0.22698857231433	0.54930701035342	1.7352428851181	0.087030122840061	n0	/public4/group_crf/home/cuirf/deepsea/cellpaper/hyphy/Relax_Macrourus_sp/hyphytmp/33955673/	0.865036259193887
N1.HOG0025233	Success	OG0012156	237	0.51406088758454	-23627.122487701	-23316.320959236	-23316.108063115	0.57754780663576	0.42579224124347	0.002773308707502	0.70731491169394	0.56480690515175	0.28842058067065	19.003393903161	0.0042645076354146	0.033358708445701	0.70731491169394	0.7189693685432	0.28842058067065	5.4775473138796	0.0042645076354146	n0	/public4/group_crf/home/cuirf/deepsea/cellpaper/hyphy/Relax_Macrourus_sp/hyphytmp/76857485/	0.809313216043966
N1.HOG0019901	Success	OG0007348	120	3.6519110724331e-06	-7304.4706012522	-7076.2372694728	-7065.5175742743	0.19298944114329	21.43939039703	0.00028820624023431	0.88840214187741	0.07045546425442	0.10392101286782	9999999171.5964	0.0076768452547628	0.20737678335769	0.88840214187741	0.59932127963758	0.10392101286782	85.093111540297	0.0076768452547628	n0	/public4/group_crf/home/cuirf/deepsea/cellpaper/hyphy/Relax_Macrourus_sp/hyphytmp/52128545/	2.07747788822519e-05
N1.HOG0019091	Success	OG0006764	182	0.13381476230415	-12108.191646992	-11901.323532489	-11900.199691744	0	2.2476814890506	0.0054950834719841	0.68428082831473	0.2134864976576	0.3092226069494	55.491903948173	0.006496564735868	1	0.68428082831473	1	0.3092226069494	1	0.006496564735868	n0	/public4/group_crf/home/cuirf/deepsea/cellpaper/hyphy/Relax_Macrourus_sp/hyphytmp/65142577/	0.311087634152273
N1.HOG0010442	Success	OG0002076	79	0.093249312733096	-4522.1768618506	-4512.3326922719	-4510.9240092727	0	2.8173659984986	0.033369125295456	0.96070375923882	0.95122788210594	0.039296240761182	95.764137703909	0	1	0.96070375923882	1	0.039296240761182	1	0	n98	/public4/group_crf/home/cuirf/deepsea/cellpaper/hyphy/Relax_Macrourus_sp/hyphytmp/76920221/	0.235938614544122
N1.HOG0019119	Success	OG0006781	79	0.042274336247294	-8615.1943418436	-8437.0325106955	-8434.9704173487	0	4.124186693698	0.00021535714853994	0.52831623192765	0.056768015122747	0.34986227686713	1.4579041246649	0.12182149120522	1	0.34986227686713	1	0.52831623192765	1	0.12182149120522	n0	/public4/group_crf/home/cuirf/deepsea/cellpaper/hyphy/Relax_Macrourus_sp/hyphytmp/21299133/	0.122062705332523
N1.HOG0023290	Success	OG0010282	282	0	-23407.699786255	-22445.318502984	-22293.921488734	3.5688233586082e-07	302.79402850093	0	0.55573787201192	0.049571484340944	0.43383369709035	21.001828407281	0.010428430897728	0	0.55573787201192	0.99999892780487	0.43383369709035	1.0000010865679	0.010428430897728	n0	/public4/group_crf/home/cuirf/deepsea/cellpaper/hyphy/Relax_Macrourus_sp/hyphytmp/92954500/	0
N1.HOG0016865	Success	OG0005337	161	0.00084529796609989	-11702.946941154	-11456.066139925	-11450.496621789	0.47959292466157	11.139036271848	0.00092264977714092	0.70398831441481	0.133924477853	0.29144529001775	4001.5261216856	0.0045663955674412	0.035031050548947	0.70398831441481	0.38128367893335	0.29144529001775	53.407461708759	0.0045663955674412	n62	/public4/group_crf/home/cuirf/deepsea/cellpaper/hyphy/Relax_Macrourus_sp/hyphytmp/68720681/	0.00350778238106186
N1.HOG0012960	Success	OG0003191	186	0.51769540674987	-15423.579792176	-15119.460174912	-15119.250933848	1.0040100240581	0.4184821269082	2.6850639752584e-06	0.47136113594971	0.094294217502566	0.51780244158949	10.405847558727	0.010836422460797	2.5504370685185e-06	0.47136113594971	0.093405558444961	0.51780244158949	10.504049663901	0.010836422460797	n111	/public4/group_crf/home/cuirf/deepsea/cellpaper/hyphy/Relax_Macrourus_sp/hyphytmp/70474895/	0.813724344735843
N1.HOG0005759	Success	OG0000824	87	0.912374783756	-4991.5690294247	-4845.5549071837	-4845.5488523849	0.98190479756051	0.012109597595554	0.00048172380279064	0.521403411399	0.13194873496154	0.44058549976291	10.975617635103	0.038011088838087	0.00055312532838119	0.521403411399	0.13687422597638	0.44058549976291	10.509987415371	0.038011088838087	n76	/public4/group_crf/home/cuirf/deepsea/cellpaper/hyphy/Relax_Macrourus_sp/hyphytmp/27970349/	1
N1.HOG0001204	Success	OG0000110	81	3.764824674235e-09	-7172.9380125553	-6993.111413698	-6975.7405691234	9.41717609511	34.74168914925	1.5819919549154e-05	0.39294637521904	0.0090559524175184	0.31793934971191	1.9214172861515	0.28911427506905	6.1668192525928e-46	0.39294637521904	5.7555780364474e-20	0.31793934971191	468.72210184407	0.28911427506905	n1	/public4/group_crf/home/cuirf/deepsea/cellpaper/hyphy/Relax_Macrourus_sp/hyphytmp/87017956/	2.93998581378897e-08
N1.HOG0004538	Success	OG0000572	115	1.3614039661491e-05	-6656.2121650425	-6527.0642247397	-6517.6029948114	0.33269537048694	18.92245985668	0.0029645479102407	0.8501792000562	0.4585273657365	0.14740075277302	3.0133890171526	0.002420047170775	0.14418905240437	0.8501792000562	0.77150330313008	0.14740075277302	1.4433758932953	0.002420047170775	n2	/public4/group_crf/home/cuirf/deepsea/cellpaper/hyphy/Relax_Macrourus_sp/hyphytmp/49172545/	7.21880251186467e-05
N1.HOG0023827	Success	OG0010787	117	0.032340857115021	-11403.876105652	-11253.811788671	-11251.521620259	0	4.5803368246561	0.027734181409049	0.8203485565272	1	0.17535561233557	3999.9983996005	0.0042958311372339	1	0.8203485565272	1	0.17535561233557	1	0.0042958311372339	n0	/public4/group_crf/home/cuirf/deepsea/cellpaper/hyphy/Relax_Macrourus_sp/hyphytmp/82468505/	0.0969661300586493
N1.HOG0025812	Success	OG0012726	71	0.78507244728487	-6664.1561386593	-6567.7113926309	-6567.6742059464	1.3503424379506	0.074373369079694	0.0015181107963594	0.3784893780613	0.042491358351191	0.40390665768476	1.4452991853411	0.21760396425394	0.00015624080010211	0.3784893780613	0.014051934214441	0.40390665768476	1.6443631993152	0.21760396425394	n0	/public4/group_crf/home/cuirf/deepsea/cellpaper/hyphy/Relax_Macrourus_sp/hyphytmp/90536867/	1
N1.HOG0004589	Success	OG0000582	168	0.11289241385795	-11687.878866205	-11504.077106304	-11502.820477943	0.20290863255717	2.5132567234796	4.1413173339772e-06	0.27666513350251	0.064014944924091	0.70306640257888	3.8458011355697	0.020268463918611	0.080866926241325	0.27666513350251	0.57251146261226	0.70306640257888	1.3143132203707	0.020268463918611	n3	/public4/group_crf/home/cuirf/deepsea/cellpaper/hyphy/Relax_Macrourus_sp/hyphytmp/30349724/	0.272783638548464
N1.HOG0023716	Success	OG0010689	110	0.0052526709080708	-11207.951988871	-11025.172783979	-11021.277620842	1.0239732741111e-08	7.790326273127	0	0.39131708047596	0.088126287194458	0.46652677844885	1.4321698454283	0.14215614107519	0	0.39131708047596	0.99999997512785	0.46652677844885	1.000000003678	0.14215614107519	n0	/public4/group_crf/home/cuirf/deepsea/cellpaper/hyphy/Relax_Macrourus_sp/hyphytmp/56100579/	0.0192411271216751
N1.HOG0021924	Success	OG0009007	81	0.00011401311656878	-7553.9842399213	-7428.8986300778	-7421.4540239109	1.1440719511191e-05	14.889212333706	0	0.58737811701102	0.28394266210768	0.40706953706578	29.996970729581	0.0055523459232057	0	0.58737811701102	0.99998559643287	0.40706953706578	1.000038911747	0.0055523459232057	n0	/public4/group_crf/home/cuirf/deepsea/cellpaper/hyphy/Relax_Macrourus_sp/hyphytmp/67688640/	0.000532267756155337
N1.HOG0019700	Success	OG0007209	346	0.016620359790833	-24889.144600745	-23945.697521611	-23942.829508821	1.6131464946635	5.7360255791937	5.8092719608875e-05	0.34738471500186	0.016561113927874	0.6423434587448	9999999171.5964	0.010271826253333	1.4686143997321e-07	0.34738471500186	0.0013400794330354	0.6423434587448	13535206581775852	0.010271826253333	n0	/public4/group_crf/home/cuirf/deepsea/cellpaper/hyphy/Relax_Macrourus_sp/hyphytmp/38927024/	0.0545961340739027
N1.HOG0017175	Success	OG0005513	139	0.25076991958271	-13043.498551153	-12776.274010454	-12775.614505781	0.76036263372646	1.3190093458943	0.00028715176753326	0.33688037600998	0.066563086689345	0.53589726281788	2.4259642681251	0.12722236117215	0.0020271240543581	0.33688037600998	0.12741797215895	0.53589726281788	1.9617863841611	0.12722236117215	n27	/public4/group_crf/home/cuirf/deepsea/cellpaper/hyphy/Relax_Macrourus_sp/hyphytmp/18628752/	0.493496817689686
N1.HOG0027202	Success	OG0014029	92	0.55508078603459	-7037.6180600437	-6905.1289075853	-6904.9547608833	0.29651529848894	0.34829340409851	7.8910468747209e-06	0.51249266912596	0.1647721551976	0.440828140595	3.6717885484962	0.046679190279044	0.030684733069385	0.51249266912596	0.5858603042556	0.440828140595	1.4706010403323	0.046679190279044	n0	/public4/group_crf/home/cuirf/deepsea/cellpaper/hyphy/Relax_Macrourus_sp/hyphytmp/54118905/	0.846165741266571
N1.HOG0021807	Success	OG0008906	73	0.00080615912322968	-5248.5005334394	-5200.4306589865	-5194.8171596885	5.6398628672858	11.226998596057	6.9367912482034e-06	0.48701177193031	0.087761413133389	0.49098241049691	2.886798558184	0.022005817572787	8.0323401693271e-30	0.48701177193031	1.0974310777678e-06	0.49098241049691	395.08069350925	0.022005817572787	n0	/public4/group_crf/home/cuirf/deepsea/cellpaper/hyphy/Relax_Macrourus_sp/hyphytmp/14430499/	0.00336978436425448
N1.HOG0009120	Success	OG0001649	156	0.96610754637848	-12977.926955429	-12661.506380784	-12661.505478056	1.0023314818375	0.0018054573483823	9.1807053516946e-05	0.53644970074214	0.083115349918781	0.40020054600223	2.8553231762294	0.06334975325563	8.983872258473e-05	0.53644970074214	0.082634707475655	0.40020054600223	2.8623162913561	0.06334975325563	n1	/public4/group_crf/home/cuirf/deepsea/cellpaper/hyphy/Relax_Macrourus_sp/hyphytmp/25954210/	1
N1.HOG0027378	Success	OG0014189	232	0.6399535704771	-17186.667745198	-16853.027641675	-16852.918240228	0.80002925277948	0.21880289437104	0.0046137644167509	0.7569051221197	1	0.23575133345476	18.617832051096	0.0073435444255329	0.01352620606296	0.7569051221197	1	0.23575133345476	10.374816775111	0.0073435444255329	n0	/public4/group_crf/home/cuirf/deepsea/cellpaper/hyphy/Relax_Macrourus_sp/hyphytmp/14742928/	0.92312362223313
N1.HOG0027065	Success	OG0013904	95	0.22341872613902	-7757.4160228314	-7609.6628205208	-7608.9216824113	50	1.4822762188578	0.00026602861385394	0.7108258174909	0.8729004718331	0.2866342845748	5168.0878678516	0.0025398979343035	1.7636710163315e-179	0.7108258174909	0.0011174713881008	0.2866342845748	4.6397485671675e+185	0.0025398979343035	n0	/public4/group_crf/home/cuirf/deepsea/cellpaper/hyphy/Relax_Macrourus_sp/hyphytmp/21995941/	0.45585911105325
N1.HOG0001978	Success	OG0000215	321	0.11222099759098	-19398.149091869	-18382.320138775	-18381.058807758	1.7781546087873	2.5226620348476	8.2248935073594e-05	0.60207700692608	0.0093911038795807	0.38812945361228	51.266267194243	0.0097935394616368	5.4509235052804e-08	0.60207700692608	0.0002484143947737	0.38812945361228	1097.3498578361	0.0097935394616368	n2	/public4/group_crf/home/cuirf/deepsea/cellpaper/hyphy/Relax_Macrourus_sp/hyphytmp/52931658/	0.271739573744581
N1.HOG0019285	Success	OG0006904	162	1	-11155.526437324	-11031.997218085	-11032.012907511	1	-0.031378850955662	0.0037247076493651	0.82373873264927	0.53541790419442	0.17626126735073	15.063308217683	0	0.0037247076493651	0.82373873264927	0.53541790419442	0.17626126735073	15.063308217683	0	n0	/public4/group_crf/home/cuirf/deepsea/cellpaper/hyphy/Relax_Macrourus_sp/hyphytmp/94582059/	1
N1.HOG0013862	Success	OG0003667	176	1	-11302.607423346	-10987.839136262	-10987.839136262	1.167723461153	0	9.5663828349005e-06	0.54573025874866	0.070677480527776	0.43275029664233	5.6354272048012	0.021519444609006	1.3768968240438e-06	0.54573025874866	0.045318809860749	0.43275029664233	7.5313857720654	0.021519444609006	n2	/public4/group_crf/home/cuirf/deepsea/cellpaper/hyphy/Relax_Macrourus_sp/hyphytmp/43197587/	1
N1.HOG0018797	Success	OG0006555	176	0.00029997106561497	-15065.480560337	-14805.990726507	-14799.455439105	0	13.070574803107	0	0.7421287934312	0.95316477294446	0.25716489931447	42.273982234313	0.00070630725433093	1	0.7421287934312	1	0.25716489931447	1	0.00070630725433093	n0	/public4/group_crf/home/cuirf/deepsea/cellpaper/hyphy/Relax_Macrourus_sp/hyphytmp/36123156/	0.00131132389497842
N1.HOG0020914	Success	OG0008133	213	2.5602964193183e-11	-24396.021950817	-23858.035428963	-23835.79184464	9.8118641142194	44.487168645959	4.5491603436898e-05	0.34324912443778	0.01281776177063	0.38094399653688	1.5693602446284	0.27580687902534	2.4900690920346e-43	0.34324912443778	2.7171297927276e-19	0.38094399653688	83.253790188233	0.27580687902534	n0	/public4/group_crf/home/cuirf/deepsea/cellpaper/hyphy/Relax_Macrourus_sp/hyphytmp/40734503/	2.31504697283623e-10
N1.HOG0015820	Success	OG0004735	80	0.97758880735474	-8851.0310208464	-8479.0584607705	-8479.0580661915	0.99923635966465	0.00078915815902292	0.00064369868334064	0.43329236807933	0.18511566333744	0.54570228591865	9999999171.5964	0.021005346002025	0.00064732091519599	0.43329236807933	0.18535426242266	0.54570228591865	9825701372.2023	0.021005346002025	n2	/public4/group_crf/home/cuirf/deepsea/cellpaper/hyphy/Relax_Macrourus_sp/hyphytmp/54908640/	1
N1.HOG0023960	Success	OG0010916	158	1	-10494.937641594	-10344.976172487	-10344.987715946	0.83173852351481	-0.023086917008186	0.0085380732497831	0.89744281107448	1	0.098288924665989	13.116047015366	0.0042682642595336	0.019029716481308	0.89744281107448	1	0.098288924665989	8.5058904987251	0.0042682642595336	n0	/public4/group_crf/home/cuirf/deepsea/cellpaper/hyphy/Relax_Macrourus_sp/hyphytmp/30870244/	1
N1.HOG0020481	Success	OG0007782	301	0.13668599339853	-17549.085052051	-17247.525552202	-17246.418113916	0.22736128074937	2.2148765719903	1.9566675910729e-05	0.69097845522673	0.077108768841538	0.30226456522294	7.2032309871179	0.0067569795503306	0.085010640142257	0.69097845522673	0.55843224526456	0.30226456522294	1.5666374884201	0.0067569795503306	n0	/public4/group_crf/home/cuirf/deepsea/cellpaper/hyphy/Relax_Macrourus_sp/hyphytmp/15561611/	0.315351515661817
N1.HOG0015823	Success	OG0004736	302	0.31478765141517	-22976.21636425	-22558.586654139	-22558.081413676	1.5243972426028	1.0104809270051	7.0119731385559e-05	0.48000694282442	0.085056114086925	0.49818619958332	4.934504391588	0.021806857592262	4.6495435748531e-07	0.48000694282442	0.023358560348606	0.49818619958332	11.396684891033	0.021806857592262	n7	/public4/group_crf/home/cuirf/deepsea/cellpaper/hyphy/Relax_Macrourus_sp/hyphytmp/51202440/	0.574103168929153
N1.HOG0017952	Success	OG0005988	150	0.54943546482125	-13795.731426115	-13423.193586766	-13423.014422024	0.5189092592514	0.35832948289681	5.5178577390248e-05	0.19056012490215	0.070121040245743	0.59014941680766	2.6388463736307	0.21929045829018	0.0061711383666541	0.19056012490215	0.25182568406593	0.59014941680766	1.6545339474743	0.21929045829018	n0	/public4/group_crf/home/cuirf/deepsea/cellpaper/hyphy/Relax_Macrourus_sp/hyphytmp/22306287/	0.843391195725252
N1.HOG0027036	Success	OG0013876	149	0.43648704229418	-5452.6275704153	-5326.4866978439	-5326.1839476513	0.53685432970375	0.60550038524161	0.000633829802159	0.37411353274713	0.16704468792106	0.61555548303292	649.62826092034	0.010330984219945	0.019192218245624	0.37411353274713	0.38262589080704	0.61555548303292	32.358720058136	0.010330984219945	n0	/public4/group_crf/home/cuirf/deepsea/cellpaper/hyphy/Relax_Macrourus_sp/hyphytmp/21577178/	0.718650463313406
N1.HOG0014764	Success	OG0004143	84	0.12769409845529	-6498.876163645	-6440.5526408764	-6439.3924829701	0	2.320315812527	5.1791773883448e-05	0.58059138716836	0.34727376492828	0.41801615307752	9999999171.5964	0.0013924597541209	1	0.41801615307752	1	0.58059138716836	1	0.0013924597541209	n109	/public4/group_crf/home/cuirf/deepsea/cellpaper/hyphy/Relax_Macrourus_sp/hyphytmp/83434408/	0.301758543529833
N1.HOG0015813	Success	OG0004730	93	0.5415506271303	-7885.8878749769	-7601.0781259422	-7600.8917892394	0.64340297302421	0.37267340576727	0	0.48704373481751	0.070834912312154	0.42112360201447	3.2395315576466	0.091832663168025	0	0.48704373481751	0.18207307776076	0.42112360201447	2.1303245624507	0.091832663168025	n1	/public4/group_crf/home/cuirf/deepsea/cellpaper/hyphy/Relax_Macrourus_sp/hyphytmp/84618646/	0.838183763432302
N1.HOG0020046	Success	OG0007460	117	1.7763568394003e-15	-7419.7834418835	-7373.3259824706	-7341.6543297846	50	63.343305372049	0.00061970154077128	0.4871709219869	0.085516754691482	0.36743641262052	1.1101111119532	0.14539266539258	4.0656388445306e-161	0.4871709219869	4.0046131136045e-54	0.36743641262052	185.49085073762	0.14539266539258	n0	/public4/group_crf/home/cuirf/deepsea/cellpaper/hyphy/Relax_Macrourus_sp/hyphytmp/32970790/	2.32960385503032e-14
N1.HOG0020219	Success	OG0007588	114	0.070488786157064	-11214.008903454	-10943.720995984	-10942.085195307	0.25669804802788	3.2716013533427	0.00024213866095152	0.65266067354623	1	0.3418830790372	9999999171.5964	0.0054562474165691	0.11797672117196	0.65266067354623	1	0.3418830790372	368.9610070965	0.0054562474165691	n23	/public4/group_crf/home/cuirf/deepsea/cellpaper/hyphy/Relax_Macrourus_sp/hyphytmp/68464502/	0.188348588236705
N1.HOG0027230	Success	OG0014056	211	0.83400711746393	-18366.973673103	-18021.129563229	-18021.107604462	8.4745727001555	0.043917532995692	0.0011763952652423	0.71880876939659	1	0.27732144999913	17685.818527688	0.0038697806042872	1.4934500353712e-25	0.71880876939659	1	0.27732144999913	9.9267768486029e+35	0.0038697806042872	n0	/public4/group_crf/home/cuirf/deepsea/cellpaper/hyphy/Relax_Macrourus_sp/hyphytmp/70233966/	1
N1.HOG0014299	Success	OG0003891	311	0.069109860711264	-25917.881478296	-25345.329873643	-25343.677855369	1.1872870001438e-09	3.3040365477864	0	0.39860042910379	0.019264111528132	0.480129465308	1.38264060132	0.12127010558821	0	0.39860042910379	0.9999999953108	0.480129465308	1.0000000003847	0.12127010558821	n105	/public4/group_crf/home/cuirf/deepsea/cellpaper/hyphy/Relax_Macrourus_sp/hyphytmp/82382564/	0.185807105949846
N1.HOG0017271	Success	OG0005570	79	0.75433654896493	-5703.5975948162	-5576.1213657606	-5576.072404282	0.98219000889475	0.097922957262199	0.00079595219888242	0.61120552957444	0.092398631530411	0.36647284248901	5.913023129969	0.022321627936556	0.00090382044692186	0.61120552957444	0.096402218118409	0.36647284248901	5.7287999392868	0.022321627936556	n0	/public4/group_crf/home/cuirf/deepsea/cellpaper/hyphy/Relax_Macrourus_sp/hyphytmp/94766984/	0.990030703683537
N1.HOG0007922	Success	OG0001284	307	0.15061433089997	-28623.638345335	-27818.118161969	-27817.085153011	1.6817036226636	2.0660179157858	0.00011022870485466	0.52433760591674	0.15058065462289	0.45789026994374	11.783225098541	0.017772124139521	2.2095949434446e-07	0.52433760591674	0.041423944644096	0.45789026994374	63.321157138988	0.017772124139521	n2	/public4/group_crf/home/cuirf/deepsea/cellpaper/hyphy/Relax_Macrourus_sp/hyphytmp/69050481/	0.336046000631362
N1.HOG0023543	Success	OG0010522	93	0.7408041339177	-6866.1741761586	-6791.4274235569	-6791.3727129911	0.94046186659253	0.1094211316813	0.00017408395886585	0.66480676063576	0.23772972876397	0.3268915364869	5.2114642926192	0.0083017028773468	0.0002914586582489	0.66480676063576	0.25895858836546	0.3268915364869	4.7236022438576	0.0083017028773468	n0	/public4/group_crf/home/cuirf/deepsea/cellpaper/hyphy/Relax_Macrourus_sp/hyphytmp/12637117/	0.982781082680007
N1.HOG0007346	Success	OG0001145	322	0.0010977821455785	-28181.565196632	-27632.188084533	-27626.860622196	0	10.654924675538	3.338417561377e-06	0.4184086694576	0.059842991132769	0.50760136004804	1.8608926030335	0.073989970494356	1	0.4184086694576	1	0.50760136004804	1	0.073989970494356	n1	/public4/group_crf/home/cuirf/deepsea/cellpaper/hyphy/Relax_Macrourus_sp/hyphytmp/25297298/	0.00451193714378915
N1.HOG0016026	Success	OG0004845	87	1	-3681.3885799164	-3657.7990122431	-3657.7990122431	1	0	0.00047431998544134	0.46100943154337	0.077787160665273	0.48920967740135	1.0318706689747	0.049780891055279	0.00047431998544134	0.46100943154337	0.077787160665273	0.48920967740135	1.0318706689747	0.049780891055279	n0	/public4/group_crf/home/cuirf/deepsea/cellpaper/hyphy/Relax_Macrourus_sp/hyphytmp/87671453/	1
N1.HOG0005167	Success	OG0000699	38	0.93385880880028	-3837.3245105959	-3718.8924523173	-3718.8890085761	1.1088224559234	0.0068874825119565	0.00062547981796861	0.4026338668851	0.21991670780205	0.52050551646493	11.884244372259	0.076860616649971	0.00028026532176807	0.4026338668851	0.18650099370335	0.52050551646493	15.557958910972	0.076860616649971	n185	/public4/group_crf/home/cuirf/deepsea/cellpaper/hyphy/Relax_Macrourus_sp/hyphytmp/14299489/	1
N1.HOG0005813	Success	OG0000834	147	0.98426966390876	-6260.8770284023	-6062.4901192422	-6062.4899248753	1.0008003201281	0.00038873366611369	7.137663346765e-06	0.31289551284566	0.016404499387004	0.67618959606977	18.170068123961	0.010914891084566	7.0702904902635e-06	0.31289551284566	0.016350625844718	0.67618959606977	18.212285256576	0.010914891084566	n1	/public4/group_crf/home/cuirf/deepsea/cellpaper/hyphy/Relax_Macrourus_sp/hyphytmp/85541248/	1
N1.HOG0012393	Success	OG0002907	135	0.60625183433338	-13787.103160615	-13581.296528477	-13581.163693889	1.3764090315536	0.26566917521995	0.0004573537316287	0.51737372642812	0.17561229091277	0.44396436566078	5.0458299788866	0.038661907911104	2.5301193148039e-05	0.51737372642812	0.091242789277747	0.44396436566078	9.2794619801898	0.038661907911104	n105	/public4/group_crf/home/cuirf/deepsea/cellpaper/hyphy/Relax_Macrourus_sp/hyphytmp/78151620/	0.895521527528606
N1.HOG0023867	Success	OG0010827	90	0.01360156542159	-10456.600296599	-10352.783946626	-10349.739379088	0.47372801139233	6.0891350765487	0.00014553414055354	0.59069098037638	0.52668766609209	0.40789659646569	582.57984770048	0.0014124231579278	0.015215596598636	0.59069098037638	0.73806043802556	0.40789659646569	20.418617882515	0.0014124231579278	n0	/public4/group_crf/home/cuirf/deepsea/cellpaper/hyphy/Relax_Macrourus_sp/hyphytmp/72257707/	0.0459086235644236
N1.HOG0027396	Success	OG0014207	51	5.7587670022174e-05	-2031.6821433833	-2018.5168788892	-2010.4266918131	8.3084284315778e-06	16.180374152084	0	0.45024922344671	0.077829800670496	0.54975077655329	1582.3633325844	0	0	0.45024922344671	0.99997878688897	0.54975077655329	1.0000612073634	0	n0	/public4/group_crf/home/cuirf/deepsea/cellpaper/hyphy/Relax_Macrourus_sp/hyphytmp/57108286/	0.000277909036792401
N1.HOG0007296	Success	OG0001132	341	0.50757492442193	-22861.4616918	-22111.791437254	-22111.571905622	0.55654236150212	0.43906326477736	6.0767089427895e-06	0.43300393035007	0.077962010249336	0.54862516183238	8.2034112186152	0.018370907817551	0.0012499438746896	0.43300393035007	0.24170518343023	0.54862516183238	3.2260912524877	0.018370907817551	n192	/public4/group_crf/home/cuirf/deepsea/cellpaper/hyphy/Relax_Macrourus_sp/hyphytmp/69976881/	0.802220533722977
N1.HOG0012909	Success	OG0003166	300	0.15128426932607	-23035.929150772	-22614.117568862	-22613.087942119	0.103938504369	2.0592534861134	3.3015195349133e-11	0.78182270628213	0.63668517262058	0.21700119774865	80.666167093081	0.0011760959692182	0.081393700900448	0.78182270628213	0.9541578558415	0.21700119774865	1.5782603812902	0.0011760959692182	n113	/public4/group_crf/home/cuirf/deepsea/cellpaper/hyphy/Relax_Macrourus_sp/hyphytmp/95363226/	0.336666288474337
N1.HOG0023376	Success	OG0010365	100	1.5022139088217e-10	-9343.652429272	-9181.6241379051	-9161.1111631794	12.180669458038	41.025949451509	0.00041819469565567	0.32360993925375	0.012817381138685	0.5043493052606	1.4874167611239	0.17204075548566	7.0166292225709e-42	0.32360993925375	8.9480563315487e-24	0.5043493052606	125.99269630236	0.17204075548566	n0	/public4/group_crf/home/cuirf/deepsea/cellpaper/hyphy/Relax_Macrourus_sp/hyphytmp/89021200/	1.29040174767784e-09
N1.HOG0025407	Success	OG0012330	87	0.032200054062408	-7130.1486739999	-7066.3953460426	-7064.1014389628	11.386694893748	4.5878141595331	0.044068239900637	0.85342460300768	1	0.13305885935432	1.726423558722	0.013516537637998	3.6397628548073e-16	0.85342460300768	1	0.13305885935432	501.56192667761	0.013516537637998	n0	/public4/group_crf/home/cuirf/deepsea/cellpaper/hyphy/Relax_Macrourus_sp/hyphytmp/47897601/	0.0967127497888408
N1.HOG0011143	Success	OG0002357	269	0.016959388270598	-20520.545302986	-19953.735030714	-19950.884744878	0.52399143700898	5.7005716718995	0	0.19606248155956	0.083213537047269	0.78896769025669	20.466508400814	0.014969828183754	0	0.19606248155956	0.27176335358976	0.78896769025669	4.8637999370465	0.014969828183754	n1	/public4/group_crf/home/cuirf/deepsea/cellpaper/hyphy/Relax_Macrourus_sp/hyphytmp/51261818/	0.0556034905513118
N1.HOG0026552	Success	OG0013435	108	0.00029017519241525	-9319.8525615041	-9104.7472683776	-9098.1808825659	0.14808036049603	13.132771623448	0	0.51657063407931	0.22447828876727	0.47562490409206	9999999171.5964	0.0078044618286353	0	0.51657063407931	0.80153347131131	0.47562490409206	30.255448808786	0.0078044618286353	n0	/public4/group_crf/home/cuirf/deepsea/cellpaper/hyphy/Relax_Macrourus_sp/hyphytmp/45954077/	0.00127825892453692
N1.HOG0024206	Success	OG0011156	322	0.22596313745803	-17762.656124047	-17593.835849216	-17593.102802697	0.2355371976941	1.4660930379396	1.0915668822464e-05	0.92849141684449	0.72792704497999	0.070825488396859	16.510329918605	0.00068309475864803	0.067807273905853	0.92849141684449	0.92793287204281	0.070825488396859	1.9356497563361	0.00068309475864803	n0	/public4/group_crf/home/cuirf/deepsea/cellpaper/hyphy/Relax_Macrourus_sp/hyphytmp/60708542/	0.459712464749274
N1.HOG0021077	Success	OG0008275	335	1	-31638.70273385	-30973.015617271	-30973.015617271	0.92505526333645	0	3.5918190480884e-06	0.55857544000905	0.2214758455875	0.42115887901556	8.7542970280833	0.020265680975392	9.1910467276816e-06	0.55857544000905	0.24796518639346	0.42115887901556	7.4405793457774	0.020265680975392	n0	/public4/group_crf/home/cuirf/deepsea/cellpaper/hyphy/Relax_Macrourus_sp/hyphytmp/64038154/	1
N1.HOG0016207	Success	OG0004962	138	0.40063138279978	-12013.400822756	-11827.416679676	-11827.063464471	0.25457558150035	0.70643040864888	4.6795196441164e-05	0.56453561426055	0.61294786307049	0.41686737697943	15.436189120057	0.018597008760023	0.079020354147231	0.56453561426055	0.8828424816517	0.41686737697943	2.0071197516065	0.018597008760023	n91	/public4/group_crf/home/cuirf/deepsea/cellpaper/hyphy/Relax_Macrourus_sp/hyphytmp/65141737/	0.682822138541688
N1.HOG0009594	Success	OG0001796	325	0.99189207791489	-27756.935811346	-27345.927613715	-27345.927562082	0.99098509020588	0.00010326519259252	3.2532529343499e-06	0.59677700492351	0.15895899838052	0.3660971468622	2.6160790822616	0.037125848214293	3.6457659956556e-06	0.59677700492351	0.16161641173845	0.3660971468622	2.5934971994876	0.037125848214293	n0	/public4/group_crf/home/cuirf/deepsea/cellpaper/hyphy/Relax_Macrourus_sp/hyphytmp/72004074/	1
N1.HOG0022193	Success	OG0009265	188	0.99505956000763	-16885.257820811	-16716.447198123	-16716.447178953	0.99647834791488	3.8340403989423e-05	0.00070689003729549	0.34032097738046	0.13799883317825	0.62900599726244	3.3374727906671	0.030673025357101	0.00072518255385743	0.34032097738046	0.1389646934953	0.62900599726244	3.3233374271384	0.030673025357101	n0	/public4/group_crf/home/cuirf/deepsea/cellpaper/hyphy/Relax_Macrourus_sp/hyphytmp/14159770/	1
N1.HOG0005917	Success	OG0000851	237	0.70748914753041	-18743.215287605	-18483.94199797	-18483.871599056	0.67854179751042	0.14079782858607	0.00011185509828519	0.54386053586429	0.20587736068317	0.43531041381613	4.6404775201779	0.02082905031958	0.0020837604601225	0.54386053586429	0.34218009318271	0.43531041381613	2.8332874270391	0.02082905031958	n1	/public4/group_crf/home/cuirf/deepsea/cellpaper/hyphy/Relax_Macrourus_sp/hyphytmp/86790806/	0.969643657612975
N1.HOG0003047	Success	OG0000351	179	0.006417408460669	-15907.00698671	-15467.88612731	-15464.171530387	1.9775481613379e-07	7.4291938459646	0	0.30972602817875	0.021081775576072	0.60795916383678	2.505944242296	0.082314807984471	0	0.30972602817875	0.99999923679597	0.60795916383678	1.0000001816706	0.082314807984471	n391	/public4/group_crf/home/cuirf/deepsea/cellpaper/hyphy/Relax_Macrourus_sp/hyphytmp/70655510/	0.0231619910408179
N1.HOG0027103	Success	OG0013942	103	0.83535900710467	-10049.18883852	-9928.9918892567	-9928.9702918835	1.1453837676332	0.043194746362133	0.00014078055477539	0.28795903370911	0.032209755809148	0.49245729963022	1.1806115493153	0.21958366666067	3.8779597318678e-05	0.28795903370911	0.019546680932852	0.49245729963022	1.2094564047654	0.21958366666067	n0	/public4/group_crf/home/cuirf/deepsea/cellpaper/hyphy/Relax_Macrourus_sp/hyphytmp/51264018/	1
N1.HOG0023799	Success	OG0010761	141	0.68476029604678	-10369.832260522	-10170.535364827	-10170.452956605	0.98751710372759	0.16481644489613	0.00018842337251344	0.75368404478635	0.15592123674891	0.23914097202686	481.72043744535	0.0071749831867845	0.00020971615134027	0.75368404478635	0.15958062096538	0.23914097202686	445.97038442304	0.0071749831867845	n0	/public4/group_crf/home/cuirf/deepsea/cellpaper/hyphy/Relax_Macrourus_sp/hyphytmp/87698368/	0.962247276224953
N1.HOG0021552	Success	OG0008681	363	0.35513389855397	-29988.76204562	-29638.067825529	-29637.640311666	0.44311624478691	0.85502772578184	0	0.7016141699945	0.43046424650244	0.29592724223044	47.823478377153	0.0024585877750536	0	0.7016141699945	0.68832188182619	0.29592724223044	5.5497865969663	0.0024585877750536	n0	/public4/group_crf/home/cuirf/deepsea/cellpaper/hyphy/Relax_Macrourus_sp/hyphytmp/54889673/	0.625764141246893
N1.HOG0000674	Success	OG0000052	434	0.13788302453744	-25163.822262132	-24758.599204616	-24757.498491015	1.7557434900541	2.201427203865	9.9140953011984e-05	0.63991280006956	0.091567539862565	0.34938779820438	4.3222786411779	0.010699401726054	9.342162683269e-08	0.63991280006956	0.01503434384898	0.34938779820438	13.066177128701	0.010699401726054	n302	/public4/group_crf/home/cuirf/deepsea/cellpaper/hyphy/Relax_Macrourus_sp/hyphytmp/46709365/	0.317112498199896
N1.HOG0016206	Success	OG0004962	41	0.86507522238173	-3773.8060474314	-3721.6715714678	-3721.6571355335	0.81946711077336	0.028871868599708	0.044392000569113	0.57313834884395	0.2593740643378	0.33277228481581	3.4529649781339	0.094089366340237	0.077895201482166	0.57313834884395	0.3309269076745	0.33277228481581	2.7607735499589	0.094089366340237	n1	/public4/group_crf/home/cuirf/deepsea/cellpaper/hyphy/Relax_Macrourus_sp/hyphytmp/42979484/	1
N1.HOG0016147	Success	OG0004920	242	1.3380614352743e-05	-17067.584331601	-16754.742489075	-16745.264761469	2.0954087349944e-08	18.955455211275	0	0.48718429865122	0.10334285991761	0.48055660036462	3.2561316468424	0.03225910098416	0	0.48718429865122	0.99999995244044	0.48055660036462	1.0000000247371	0.03225910098416	n1	/public4/group_crf/home/cuirf/deepsea/cellpaper/hyphy/Relax_Macrourus_sp/hyphytmp/56487472/	7.11699549783668e-05
N1.HOG0009567	Success	OG0001785	317	2.7083337257094e-05	-23333.840082943	-22845.263422479	-22836.4572808	1.0098369229257	17.61228335846	0.00027074115030154	0.59794014175722	0.079972287950221	0.38786336234264	12.185352655551	0.014196495900133	0.00024972474658197	0.59794014175722	0.078009558802346	0.38786336234264	12.488762547533	0.014196495900133	n119	/public4/group_crf/home/cuirf/deepsea/cellpaper/hyphy/Relax_Macrourus_sp/hyphytmp/62636138/	0.000135259225022347
N1.HOG0005895	Success	OG0000848	711	0.29982432904502	-42091.618343893	-41275.913085779	-41275.375598101	0.33896233572323	1.0749753551063	0.0043011280302891	0.91993720778185	1	0.076315027895434	18.967778126755	0.0037477643227126	0.15771520069092	0.91993720778185	1	0.076315027895434	2.7114365416322	0.0037477643227126	n2	/public4/group_crf/home/cuirf/deepsea/cellpaper/hyphy/Relax_Macrourus_sp/hyphytmp/84176860/	0.555062712607052
N1.HOG0000880	Success	OG0000070	31	1	-2573.0174734448	-2532.5851860172	-2532.5851860172	1.167723461153	0	0	0.26497452566519	0.001958471599638	0.50072319863584	1.4505535638798	0.23430227569897	0	0.26497452566519	0.00068818986251952	0.50072319863584	1.5439270402421	0.23430227569897	n866	/public4/group_crf/home/cuirf/deepsea/cellpaper/hyphy/Relax_Macrourus_sp/hyphytmp/46389032/	1
N1.HOG0013274	Success	OG0003363	104	0.99999784778754	-7938.1238190759	-7595.2617121631	-7595.2617121631	0.92505526333645	7.2759576141834e-12	2.5359553105638e-05	0.36881157336678	0.087557357997198	0.56434944176495	7.3708446353416	0.066838984868271	5.6050177702498e-05	0.36881157336678	0.10509020697651	0.56434944176495	6.3460195360991	0.066838984868271	n120	/public4/group_crf/home/cuirf/deepsea/cellpaper/hyphy/Relax_Macrourus_sp/hyphytmp/60218834/	1
N1.HOG0026101	Success	OG0013008	76	6.4159358070803e-07	-7424.7288743506	-7305.7872125289	-7293.3956900935	49.746268656716	24.783044870901	2.2536424550801e-05	0.28185150839976	0.042848832555374	0.55308651763803	1.2395243712204	0.1650619739622	6.6583941707522e-232	0.28185150839976	8.7916349308069e-69	0.55308651763803	43560.391534681	0.1650619739622	n0	/public4/group_crf/home/cuirf/deepsea/cellpaper/hyphy/Relax_Macrourus_sp/hyphytmp/60967941/	4.05241827814851e-06
N1.HOG0021972	Success	OG0009054	133	0.00045213921385423	-14727.068339823	-14216.663750864	-14210.512061799	19.656624087976	12.303378130513	0.00011315060934946	0.41797402921849	0.040910953411393	0.50754729408176	3.0351823780376	0.074478676699745	2.6805079779044e-78	0.41797402921849	5.1695513814421e-28	0.50754729408176	3006943022.5624	0.074478676699745	n0	/public4/group_crf/home/cuirf/deepsea/cellpaper/hyphy/Relax_Macrourus_sp/hyphytmp/56262482/	0.00193227654079992
N1.HOG0015099	Success	OG0004318	163	0.72899075874125	-11402.189933543	-11258.20061322	-11258.140593058	0.90322569855946	0.1200403242874	0.00068989976373624	0.45538620376094	0.29431925415161	0.51179727717129	5.5165797844919	0.032816519067769	0.0013954371254	0.45538620376094	0.33130148001174	0.51179727717129	4.6762241106838	0.032816519067769	n1	/public4/group_crf/home/cuirf/deepsea/cellpaper/hyphy/Relax_Macrourus_sp/hyphytmp/99787189/	0.978442283998021
N1.HOG0011524	Success	OG0002514	167	0.48910202294745	-13809.578758347	-13701.966461025	-13701.727210453	2.1167935106348	0.47850114268294	0.00021945995125892	0.49851659348144	0.10710525264	0.45358073228012	1.1849645500184	0.047902674238435	1.8005475526329e-08	0.49851659348144	0.0088370992735027	0.45358073228012	1.4322506349584	0.047902674238435	n110	/public4/group_crf/home/cuirf/deepsea/cellpaper/hyphy/Relax_Macrourus_sp/hyphytmp/65259310/	0.778034514281221
N1.HOG0023267	Success	OG0010263	93	0.94372604474118	-6590.7711680706	-6481.7955199112	-6481.7930286123	1.1055931383883	0.004982597713024	3.6280011371162e-06	0.42211870622813	0.046964039494405	0.54809070647731	2.310490681186	0.029790587294566	9.6650837788227e-07	0.42211870622813	0.034002667556128	0.54809070647731	2.5241135684694	0.029790587294566	n0	/public4/group_crf/home/cuirf/deepsea/cellpaper/hyphy/Relax_Macrourus_sp/hyphytmp/95896719/	1
N1.HOG0008214	Success	OG0001357	350	0.94325122625305	-31839.002758365	-31239.323178398	-31239.320644809	1.0538669741787	0.005067177778983	0.00013093176399469	0.41243415152524	0.042829662619683	0.52849415589443	1.8207533446186	0.059071692580337	8.0887606251318e-05	0.41243415152524	0.036144388191459	0.52849415589443	1.8804857924624	0.059071692580337	n185	/public4/group_crf/home/cuirf/deepsea/cellpaper/hyphy/Relax_Macrourus_sp/hyphytmp/50153537/	1
N1.HOG0010929	Success	OG0002274	201	0.74538419973917	-17800.630414001	-17370.822661711	-17370.769936398	1.0401253825	0.1054506262808	0.00074920397898381	0.44822154279512	0.081980276526077	0.53688870079512	12.85879733366	0.01488975640976	0.00056129633666332	0.44822154279512	0.074151775145084	0.53688870079512	14.246475641522	0.01488975640976	n0	/public4/group_crf/home/cuirf/deepsea/cellpaper/hyphy/Relax_Macrourus_sp/hyphytmp/23331810/	0.98429673724204
N1.HOG0019316	Success	OG0006932	232	0.14280693743735	-21590.453562024	-21332.224893122	-21331.151168315	0.18544953617202	2.1474496145311	1.6235333221402e-05	0.33546946207563	0.13735784117154	0.60952130833972	3.0856938647343	0.05500922958465	0.12935471168273	0.33546946207563	0.69201470543843	0.60952130833972	1.2323959335804	0.05500922958465	n0	/public4/group_crf/home/cuirf/deepsea/cellpaper/hyphy/Relax_Macrourus_sp/hyphytmp/27627058/	0.324956713268036
N1.HOG0016620	Success	OG0005188	141	0	-10102.970276337	-10021.136897939	-9975.3023531627	50	91.669089552059	0.0024183116773263	0.42526332043134	0.053126503362567	0.46507841481535	1.1314316770369	0.10965826475331	1.4983512965509e-131	0.42526332043134	1.843154072962e-64	0.46507841481535	480.19394825501	0.10965826475331	n7	/public4/group_crf/home/cuirf/deepsea/cellpaper/hyphy/Relax_Macrourus_sp/hyphytmp/51793991/	0
N1.HOG0026452	Success	OG0013339	167	0.96757886519765	-14093.692606852	-13870.841609787	-13870.840783777	1.0060180541625	0.001652020488109	3.7925143652939e-05	0.26450008393418	0.04192536999079	0.57683017514131	1.44492063297	0.15866974092451	3.567146773308e-05	0.26450008393418	0.041132669434456	0.57683017514131	1.4481246377569	0.15866974092451	n0	/public4/group_crf/home/cuirf/deepsea/cellpaper/hyphy/Relax_Macrourus_sp/hyphytmp/26014269/	1
N1.HOG0013213	Success	OG0003330	498	0.99999695631195	-39736.34403693	-38924.536204684	-38924.536204684	1	1.4551915228367e-11	2.4452651974633e-05	0.65807816050375	0.47168968400336	0.32410070522827	11.515228688328	0.017821134267986	2.4452651974633e-05	0.65807816050375	0.47168968400336	0.32410070522827	11.515228688328	0.017821134267986	n2	/public4/group_crf/home/cuirf/deepsea/cellpaper/hyphy/Relax_Macrourus_sp/hyphytmp/55078895/	1
N1.HOG0025838	Success	OG0012750	313	0.43713022943103	-25394.637040846	-25009.265021922	-25008.963119833	0.66363254905745	0.60380417943816	0.00024890468545527	0.61668722655497	0.34155504412093	0.37648930955228	28.340433907185	0.0068234638927434	0.0040577962909007	0.61668722655497	0.49021809435302	0.37648930955228	9.2016185274413	0.0068234638927434	n0	/public4/group_crf/home/cuirf/deepsea/cellpaper/hyphy/Relax_Macrourus_sp/hyphytmp/89496384/	0.718650463313406
N1.HOG0018148	Success	OG0006120	293	0.98232936299575	-20605.0540604	-20076.908679169	-20076.908433887	0.998001998002	0.00049056357966037	7.8950785638714e-05	0.59972695854744	0.09676276600389	0.39190041490627	14.967702146491	0.0083726265462988	8.045509389653e-05	0.59972695854744	0.097215347127527	0.39190041490627	14.886999367756	0.0083726265462988	n21	/public4/group_crf/home/cuirf/deepsea/cellpaper/hyphy/Relax_Macrourus_sp/hyphytmp/52700108/	1
N1.HOG0024245	Success	OG0011195	175	0.13309685906091	-14952.053388089	-14708.576880572	-14707.448877119	0.27217316202222	2.2560069060601	0	0.43863578417714	0.10844789819711	0.48937788980211	1.3202177896612	0.071986326020743	0	0.43863578417714	0.5462772152917	0.48937788980211	1.0785405777257	0.071986326020743	n0	/public4/group_crf/home/cuirf/deepsea/cellpaper/hyphy/Relax_Macrourus_sp/hyphytmp/84588638/	0.310679896557939
N1.HOG0020675	Success	OG0007941	221	1	-18833.719973101	-18079.050237332	-18079.050335707	1.0008003201281	-0.00019675153453136	0	0.32602467961453	0.029052043607256	0.65083836161213	10.460711601323	0.023136958773344	0	0.32602467961453	0.028969882700185	0.65083836161213	10.480384213063	0.023136958773344	n0	/public4/group_crf/home/cuirf/deepsea/cellpaper/hyphy/Relax_Macrourus_sp/hyphytmp/95840114/	1
N1.HOG0006574	Success	OG0000977	291	1	-20398.63782534	-19513.789903636	-19513.789903636	1	0	0.00010551176596229	0.54364407423047	0.024325709759398	0.4419132134268	10.718697154015	0.014442712342727	0.00010551176596229	0.54364407423047	0.024325709759398	0.4419132134268	10.718697154015	0.014442712342727	n131	/public4/group_crf/home/cuirf/deepsea/cellpaper/hyphy/Relax_Macrourus_sp/hyphytmp/49524400/	1
N1.HOG0005584	Success	OG0000795	26	0.5144179464028	-1194.7586178873	-1174.7434149763	-1174.530879929	0.76991420180608	0.4250700944267	0.031779781072006	0.7054466974238	0.032178584484703	0.074039619506652	2.187092972783	0.22051368306955	0.070272387120238	0.7054466974238	0.070950357593194	0.074039619506652	1.8267058466159	0.22051368306955	n5	/public4/group_crf/home/cuirf/deepsea/cellpaper/hyphy/Relax_Macrourus_sp/hyphytmp/55584564/	0.809313216043966
N1.HOG0023902	Success	OG0010862	628	0.73563280709423	-47264.551418766	-46321.341013052	-46321.284011911	1.3825374824851	0.11400228187267	0.0027012624917286	0.66928739160651	0.29417088620976	0.31444455283282	13.309339940417	0.016268055560674	0.00028121909966558	0.66928739160651	0.18421252336687	0.31444455283282	35.825191614841	0.016268055560674	n0	/public4/group_crf/home/cuirf/deepsea/cellpaper/hyphy/Relax_Macrourus_sp/hyphytmp/63623095/	0.979703226812316
N1.HOG0022097	Success	OG0009174	183	0.11448637720152	-10724.27998861	-10582.743512766	-10581.497926324	0.27485426147792	2.4911728844672	0.0039439621499368	0.78095069457995	0.59512342343249	0.21815987833152	222.2754443095	0.00088942708852553	0.21838955746487	0.78095069457995	0.86706126599217	0.21815987833152	4.4162446715071	0.00088942708852553	n0	/public4/group_crf/home/cuirf/deepsea/cellpaper/hyphy/Relax_Macrourus_sp/hyphytmp/59055225/	0.275178842511422
N1.HOG0020084	Success	OG0007488	308	0.41479626740596	-19362.641679553	-18985.828413652	-18985.495907926	50	0.66501145222719	0.0050505225316235	0.87990894239203	0.63902139590549	0.11679838266847	1.1202133866907	0.0032926749395032	1.4683028681434e-115	0.87990894239203	1.8869916525052e-10	0.11679838266847	291.7681702782	0.0032926749395032	n0	/public4/group_crf/home/cuirf/deepsea/cellpaper/hyphy/Relax_Macrourus_sp/hyphytmp/60730154/	0.700019633991591
N1.HOG0003695	Success	OG0000460	29	0.85793296549246	-2078.8801927792	-2056.1305854577	-2056.114563878	1.1188904668069	0.032043159430941	4.4616291893694e-05	0.15695486880482	0.045177862578134	0.62667580516004	2.1481440808612	0.21636932603515	1.3560000979916e-05	0.15695486880482	0.031261453471421	0.62667580516004	2.3525701408619	0.21636932603515	n1	/public4/group_crf/home/cuirf/deepsea/cellpaper/hyphy/Relax_Macrourus_sp/hyphytmp/86953614/	1
N1.HOG0018042	Success	OG0006053	149	0.010670930230003	-11297.647000712	-11051.039247672	-11047.779591895	0.11127504255141	6.5193115552283	8.7068167201708e-06	0.5871218500311	0.27070724101707	0.40309067069157	22.630897017652	0.0097874792773287	0.27348445113505	0.5871218500311	0.86467200676708	0.40309067069157	1.4149610885472	0.0097874792773287	n0	/public4/group_crf/home/cuirf/deepsea/cellpaper/hyphy/Relax_Macrourus_sp/hyphytmp/47695934/	0.0369610043047281
N1.HOG0026313	Success	OG0013207	67	0.68024163789375	-3273.9464771556	-3240.7939495241	-3240.7090225482	39.861685836169	0.16985395188749	0.00034139890532438	0.72365929959231	0.064697277841823	0.27582278133952	159996.44005817	0.00051791906817012	6.4563032398675e-139	0.72365929959231	3.9802616904417e-48	0.27582278133952	2.7836242983871e+207	0.00051791906817012	n0	/public4/group_crf/home/cuirf/deepsea/cellpaper/hyphy/Relax_Macrourus_sp/hyphytmp/54716239/	0.959770098961896
N1.HOG0013653	Success	OG0003552	185	0.93118476153631	-18982.162783454	-18801.95135644	-18801.947627906	0.94301257158919	0.007457067942596	3.9950190707454e-05	0.18547898681412	0.1929790607256	0.76567596190129	3.4818012196295	0.04884505128459	7.1150341036877e-05	0.18547898681412	0.21194692753828	0.76567596190129	3.2428581939706	0.04884505128459	n2	/public4/group_crf/home/cuirf/deepsea/cellpaper/hyphy/Relax_Macrourus_sp/hyphytmp/22948842/	1
N1.HOG0003198	Success	OG0000376	206	0.92386776245358	-6891.4850765118	-6824.5490828759	-6824.5445167457	1.0671484908359	0.0091322604839661	0.013397542678839	0.79031041353815	0.049006608967655	0.20576581422267	13.703958551124	0.0039237722391747	0.010029001923082	0.79031041353815	0.040022777904425	0.20576581422267	16.337422185005	0.0039237722391747	n380	/public4/group_crf/home/cuirf/deepsea/cellpaper/hyphy/Relax_Macrourus_sp/hyphytmp/65946748/	1
N1.HOG0026582	Success	OG0013463	109	1.4742873588602e-11	-9863.7197553897	-9699.7354640242	-9676.9514534893	31.365509885758	45.568021069834	0.018880989175543	0.80118321630435	0.9993684331188	0	1.2441134687688	0.19881678369565	8.4457270523345e-55	0.80118321630435	0.98037936471034	0	944.78286895005	0.19881678369565	n0	/public4/group_crf/home/cuirf/deepsea/cellpaper/hyphy/Relax_Macrourus_sp/hyphytmp/32445551/	1.36173423791496e-10
N1.HOG0013489	Success	OG0003470	226	3.5100866979665e-07	-12316.966951698	-11954.874782011	-11941.901524898	5.8841209150556	25.946514225241	0	0.20691631757674	0.0050096587097871	0.69222317774292	2.219683256698	0.10086050468034	0	0.20691631757674	2.9200680170202e-14	0.69222317774292	109.04811225026	0.10086050468034	n141	/public4/group_crf/home/cuirf/deepsea/cellpaper/hyphy/Relax_Macrourus_sp/hyphytmp/40131973/	2.28421551026759e-06
N1.HOG0001883	Success	OG0000199	216	0.11953810126638	-15108.13709125	-14898.549027676	-14897.337346457	0.36571176943806	2.4233624369408	0	0.14916997670391	0.015835948944812	0.7645890063191	1.2443166767982	0.086241016976996	0	0.14916997670391	0.21957791433048	0.7645890063191	1.0832217094451	0.086241016976996	n591	/public4/group_crf/home/cuirf/deepsea/cellpaper/hyphy/Relax_Macrourus_sp/hyphytmp/68437879/	0.285627897045398
N1.HOG0004054	Success	OG0000504	168	0.88795631006338	-11573.735321962	-11418.270712759	-11418.260787668	1.132562030492	0.019850181903166	0.00029781722555629	0.45452358120425	0.082572309025602	0.51076048060757	2.0607453467127	0.034715938188172	0.00010151481818074	0.45452358120425	0.059326373527835	0.51076048060757	2.2680468972264	0.034715938188172	n228	/public4/group_crf/home/cuirf/deepsea/cellpaper/hyphy/Relax_Macrourus_sp/hyphytmp/29993672/	1
N1.HOG0026937	Success	OG0013792	60	0.43935095012388	-2910.9577923408	-2908.4004631386	-2908.1014746585	0.54355176744545	0.59797696022724	0.025149861712861	0.84613424607914	0.31867456919286	0.15386575392086	1582.3633325844	0	0.13508536456511	0.84613424607914	0.53708571991902	0.15386575392086	54.826250420136	0	n0	/public4/group_crf/home/cuirf/deepsea/cellpaper/hyphy/Relax_Macrourus_sp/hyphytmp/68006469/	0.721610833951076
N1.HOG0010465	Success	OG0002081	274	0.85590750622335	-22117.36750225	-21422.017275129	-21422.000788362	1.0060180541625	0.032973535715428	0.00010928602696303	0.531573940662	0.058897316961108	0.43831494865849	6.0384516067097	0.030111110679513	0.00010344857320685	0.531573940662	0.057902041907638	0.43831494865849	6.1041506386867	0.030111110679513	n173	/public4/group_crf/home/cuirf/deepsea/cellpaper/hyphy/Relax_Macrourus_sp/hyphytmp/36513498/	1
N1.HOG0038338	Success	OG0025516	151	0.21454628802179	-4732.0166741431	-4623.3600239787	-4622.5897836954	0.13677505362614	1.5404805666349	0.0018639936722717	0.73806867572746	0.62481471046797	0.26193132427254	1.1457557484349	0	0.42331620206925	0.73806867572746	0.93769989138913	0.26193132427254	1.0187844735099	0	n0	/public4/group_crf/home/cuirf/deepsea/cellpaper/hyphy/Relax_Macrourus_sp/hyphytmp/64158279/	0.445157636257772
N1.HOG0018219	Success	OG0006174	492	0.64146081652774	-36629.917921932	-35599.576891627	-35599.468473263	0.97934777598513	0.21683672709332	0.00015230832990369	0.54807217205263	0.083711040671941	0.44110298307412	18.42303301855	0.010824844873249	0.00018262444209001	0.54807217205263	0.088110907265504	0.44110298307412	17.34716897747	0.010824844873249	n25	/public4/group_crf/home/cuirf/deepsea/cellpaper/hyphy/Relax_Macrourus_sp/hyphytmp/85675449/	0.924521545968672
N1.HOG0015397	Success	OG0004482	59	1	-3432.3535486046	-3343.3828398495	-3343.3889995216	1.0023308826177	-0.012319344086791	0.0011257391793318	0.6873355999488	1	0.30346907005616	43.757501350779	0.0091953299950377	0.001108064468182	0.6873355999488	1	0.30346907005616	44.14460301631	0.0091953299950377	n2	/public4/group_crf/home/cuirf/deepsea/cellpaper/hyphy/Relax_Macrourus_sp/hyphytmp/76967854/	1
N1.HOG0012236	Success	OG0002827	99	0.82397113350147	-8592.0866817015	-8445.6429842237	-8445.6182443776	1.1621819203031	0.049479692315799	0.00025278834996741	0.54088962860632	0.13570111261439	0.42402810984775	2.737901491783	0.035082261545928	6.597042569782e-05	0.54088962860632	0.0981531224487	0.42402810984775	3.2237331129229	0.035082261545928	n105	/public4/group_crf/home/cuirf/deepsea/cellpaper/hyphy/Relax_Macrourus_sp/hyphytmp/46851996/	1
N1.HOG0025540	Success	OG0012461	106	6.2350868912375e-09	-10443.596643213	-10334.171176367	-10317.291225422	37.778240647261	33.759901890488	0.014152445701462	0.75132333387221	0.9993684331188	0	1.1309526961946	0.24867666612779	1.3856939088412e-70	0.75132333387221	0.97641554171321	0	104.48090511948	0.24867666612779	n0	/public4/group_crf/home/cuirf/deepsea/cellpaper/hyphy/Relax_Macrourus_sp/hyphytmp/97667049/	4.73976959254249e-08
N1.HOG0021749	Success	OG0008855	265	0.93464517405129	-20793.08293472	-20519.073814733	-20519.070452574	0.97015674595093	0.0067243174853502	1.0081160284869e-05	0.51555712117985	0.1158258473246	0.47029590821972	7.4478337497264	0.01414697060043	1.4210914442003e-05	0.51555712117985	0.12352207445745	0.47029590821972	7.0146460460062	0.01414697060043	n0	/public4/group_crf/home/cuirf/deepsea/cellpaper/hyphy/Relax_Macrourus_sp/hyphytmp/10216929/	1
N1.HOG0026443	Success	OG0013330	114	0.0024687019740431	-8187.7988978642	-8019.8427011899	-8015.2608780965	0.3935485846926	9.1636461867765	3.8752296947967e-05	0.70008552607874	0.18391166419392	0.29715359689403	23.320333543857	0.002760877027235	0.018356112263112	0.70008552607874	0.51355625204652	0.29715359689403	3.4535844334795	0.002760877027235	n0	/public4/group_crf/home/cuirf/deepsea/cellpaper/hyphy/Relax_Macrourus_sp/hyphytmp/41742332/	0.00966111615354452
N1.HOG0016808	Success	OG0005304	121	0.65321257593088	-8205.7492395393	-8124.3971526074	-8124.2962156918	0.18565047330539	0.20187383121265	5.9355885010699e-11	0.69825195275034	0.73375997894278	0.29823211546661	232.03391407997	0.003515931783053	0.012631028392827	0.69825195275034	0.94414791909543	0.29823211546661	2.7489430921538	0.003515931783053	n0	/public4/group_crf/home/cuirf/deepsea/cellpaper/hyphy/Relax_Macrourus_sp/hyphytmp/91540516/	0.934404001206704
N1.HOG0019672	Success	OG0007190	193	0.78132398394565	-14425.18473922	-14268.675257559	-14268.636728325	1.2503980171897	0.077058468301402	0	0.17528020932483	0.059783137906815	0.77835493643294	2.0390040835309	0.046364854242231	0	0.17528020932483	0.029528163748062	0.77835493643294	2.4372258354516	0.046364854242231	n0	/public4/group_crf/home/cuirf/deepsea/cellpaper/hyphy/Relax_Macrourus_sp/hyphytmp/65998124/	1
N1.HOG0026339	Success	OG0013227	111	0.0011027928418273	-11350.788376091	-11173.113774293	-11167.790523292	5.3132638689983e-06	10.646502001677	0	0.27001242680398	0.053760685314327	0.5994286615627	1.3808024202623	0.13055891163332	0	0.27001242680398	0.99998446831948	0.5994286615627	1.0000017144047	0.13055891163332	n0	/public4/group_crf/home/cuirf/deepsea/cellpaper/hyphy/Relax_Macrourus_sp/hyphytmp/19999565/	0.00452171384787423
N1.HOG0024593	Success	OG0011536	104	3.2140641703648e-08	-8782.9997027885	-8562.1292428461	-8546.8423476537	0.30755821240433	30.573790384664	6.6632933024404e-06	0.72809254899919	0.050273883640061	0.26314635828131	6.5643973911461	0.008761092719502	0.025584858568167	0.72809254899919	0.39864580743855	0.26314635828131	1.7837541298282	0.008761092719502	n0	/public4/group_crf/home/cuirf/deepsea/cellpaper/hyphy/Relax_Macrourus_sp/hyphytmp/21223177/	2.29118765339698e-07
N1.HOG0012883	Success	OG0003152	219	0.0022746155382808	-24101.025403402	-23754.313451569	-23749.656661392	6.6653083399041e-06	9.3135803540645	0	0.38759828906237	0.2212990671074	0.57972226189213	4.4680154769393	0.032679449045501	0	0.38759828906237	0.99998994716423	0.57972226189213	1.0000099776454	0.032679449045501	n16	/public4/group_crf/home/cuirf/deepsea/cellpaper/hyphy/Relax_Macrourus_sp/hyphytmp/73332529/	0.00894231005667372
N1.HOG0013987	Success	OG0003729	239	0.068076880111174	-19712.558986065	-19414.640335726	-19412.975939996	0.10003364214081	3.3287914617031	0.00054263421087345	0.53212072954414	0.09506455356199	0.45061210651779	3.2978145030433	0.017267163938071	0.47134712117892	0.53212072954414	0.79025541365312	0.45061210651779	1.1267824046223	0.017267163938071	n2	/public4/group_crf/home/cuirf/deepsea/cellpaper/hyphy/Relax_Macrourus_sp/hyphytmp/80969877/	0.183316739860497
N1.HOG0026492	Success	OG0013377	191	0.23722655421708	-16278.969187847	-16084.05399831	-16083.355498427	0.14156883251454	1.3969997659588	0.001983926180291	0.5267963168398	0.040817114631773	0.34814392864094	1.0774126049812	0.12505975451926	0.41439436515793	0.5267963168398	0.63582641492996	0.34814392864094	1.0106116243716	0.12505975451926	n0	/public4/group_crf/home/cuirf/deepsea/cellpaper/hyphy/Relax_Macrourus_sp/hyphytmp/66019035/	0.476672772099349
N1.HOG0015845	Success	OG0004744	116	1	-10047.345982397	-9823.6277672822	-9823.6310480047	1.0023311754349	-0.0065614449595159	0.00023925837457161	0.59713116335762	0.43508052046373	0.40241221518936	9999999171.5964	0.00045662145302596	0.0002346527520323	0.59713116335762	0.43423725617963	0.40241221518936	10551439625.605	0.00045662145302596	n92	/public4/group_crf/home/cuirf/deepsea/cellpaper/hyphy/Relax_Macrourus_sp/hyphytmp/45498110/	1
N1.HOG0004429	Success	OG0000554	267	0.0023677030549899	-22587.674709886	-22037.793012273	-22033.172955632	0.84877477322205	9.2401132822051	0.00015105071067833	0.46518553296483	0.018756039694403	0.43744280274794	1.2398454365689	0.097371664287231	0.00057139416101081	0.46518553296483	0.034220453876292	0.43744280274794	1.2001845154402	0.097371664287231	n1	/public4/group_crf/home/cuirf/deepsea/cellpaper/hyphy/Relax_Macrourus_sp/hyphytmp/84697363/	0.00928701791888732
N1.HOG0024022	Success	OG0010973	279	0.10383420141764	-20400.153570576	-20168.317103943	-20166.994282936	0.50033384846712	2.6456420139148	0.024696516505478	0.89919418898562	0.9881421061449	0.10017724444667	9999999171.5964	0.00062856656770716	0.15695719674831	0.89919418898562	0.99404941317112	0.10017724444667	100771.6725223	0.00062856656770716	n0	/public4/group_crf/home/cuirf/deepsea/cellpaper/hyphy/Relax_Macrourus_sp/hyphytmp/65043012/	0.257412926458161
N1.HOG0026026	Success	OG0012934	60	0.14435713818836	-7018.8725793671	-6955.3755450175	-6954.3101011904	0	2.1308876541843	0.00046442890698056	0.29634602483469	0.25016249859651	0.58798439879785	2.9406148545439	0.11566957636746	1	0.29634602483469	1	0.58798439879785	1	0.11566957636746	n0	/public4/group_crf/home/cuirf/deepsea/cellpaper/hyphy/Relax_Macrourus_sp/hyphytmp/75539475/	0.326323109746845
N1.HOG0020601	Success	OG0007876	273	0	-21942.991268399	-21318.467747767	-21273.835958789	9.0094352581893	89.263577956925	3.7503227518367e-05	0.36130947707208	0.052337835158721	0.58905387691423	2.8687405067488	0.049636646013689	1.333085474858e-40	0.36130947707208	2.8658502349713e-12	0.58905387691423	13290.454307764	0.049636646013689	n0	/public4/group_crf/home/cuirf/deepsea/cellpaper/hyphy/Relax_Macrourus_sp/hyphytmp/57431405/	0
N1.HOG0008916	Success	OG0001589	121	0.48308982612264	-10311.98691507	-10026.299140636	-10026.05320058	0.70384780901461	0.49188011218212	0	0.45693118556068	0.093035326799742	0.52166251169199	2.6028802222321	0.021406302747332	0	0.45693118556068	0.18796849980371	0.52166251169199	1.9607242346837	0.021406302747332	n23	/public4/group_crf/home/cuirf/deepsea/cellpaper/hyphy/Relax_Macrourus_sp/hyphytmp/20274313/	0.771327436132617
N1.HOG0025661	Success	OG0012581	148	0.35234769864172	-13234.818731996	-13020.738378438	-13020.305886431	0.65637866163023	0.8649840150938	0.048105975542457	0.7676108599759	0.66813333379671	0.20875485111739	10.87965677353	0.023634288906704	0.13646571672621	0.7676108599759	0.76743906439526	0.20875485111739	4.7908447120646	0.023634288906704	n0	/public4/group_crf/home/cuirf/deepsea/cellpaper/hyphy/Relax_Macrourus_sp/hyphytmp/68812306/	0.622243134970225
N1.HOG0013778	Success	OG0003622	133	0.25348239302196	-9700.4715733118	-9508.6661064271	-9508.0141023744	0	1.3040081053259	1.7818824982746e-05	0.6130293432642	0.24641042323966	0.38112768284387	4.5759583585344	0.0058429738919298	1	0.6130293432642	1	0.38112768284387	1	0.0058429738919298	n107	/public4/group_crf/home/cuirf/deepsea/cellpaper/hyphy/Relax_Macrourus_sp/hyphytmp/45589658/	0.4974546198015
N1.HOG0024603	Success	OG0011546	897	0.5486642019125	-63896.189674032	-62764.182566753	-62764.002708931	0.86211262511278	0.35971564413921	0.00014283574848505	0.52530525883154	0.086513135012234	0.46604064943314	10.466863924744	0.0086540917353119	0.00048421290373777	0.52530525883154	0.12123974544611	0.46604064943314	7.5717583873861	0.0086540917353119	n0	/public4/group_crf/home/cuirf/deepsea/cellpaper/hyphy/Relax_Macrourus_sp/hyphytmp/81381252/	0.843391195725252
N1.HOG0020955	Success	OG0008172	458	0.38787947248168	-50223.910329027	-49218.574264685	-49218.201475039	0.58704247528859	0.74557929243019	0.014460443731862	0.70333800944536	0.63117708491801	0.26556052199893	9.2139128440567	0.03110146855571	0.083166507496377	0.70333800944536	0.76327366698199	0.26556052199893	3.682728066783	0.03110146855571	n9	/public4/group_crf/home/cuirf/deepsea/cellpaper/hyphy/Relax_Macrourus_sp/hyphytmp/59860762/	0.669694187807908
N1.HOG0006886	Success	OG0001042	330	1	-18149.068696853	-17637.523517819	-17637.548877044	1	-0.050718448699627	0	0.40041047346354	0.0036971704824614	0.48975814593392	1.2013011124412	0.10983138060253	0	0.40041047346354	0.0036971704824614	0.48975814593392	1.2013011124412	0.10983138060253	n130	/public4/group_crf/home/cuirf/deepsea/cellpaper/hyphy/Relax_Macrourus_sp/hyphytmp/25282213/	1
N1.HOG0019394	Success	OG0006984	168	0.025797590082081	-13356.710206407	-12826.670601137	-12824.185833905	0.8749378033018	4.9695344652246	0.00023808355051066	0.67042959015927	0.19373609539522	0.31788153251287	9999999171.5964	0.011688877327865	0.00067587062625106	0.67042959015927	0.23787760535688	0.31788153251287	561536513.9453	0.011688877327865	n17	/public4/group_crf/home/cuirf/deepsea/cellpaper/hyphy/Relax_Macrourus_sp/hyphytmp/65902568/	0.0801451351917091
N1.HOG0022745	Success	OG0009761	274	2.7066675567511e-09	-22863.423813012	-22629.112359806	-22611.420234707	7.1703781071485	35.384250197494	0.0008228407954882	0.39408078794352	0.098395193540175	0.56335514387513	2.2298229472737	0.042564068181356	7.6146168420441e-23	0.39408078794352	6.0150880180252e-08	0.56335514387513	314.21745861263	0.042564068181356	n0	/public4/group_crf/home/cuirf/deepsea/cellpaper/hyphy/Relax_Macrourus_sp/hyphytmp/68544889/	2.17292283294317e-08
N1.HOG0020983	Success	OG0008194	166	0.95813667457385	-14268.441064695	-14068.937230055	-14068.93585235	0.9732784286065	0.0027554094122024	0.0087306785652555	0.76301848612229	0.77004644602086	0.2339628673138	63.457017480561	0.0030186465639146	0.0099098351967573	0.76301848612229	0.77544208420949	0.2339628673138	56.795583710195	0.0030186465639146	n0	/public4/group_crf/home/cuirf/deepsea/cellpaper/hyphy/Relax_Macrourus_sp/hyphytmp/88149412/	1
N1.HOG0025883	Success	OG0012793	59	0.46092840931484	-6080.3629220767	-6006.4368082832	-6006.1649886642	1.4550864160556	0.543639237967	0.00022241753446056	0.51973914073787	0.082955814704834	0.3099643152272	1	0.17029654403493	4.8396645887783e-06	0.51973914073787	0.026719523740008	0.3099643152272	1	0.17029654403493	n0	/public4/group_crf/home/cuirf/deepsea/cellpaper/hyphy/Relax_Macrourus_sp/hyphytmp/35357936/	0.745856599142181
N1.HOG0022102	Success	OG0009179	115	0.084188148775527	-9828.2844397526	-9688.7787955904	-9687.287728053	0	2.9821350747952	0.0038237647972741	0.63933982432444	0.31557277511206	0.32700931312651	5.4605717586616	0.033650862549054	1	0.32700931312651	1	0.63933982432444	1	0.033650862549054	n0	/public4/group_crf/home/cuirf/deepsea/cellpaper/hyphy/Relax_Macrourus_sp/hyphytmp/13473579/	0.218482235039812
N1.HOG0017807	Success	OG0005902	42	0.5886409987765	-3382.3318921429	-3303.2757279921	-3303.1294921856	0.78220276373542	0.29247161302737	7.8275066077476e-06	0.31493850905352	0.03235449269915	0.58786996774099	2.322479210353	0.097191523205491	0.00010133935700263	0.31493850905352	0.068307237500355	0.58786996774099	1.9330742547674	0.097191523205491	n0	/public4/group_crf/home/cuirf/deepsea/cellpaper/hyphy/Relax_Macrourus_sp/hyphytmp/49433072/	0.881816105790298
N1.HOG0008428	Success	OG0001432	139	0.61655553084696	-11392.239960705	-11118.766428789	-11118.641059521	1.0141631676471	0.25073853628419	0.00011104758461815	0.71218018339712	0.06664105428909	0.28713012408522	3045.9333500046	0.00068969251765398	9.7611502858705e-05	0.71218018339712	0.06413311255524	0.28713012408522	3412.4076903969	0.00068969251765398	n195	/public4/group_crf/home/cuirf/deepsea/cellpaper/hyphy/Relax_Macrourus_sp/hyphytmp/19420785/	0.9031092656864
N1.HOG0023184	Success	OG0010185	372	0.10602488865323	-36606.481995759	-35379.324814923	-35378.018567835	0.27660082729419	2.6124941762828	0.00029040716934397	0.26126984768672	0.056141333408548	0.69154354031506	6.9094762901294	0.04718661199822	0.10511505027574	0.26126984768672	0.45086919790073	0.69154354031506	1.7068337338745	0.04718661199822	n0	/public4/group_crf/home/cuirf/deepsea/cellpaper/hyphy/Relax_Macrourus_sp/hyphytmp/89267163/	0.260960972358523
N1.HOG0007737	Success	OG0001234	372	0.40754094329121	-27570.014199743	-26895.634366049	-26895.291384587	0.57179039230588	0.68596292546863	0.00068165514533751	0.54238784809558	0.076682163306741	0.43129154807528	4.6637834160257	0.026320603829145	0.015469017382082	0.54238784809558	0.23029205144932	0.43129154807528	2.4120048519824	0.026320603829145	n20	/public4/group_crf/home/cuirf/deepsea/cellpaper/hyphy/Relax_Macrourus_sp/hyphytmp/16437582/	0.691853103334287
N1.HOG0026785	Success	OG0013648	135	2.2501707388156e-05	-9584.4022459889	-9298.2820194903	-9289.2995736743	0.41105859990322	17.964891632015	0.0056237741819668	0.82403585450745	0.61868006108369	0.17017586575614	136.56602426493	0.0057882797364026	0.11888569689413	0.82403585450745	0.8208812863293	0.17017586575614	7.546593665857	0.0057882797364026	n0	/public4/group_crf/home/cuirf/deepsea/cellpaper/hyphy/Relax_Macrourus_sp/hyphytmp/80444954/	0.000114711968228047
N1.HOG0023203	Success	OG0010204	272	0.26173505835161	-24273.330814488	-23917.401513125	-23916.771734882	0.895936925164	1.2595564867224	8.9511688675867e-05	0.53543584150092	0.33208889037788	0.43692827152587	7.065883970056	0.02763588697321	0.00023612370595296	0.53543584150092	0.37245524266718	0.43692827152587	5.7650041510852	0.02763588697321	n0	/public4/group_crf/home/cuirf/deepsea/cellpaper/hyphy/Relax_Macrourus_sp/hyphytmp/63679302/	0.508185265754707
N1.HOG0003244	Success	OG0000382	140	0.70217394675197	-9485.5395951263	-9264.9863798343	-9264.913269727	0.70793731654663	0.14622021462492	5.7163488079192e-05	0.68806137006487	0.081502906765804	0.30095638580236	5.1461745381191	0.010982244132772	0.0009915303521825	0.68806137006487	0.16950355253115	0.30095638580236	3.1892343713745	0.010982244132772	n112	/public4/group_crf/home/cuirf/deepsea/cellpaper/hyphy/Relax_Macrourus_sp/hyphytmp/87274570/	0.968943647003923
N1.HOG0024887	Success	OG0011818	199	0.18627376212379	-15423.828756632	-15201.476353591	-15200.602930735	1.0978555585036e-07	1.7468457129216	0	0.39484025323882	0.24608785101203	0.6005450585393	99.544347536639	0.0046146882218757	0	0.39484025323882	0.99999984607334	0.6005450585393	1.0000005050799	0.0046146882218757	n0	/public4/group_crf/home/cuirf/deepsea/cellpaper/hyphy/Relax_Macrourus_sp/hyphytmp/26524478/	0.400022904160839
N1.HOG0014236	Success	OG0003858	365	3.6368685840671e-12	-31211.583274783	-30856.330863269	-30832.175314235	4.0125047181167	48.31109806789	0.0013143280590811	0.37415841591725	0.12884127210886	0.58126649336915	2.9986484186116	0.044575090713602	2.7465361606631e-12	0.37415841591725	0.00026859103040579	0.58126649336915	81.972091525941	0.044575090713602	n2	/public4/group_crf/home/cuirf/deepsea/cellpaper/hyphy/Relax_Macrourus_sp/hyphytmp/25578620/	3.57036584424416e-11
N1.HOG0021980	Success	OG0009062	159	0.40238563360877	-9577.982331572	-9497.9409243417	-9497.5903315887	0.62688354656256	0.70118550601546	8.2143357180933e-05	0.51246302720189	0.075669909173779	0.4805002851778	3.5254026596901	0.0070366876203112	0.0027473417580175	0.51246302720189	0.19825100957498	0.4805002851778	2.203109828763	0.0070366876203112	n0	/public4/group_crf/home/cuirf/deepsea/cellpaper/hyphy/Relax_Macrourus_sp/hyphytmp/31963283/	0.685132327591543
N1.HOG0024069	Success	OG0011020	155	0	-16494.336863606	-15970.184687845	-15931.63707515	25.116554635645	77.095225390214	0	0.5043582544283	0.0036890625970126	0.33284447280297	1.312828917391	0.16279727276873	0	0.5043582544283	7.7502086849212e-62	0.33284447280297	931.06727516347	0.16279727276873	n0	/public4/group_crf/home/cuirf/deepsea/cellpaper/hyphy/Relax_Macrourus_sp/hyphytmp/36433613/	0
N1.HOG0011825	Success	OG0002639	276	0.91700163166157	-20645.291214378	-20265.146655725	-20265.141225723	0.81143611705709	0.010860004251299	0.00026944639604067	0.28668599151529	0.032692009467288	0.66382106849538	1.8876636744417	0.049492939989329	0.0012692768746239	0.28668599151529	0.062310935742408	0.66382106849538	1.67453874674	0.049492939989329	n1	/public4/group_crf/home/cuirf/deepsea/cellpaper/hyphy/Relax_Macrourus_sp/hyphytmp/10914317/	1
N1.HOG0022020	Success	OG0009099	220	0	-15746.057076984	-15516.136338165	-15470.682323754	34.486133745675	90.908028821563	0.0001002038944837	0.49366780663307	0.047852492580794	0.43113812852604	1.1753015930216	0.07519406484089	1.2189095640721e-138	0.49366780663307	2.9854668804243e-46	0.43113812852604	262.53003550256	0.07519406484089	n0	/public4/group_crf/home/cuirf/deepsea/cellpaper/hyphy/Relax_Macrourus_sp/hyphytmp/19678888/	0
N1.HOG0003165	Success	OG0000369	380	0	-29727.953350312	-29163.052485659	-29111.057817483	50	103.98933635191	0	0.31520837643473	0.0014057113669038	0.60120691891783	1.1357374310987	0.083584704647444	0	0.31520837643473	2.4820346070595e-143	0.60120691891783	580.62664885241	0.083584704647444	n442	/public4/group_crf/home/cuirf/deepsea/cellpaper/hyphy/Relax_Macrourus_sp/hyphytmp/89537908/	0
N1.HOG0024945	Success	OG0011875	104	0.35168677325616	-8465.0980950916	-8351.0148435708	-8350.5811627833	0.27793646858258	0.86736157507767	1.7010613315764e-05	0.43421426468089	0.076848443186464	0.51435366082458	2.129849910578	0.051432074494532	0.047254497733977	0.43421426468089	0.49009170021351	0.51435366082458	1.2338437386384	0.051432074494532	n0	/public4/group_crf/home/cuirf/deepsea/cellpaper/hyphy/Relax_Macrourus_sp/hyphytmp/15235245/	0.622243134970225
N1.HOG0023445	Success	OG0010429	119	0.80554724784685	-9827.6364128891	-9677.9143115046	-9677.8840105921	0.50687150041552	0.060601824956393	0	0.72965630437232	0.89400458995504	0.26743897478829	14.991125977581	0.0029047208393885	0	0.72965630437232	0.94479047301028	0.26743897478829	3.9445446141544	0.0029047208393885	n0	/public4/group_crf/home/cuirf/deepsea/cellpaper/hyphy/Relax_Macrourus_sp/hyphytmp/54641798/	1
N1.HOG0023707	Success	OG0010680	261	0.63665207688721	-24824.209827857	-24582.768860017	-24582.657286268	1.4535200940416	0.22314749845827	0.00077456631771835	0.45360951871922	0.18627677407068	0.53300226405431	6.3477296223176	0.013388217226471	3.007351384145e-05	0.45360951871922	0.086928266067579	0.53300226405431	14.676483182842	0.013388217226471	n0	/public4/group_crf/home/cuirf/deepsea/cellpaper/hyphy/Relax_Macrourus_sp/hyphytmp/35729359/	0.920680360346992
N1.HOG0020014	Success	OG0007432	250	0.057131042829832	-15493.44664766	-15347.292731258	-15345.483345468	50	3.6187715801716	2.011622768795e-05	0.60534853328325	0.041993569754351	0.32699846808183	1.0309120454665	0.067652998634915	1.5042746247615e-235	0.60534853328325	1.4425793711992e-69	0.32699846808183	4.5822702976952	0.067652998634915	n0	/public4/group_crf/home/cuirf/deepsea/cellpaper/hyphy/Relax_Macrourus_sp/hyphytmp/15299849/	0.158564025172296
N1.HOG0007435	Success	OG0001167	106	2.7755575615629e-15	-7931.5514346904	-7680.7742878735	-7649.5538004155	50	62.44097491611	4.9453186287747e-05	0.36363845059481	0.006638270331133	0.54948351239078	1.9009394930758	0.086878037014406	5.1252367285134e-216	0.36363845059481	1.266912768355e-109	0.54948351239078	88800349356433	0.086878037014406	n2	/public4/group_crf/home/cuirf/deepsea/cellpaper/hyphy/Relax_Macrourus_sp/hyphytmp/26706820/	3.5852690908008e-14
N1.HOG0011018	Success	OG0002307	84	0.60681625535283	-7901.2331909287	-7703.9355100846	-7703.8030914959	0.54257573358037	0.26483717729207	0.0031791299729441	0.67375292348423	1	0.29922535697003	8.7088680882561	0.027021719545734	0.04413804414799	0.67375292348423	1	0.29922535697003	3.2359396663277	0.027021719545734	n1	/public4/group_crf/home/cuirf/deepsea/cellpaper/hyphy/Relax_Macrourus_sp/hyphytmp/98511480/	0.895521527528606
N1.HOG0014506	Success	OG0003997	221	0.94757983031834	-24163.593148712	-23890.483137289	-23890.480976003	1.0040100240581	0.0043225726185483	0.00027343713822615	0.40033034379922	0.17254927269129	0.54544875085986	2.9605596812641	0.054220905340927	0.00026458743307436	0.40033034379922	0.17133778033282	0.54544875085986	2.9734732833097	0.054220905340927	n1	/public4/group_crf/home/cuirf/deepsea/cellpaper/hyphy/Relax_Macrourus_sp/hyphytmp/95271856/	1
N1.HOG0011306	Success	OG0002416	167	0.00022475859137694	-12130.752616989	-11871.152721383	-11864.346780925	5.8491034742609	13.611880916305	7.7208963397279e-05	0.25864316240261	0.031743813502978	0.67675294123177	1.9730730653811	0.06460389636562	8.8418467559105e-25	0.25864316240261	1.7220629782843e-09	0.67675294123177	53.250406753028	0.06460389636562	n1	/public4/group_crf/home/cuirf/deepsea/cellpaper/hyphy/Relax_Macrourus_sp/hyphytmp/84748857/	0.000997765529678509
N1.HOG0020710	Success	OG0007969	547	9.8166540674072e-07	-37098.017422053	-36139.831654116	-36127.849777684	2.7509529740365	23.963752864365	6.1823236619194e-05	0.51253032550511	0.041060782832653	0.45574871054268	3.9735458239368	0.031720963952211	2.6403187265825e-12	0.51253032550511	0.00015332165587159	0.45574871054268	44.494990888723	0.031720963952211	n0	/public4/group_crf/home/cuirf/deepsea/cellpaper/hyphy/Relax_Macrourus_sp/hyphytmp/10784520/	6.00178351879202e-06
N1.HOG0006313	Success	OG0000928	201	0.47991801526823	-14846.889592307	-14642.802848251	-14642.553323448	16.656058064297	0.49904960539425	1.8963107257387e-05	0.57710875159281	0.046730567176284	0.36261682441642	1	0.060274423990764	2.2314464627637e-79	0.57710875159281	6.9310315546715e-23	0.36261682441642	1	0.060274423990764	n27	/public4/group_crf/home/cuirf/deepsea/cellpaper/hyphy/Relax_Macrourus_sp/hyphytmp/57680607/	0.766975953703088
N1.HOG0012703	Success	OG0003060	85	0.0028225831167555	-9464.2732645193	-9311.2503106042	-9306.7909377916	1.3607911837416e-05	8.9187456252475	0	0.21081410197065	0.19141888357427	0.69157671645729	3.918044029446	0.097609181572058	0	0.21081410197065	0.99997750241294	0.69157671645729	1.0000185830358	0.097609181572058	n1	/public4/group_crf/home/cuirf/deepsea/cellpaper/hyphy/Relax_Macrourus_sp/hyphytmp/10565505/	0.0109216166544729
N1.HOG0024190	Success	OG0011140	208	1.1102230246252e-16	-18224.27514225	-17747.239013472	-17712.610949324	16.547222522361	69.256128294459	0	0.27461246528141	5.1149629365227e-19	0.55182978943865	1.713238204392	0.17355774527993	0	0.27461246528141	2.1485551660711e-303	0.55182978943865	7396.6376774073	0.17355774527993	n0	/public4/group_crf/home/cuirf/deepsea/cellpaper/hyphy/Relax_Macrourus_sp/hyphytmp/37668020/	1.64427858302249e-15
N1.HOG0017423	Success	OG0005672	269	0.88606219267367	-21524.865091857	-21312.06609931	-21312.055833486	0.90248556266495	0.020531646892778	0.031880711994272	0.79094888949346	0.51908787890126	0.19182733140592	5.5512352948877	0.017223779100615	0.044612404970078	0.79094888949346	0.5533615924609	0.19182733140592	4.6967873671448	0.017223779100615	n0	/public4/group_crf/home/cuirf/deepsea/cellpaper/hyphy/Relax_Macrourus_sp/hyphytmp/35181192/	1
N1.HOG0027169	Success	OG0013999	249	0.17860422093333	-16626.847821929	-16453.23736022	-16452.332760194	1.4046819429916	1.8092000528122	0	0.41651412437986	0.03718826031682	0.49260127830085	1.1724862247074	0.090884597319292	0	0.41651412437986	0.0098146525352883	0.49260127830085	1.2504732538469	0.090884597319292	n0	/public4/group_crf/home/cuirf/deepsea/cellpaper/hyphy/Relax_Macrourus_sp/hyphytmp/11419156/	0.389393466451093
N1.HOG0023208	Success	OG0010209	134	0.68898601432598	-8959.796627235	-8879.6724548314	-8879.5923622039	1.4133347870465	0.16018525500476	0.0010987890836388	0.72646935123335	0.066428540034937	0.26645396030321	2.5331033581984	0.007076688463441	6.5738727520673e-05	0.72646935123335	0.021656732961452	0.26645396030321	3.7196039525942	0.007076688463441	n0	/public4/group_crf/home/cuirf/deepsea/cellpaper/hyphy/Relax_Macrourus_sp/hyphytmp/37928625/	0.962339815131735
N1.HOG0026612	Success	OG0013493	203	0.37245748145002	-17580.838339912	-17313.720985601	-17313.32326101	0.47213023202041	0.79544918335159	0.0015702803218454	0.72002469781425	0.56980887049803	0.27742014359212	62.636544523141	0.002555158593626	0.047439058294249	0.72002469781425	0.76678281904364	0.27742014359212	7.0523965099	0.002555158593626	n0	/public4/group_crf/home/cuirf/deepsea/cellpaper/hyphy/Relax_Macrourus_sp/hyphytmp/63870296/	0.648967498104599
N1.HOG0026908	Success	OG0013764	76	4.060160514463e-07	-5705.0286999435	-5632.9358315534	-5620.1030694453	3.7723310099153e-07	25.665524216136	0	0.53995613155171	0.27381051608204	0.45823396848376	2034.3316809941	0.0018098999645332	0	0.53995613155171	0.99999951136293	0.45823396848376	1.0000028737367	0.0018098999645332	n0	/public4/group_crf/home/cuirf/deepsea/cellpaper/hyphy/Relax_Macrourus_sp/hyphytmp/82970947/	2.61249279544848e-06
N1.HOG0021542	Success	OG0008671	85	1	-6919.3196088222	-6890.7140016806	-6890.7149483239	1.1620963895399	-0.001893286495033	0.022811206728213	0.76375039296218	0.2814726525943	0.16106475998858	1	0.075184847049237	0.012359759528445	0.76375039296218	0.22918796196207	0.16106475998858	1	0.075184847049237	n0	/public4/group_crf/home/cuirf/deepsea/cellpaper/hyphy/Relax_Macrourus_sp/hyphytmp/78213855/	1
N1.HOG0027682	Success	OG0014485	16	0.16444347191462	-706.22162181112	-694.43412436866	-693.46768331202	25.113202347908	1.9328821132763	0.00079343172869157	0	0.0010716013938366	0.82413664225563	1.0722168326461	0.17586335774437	1.3701127006799e-78	0	2.5979126137054e-75	0.82413664225563	5.7609431056928	0.17586335774437	n0	/public4/group_crf/home/cuirf/deepsea/cellpaper/hyphy/Relax_Macrourus_sp/hyphytmp/72332552/	0.36219728814015
N1.HOG0026415	Success	OG0013303	133	0.65022908629746	-12360.420443821	-12034.240353115	-12034.137547401	0.67013611075953	0.20561142689257	0	0.45358687444864	0.093958391804144	0.46747098714364	3.6106418359602	0.078942138407718	0	0.45358687444864	0.20498734032059	0.46747098714364	2.3640543014336	0.078942138407718	n0	/public4/group_crf/home/cuirf/deepsea/cellpaper/hyphy/Relax_Macrourus_sp/hyphytmp/93862946/	0.932465417578494
N1.HOG0025548	Success	OG0012469	255	0.95194880523203	-24724.005677654	-24357.223877926	-24357.222062311	1.0449617254614	0.0036312304000603	4.0636209549998e-05	0.30303752278184	0.10820841683165	0.62356723993756	2.2653441647058	0.0733952372806	2.5791841522768e-05	0.30303752278184	0.09791286379822	0.62356723993756	2.3501827702809	0.0733952372806	n0	/public4/group_crf/home/cuirf/deepsea/cellpaper/hyphy/Relax_Macrourus_sp/hyphytmp/11157968/	1
N1.HOG0023952	Success	OG0010908	327	0.087296438953169	-24595.006638616	-24084.04548997	-24082.583722569	0.038286197985222	2.9235348026195	1.4266348058402e-09	0.85254521287265	1	0.14451662538799	24.744775744559	0.0029381617393552	0.45849253509158	0.85254521287265	1	0.14451662538799	1.1307098774656	0.0029381617393552	n0	/public4/group_crf/home/cuirf/deepsea/cellpaper/hyphy/Relax_Macrourus_sp/hyphytmp/79997786/	0.223931257603767
N1.HOG0007987	Success	OG0001300	232	0.52676838926886	-7313.4347584767	-7048.55731518	-7048.3570043586	0.63961260518741	0.40062164273149	0.00041894578915457	0.72290637920864	0.12471862539854	0.26681310563545	14.28358806467	0.010280515155908	0.006910183329694	0.72290637920864	0.26408654419563	0.26681310563545	5.4783339771225	0.010280515155908	n262	/public4/group_crf/home/cuirf/deepsea/cellpaper/hyphy/Relax_Macrourus_sp/hyphytmp/32799894/	0.822529635567969
N1.HOG0026992	Success	OG0013841	66	0.0001113631344245	-5475.0924465179	-5371.2567625619	-5363.789973401	0.022148460518134	14.933578321887	1.8288838109067e-76	0.47705259794565	0.2083274128373	0.48970625482771	9.6213138704954	0.03324114722664	0.021014739917001	0.47705259794565	0.9658535535343	0.48970625482771	1.0514221644557	0.03324114722664	n0	/public4/group_crf/home/cuirf/deepsea/cellpaper/hyphy/Relax_Macrourus_sp/hyphytmp/95739716/	0.000521312983491256
N1.HOG0004870	Success	OG0000635	116	0.93019579106955	-4564.4195372995	-4487.2535418253	-4487.2497050764	0.92581250667485	0.0076734979429602	0.027463453422152	0.86107995699328	0.78264418981402	0.13701014617193	9999999171.5964	0.0019098968347937	0.035857498528893	0.86107995699328	0.79700410528066	0.13701014617193	1811861652.7536	0.0019098968347937	n1	/public4/group_crf/home/cuirf/deepsea/cellpaper/hyphy/Relax_Macrourus_sp/hyphytmp/77247365/	1
N1.HOG0023339	Success	OG0010329	265	0.98433335420825	-22408.687792397	-21819.08911784	-21819.088925044	1.002002002002	0.00038559176027775	1.0468466628458e-05	0.47722916315593	0.062632386571857	0.49043336947286	6.5164095573307	0.032337467371207	1.0230877128447e-05	0.47722916315593	0.062285958157214	0.49043336947286	6.5409076637947	0.032337467371207	n0	/public4/group_crf/home/cuirf/deepsea/cellpaper/hyphy/Relax_Macrourus_sp/hyphytmp/48353669/	1
N1.HOG0019892	Success	OG0007341	109	4.6525732075198e-05	-6068.8130753023	-6033.0782083483	-6024.7858764456	0.026772117664547	16.584663805532	0.0027819298436221	0.89707354536956	0.5505431651227	0.10241671491259	2038.7985945971	0.00050973971784956	0.85423966863241	0.89707354536956	0.9841480497779	0.10241671491259	1.2263062984068	0.00050973971784956	n0	/public4/group_crf/home/cuirf/deepsea/cellpaper/hyphy/Relax_Macrourus_sp/hyphytmp/12890787/	0.00022579437204856
N1.HOG0023494	Success	OG0010476	234	0.63141602979513	-19075.250337753	-18653.557791978	-18653.442719272	0.97755821687369	0.23014541049633	4.0774877240841e-05	0.37485559505194	0.042172887020083	0.56105937044054	1.9944878787316	0.064085034507521	5.1156789134508e-05	0.37485559505194	0.045278292029091	0.56105937044054	1.9638243922139	0.064085034507521	n0	/public4/group_crf/home/cuirf/deepsea/cellpaper/hyphy/Relax_Macrourus_sp/hyphytmp/65294756/	0.916193191881785
N1.HOG0024640	Success	OG0011583	320	0.0025469332555991	-25933.12342927	-25564.248245318	-25559.694961437	2.0691901292402e-06	9.1065677621737	0	0.72455771765503	0.65933020357514	0.26890956537429	17.890596805092	0.0065327169706813	0	0.72455771765503	0.99999913811895	0.26890956537429	1.0000059681317	0.0065327169706813	n0	/public4/group_crf/home/cuirf/deepsea/cellpaper/hyphy/Relax_Macrourus_sp/hyphytmp/75463143/	0.00994461666618012
N1.HOG0028416	Success	OG0015187	97	0.70136475284678	-4003.2007595319	-3972.1343183223	-3972.06079031	0.72009439261937	0.1470560246089	0.076568078032364	0.83102142169884	0.086608232516427	0.10964078349638	2.5036560556975	0.059337794804786	0.15718425439405	0.83102142169884	0.17176802412727	0.10964078349638	1.9364727165848	0.059337794804786	n0	/public4/group_crf/home/cuirf/deepsea/cellpaper/hyphy/Relax_Macrourus_sp/hyphytmp/32519143/	0.968943647003923
N1.HOG0013351	Success	OG0003399	361	0.14390906040722	-27822.715938869	-27225.832993663	-27224.765166584	6.6540817659948e-06	2.1356541583082	0	0.36670199787222	0.13350638272521	0.61718033803003	10.15734739687	0.016117664097748	0	0.36670199787222	0.99998660139085	0.61718033803003	1.0000154255935	0.016117664097748	n143	/public4/group_crf/home/cuirf/deepsea/cellpaper/hyphy/Relax_Macrourus_sp/hyphytmp/85150043/	0.326168556437472
N1.HOG0013143	Success	OG0003292	207	0.67541337934667	-18307.335150019	-17949.129314362	-17949.041646904	0.53909318375623	0.17533491463837	0	0.30973854596392	0.038801049561036	0.66262427528265	2.9051252903261	0.027637178753423	0	0.30973854596392	0.17348228559651	0.66262427528265	1.7770065262697	0.027637178753423	n2	/public4/group_crf/home/cuirf/deepsea/cellpaper/hyphy/Relax_Macrourus_sp/hyphytmp/49568586/	0.956603615595696
N1.HOG0009976	Success	OG0001925	343	0	-25868.60351993	-25423.255618593	-25380.045193686	11.43433385557	86.420849813148	0	0.20617082856584	0.023258358137417	0.74470993225325	1.7584002097002	0.049119239180906	0	0.20617082856584	2.1033888730355e-19	0.74470993225325	634.97689518917	0.049119239180906	n161	/public4/group_crf/home/cuirf/deepsea/cellpaper/hyphy/Relax_Macrourus_sp/hyphytmp/13527781/	0
N1.HOG0025814	Success	OG0012728	183	1.1102230246252e-15	-14165.784803964	-13659.395000057	-13627.266360004	0.16351758698482	64.257280106565	5.2425514621557e-05	0.43430715698604	0.025744586134849	0.50291543659023	3.6530758907113	0.062777406423723	0.19955837162649	0.43430715698604	0.54969172069525	0.50291543659023	1.2359605018464	0.062777406423723	n0	/public4/group_crf/home/cuirf/deepsea/cellpaper/hyphy/Relax_Macrourus_sp/hyphytmp/70078983/	1.47857609015976e-14
N1.HOG0024096	Success	OG0011047	121	0.9884757417776	-12279.454756574	-12155.199221004	-12155.19911669	0.9624873847795	0.00020862965538981	0.059548285566158	0.59241592563852	0.060540493640858	0.22913398344794	1.6456952417962	0.17845009091355	0.066195294754403	0.59241592563852	0.067256552050183	0.22913398344794	1.6152270577849	0.17845009091355	n0	/public4/group_crf/home/cuirf/deepsea/cellpaper/hyphy/Relax_Macrourus_sp/hyphytmp/21112202/	1
N1.HOG0014820	Success	OG0004175	70	0.97637679791998	-5944.6266830709	-5887.1254071755	-5887.1249687514	1.0317594329448	0.00087684804202581	0.00014645180115609	0.46535396097801	0.39169470177359	0.51116184480279	5.9329300881077	0.023484194219198	0.0001106418313835	0.46535396097801	0.3802068585364	0.51116184480279	6.2780941312657	0.023484194219198	n1	/public4/group_crf/home/cuirf/deepsea/cellpaper/hyphy/Relax_Macrourus_sp/hyphytmp/87505500/	1
N1.HOG0015008	Success	OG0004276	150	8.8817841970013e-16	-16302.381330411	-15926.159047103	-15893.774409379	16.592069510847	64.769275447794	8.8317961569541e-05	0.29983307442427	0.03492738492724	0.5022670864775	1.7608915940093	0.19789983909823	5.452100137707e-68	0.29983307442427	6.7314740477945e-25	0.5022670864775	11945.730605309	0.19789983909823	n2	/public4/group_crf/home/cuirf/deepsea/cellpaper/hyphy/Relax_Macrourus_sp/hyphytmp/49490040/	1.19210197269127e-14
N1.HOG0020047	Success	OG0007461	293	4.2590816302646e-06	-27619.732355822	-26893.082744538	-26882.510463698	0	21.144561680034	2.2829442105447e-05	0.27501223924212	0.11400153283297	0.67675926984039	6.4324665825658	0.048228490917493	1	0.67675926984039	1	0.27501223924212	1	0.048228490917493	n0	/public4/group_crf/home/cuirf/deepsea/cellpaper/hyphy/Relax_Macrourus_sp/hyphytmp/75241778/	2.39904991501462e-05
N1.HOG0025990	Success	OG0012898	103	0.0028370728426064	-8864.1980304162	-8806.2424445055	-8801.7877471424	0.35124467567333	8.9093947261172	0.0046508458607969	0.75361706190881	0.70217380751081	0.24638293809119	1582.3633325844	0	0.15161180385703	0.75361706190881	0.88321104652936	0.24638293809119	13.296559225434	0	n0	/public4/group_crf/home/cuirf/deepsea/cellpaper/hyphy/Relax_Macrourus_sp/hyphytmp/56803834/	0.0109530138058377
N1.HOG0026404	Success	OG0013292	78	0.71620138109565	-9055.8424199337	-8849.4612971766	-8849.3952164344	2.0417977021403	0.13216148450374	1.8694749895969e-05	0.49832116595998	0.31766549971057	0.48685088246155	22.849954549483	0.01482795157847	2.2172163144251e-10	0.49832116595998	0.096188597746703	0.48685088246155	595.07124637744	0.01482795157847	n0	/public4/group_crf/home/cuirf/deepsea/cellpaper/hyphy/Relax_Macrourus_sp/hyphytmp/14789402/	0.97493203711678
N1.HOG0024919	Success	OG0011849	240	0.26924050802463	-20736.392555637	-20240.398292882	-20239.787986697	50	1.2206123683354	0.0056565360314955	0.87928069831394	0.95389845813639	0.11962483753028	75.941332810101	0.0010944641557814	4.2415822584976e-113	0.87928069831394	0.094429423899395	0.11962483753028	1.0566003453391e+94	0.0010944641557814	n0	/public4/group_crf/home/cuirf/deepsea/cellpaper/hyphy/Relax_Macrourus_sp/hyphytmp/57398047/	0.517978939290386
N1.HOG0006364	Success	OG0000939	181	0.43513800290532	-13699.150164302	-13426.933855441	-13426.629320197	0.94738812711559	0.60907048735316	1.4868153603861e-05	0.40021286977073	0.038269809102922	0.57686572207966	2.4466358051042	0.022921408149619	2.6684166273169e-05	0.40021286977073	0.045437547300735	0.57686572207966	2.334134979611	0.022921408149619	n129	/public4/group_crf/home/cuirf/deepsea/cellpaper/hyphy/Relax_Macrourus_sp/hyphytmp/49080862/	0.718650463313406
N1.HOG0005760	Success	OG0000824	94	0.92166411715639	-5294.6120267896	-5198.3339604873	-5198.3291253325	0.92239247454541	0.0096703096369311	3.3014165518365e-09	0.07943128692742	0.061013055740208	0.89562339011274	5.7005861790559	0.024945322959839	1.5028408960349e-08	0.07943128692742	0.07580242672265	0.89562339011274	4.9802881678436	0.024945322959839	n136	/public4/group_crf/home/cuirf/deepsea/cellpaper/hyphy/Relax_Macrourus_sp/hyphytmp/45055992/	1
N1.HOG0020641	Success	OG0007913	183	0.99475563054118	-15770.258406744	-15577.416609834	-15577.416588233	0.99600200797802	4.3202879169257e-05	0.00014808812101546	0.417511373385	0.12220803339906	0.56434395901355	5.5793042244031	0.018144667601447	0.00015340179883303	0.417511373385	0.12323938525071	0.56434395901355	5.5410902264918	0.018144667601447	n0	/public4/group_crf/home/cuirf/deepsea/cellpaper/hyphy/Relax_Macrourus_sp/hyphytmp/65031584/	1
N1.HOG0008057	Success	OG0001317	57	0.031241300123446	-4612.4877567876	-4531.6931154531	-4529.3732884407	7.0607641234191e-06	4.639654024737	0	0.35907898667336	0.29019433710021	0.54645950362234	5.3882648307912	0.094461509704304	0	0.35907898667336	0.99999126442934	0.54645950362234	1.0000118919749	0.094461509704304	n90	/public4/group_crf/home/cuirf/deepsea/cellpaper/hyphy/Relax_Macrourus_sp/hyphytmp/57108414/	0.0944939324156342
N1.HOG0025225	Success	OG0012148	196	0.47136584960169	-18444.232076609	-18141.711300171	-18141.451914015	0.34769581887961	0.51877231082472	0.0018060303952463	0.53878056474349	0.25069423765877	0.43684958230761	8.6416003773616	0.024369852948906	0.11121792077051	0.53878056474349	0.61813737467043	0.43684958230761	2.1166540407167	0.024369852948906	n0	/public4/group_crf/home/cuirf/deepsea/cellpaper/hyphy/Relax_Macrourus_sp/hyphytmp/94818899/	0.758609509807849
N1.HOG0008530	Success	OG0001464	111	0.36204369967522	-9320.1795075268	-9202.4694521844	-9202.0540563327	0.31023960635514	0.83079170329438	0.01843998338109	0.79970559394447	1	0.19840316341209	9999999171.5964	0.0018912426434397	0.28971449744962	0.79970559394447	1	0.19840316341209	1265.8902426749	0.0018912426434397	n113	/public4/group_crf/home/cuirf/deepsea/cellpaper/hyphy/Relax_Macrourus_sp/hyphytmp/21144778/	0.635333070523011
N1.HOG0023486	Success	OG0010468	80	0.92924111035108	-7639.2657973739	-7541.598470758	-7541.5945280662	0.81961121016037	0.0078853835402697	0.00090152233098382	0.64109033806664	0.32861865307676	0.3572707530345	7189.5114817836	0.0016389088988676	0.0031934829001072	0.64109033806664	0.40167566225008	0.3572707530345	1448.7519962738	0.0016389088988676	n0	/public4/group_crf/home/cuirf/deepsea/cellpaper/hyphy/Relax_Macrourus_sp/hyphytmp/53869372/	1
N1.HOG0012196	Success	OG0002808	386	0	-33977.492878818	-33148.129995513	-33095.845673199	50	104.56864462842	0	0.22667767117403	0.0010994240156106	0.63895866719127	1.1126711712951	0.13436366163469	0	0.22667767117403	1.143565300566e-148	0.63895866719127	208.13340682061	0.13436366163469	n1	/public4/group_crf/home/cuirf/deepsea/cellpaper/hyphy/Relax_Macrourus_sp/hyphytmp/40563302/	0
N1.HOG0026790	Success	OG0013652	253	8.3018774077459e-08	-21321.670611125	-20869.178585061	-20854.811418127	0.70893005143855	28.734333867367	1.5522207809345e-05	0.38254645339107	0.0071620253067118	0.51973782729875	1.382004793319	0.09771571931018	0.00038969282774159	0.38254645339107	0.030155772320882	0.51973782729875	1.2577995703452	0.09771571931018	n0	/public4/group_crf/home/cuirf/deepsea/cellpaper/hyphy/Relax_Macrourus_sp/hyphytmp/37732170/	5.77434226174391e-07
N1.HOG0023135	Success	OG0010136	157	0.60919842538491	-16271.279476025	-15924.615057627	-15924.484385712	0.7463338289481	0.261343829814	0	0.26911305699514	0.11922901085562	0.68426526141397	5.7942465099432	0.046621681590897	0	0.26911305699514	0.20449024607007	0.68426526141397	3.7106538979059	0.046621681590897	n0	/public4/group_crf/home/cuirf/deepsea/cellpaper/hyphy/Relax_Macrourus_sp/hyphytmp/99861687/	0.896064122269927
N1.HOG0013549	Success	OG0003499	327	0	-28822.907786833	-28111.990838547	-27852.684730344	1.0111097422289	518.61221640417	0.00019729783616286	0.52135104579144	0.10310393867996	0.45106139476707	9.0827232550585	0.027587559441487	0.00017945769539672	0.52135104579144	0.10053400836828	0.45106139476707	9.3081123230525	0.027587559441487	n130	/public4/group_crf/home/cuirf/deepsea/cellpaper/hyphy/Relax_Macrourus_sp/hyphytmp/19788749/	0
N1.HOG0016856	Success	OG0005330	145	0.36555438475207	-13093.790326631	-12928.879989228	-12928.470628735	0.082097470981396	0.81872098706299	0.0014253452226504	0.62030369902896	0.41408761195181	0.35666208612423	4.9942613571099	0.023034214846808	0.58390747512257	0.62030369902896	0.93017409655493	0.35666208612423	1.1411499734305	0.023034214846808	n0	/public4/group_crf/home/cuirf/deepsea/cellpaper/hyphy/Relax_Macrourus_sp/hyphytmp/95265616/	0.639534045828978
N1.HOG0013829	Success	OG0003652	150	0.80067180465063	-11341.511832967	-11155.220776225	-11155.188903716	1.1230916346965	0.06374501780374	0.048855517995159	0.74932818364483	0.063376137721979	0.21103149737702	2.8512928718164	0.039640318978148	0.033692237765014	0.74932818364483	0.045128703119766	0.21103149737702	3.2437970227369	0.039640318978148	n100	/public4/group_crf/home/cuirf/deepsea/cellpaper/hyphy/Relax_Macrourus_sp/hyphytmp/58328306/	1
N1.HOG0007665	Success	OG0001219	48	1	-1141.3021193236	-1128.3127140049	-1128.3127146513	1.167723461153	-1.2927084753755e-06	0.089174328852553	0.19736907986267	0.090771753787398	0.77372448852124	7.3750639812953	0.028906431616092	0.059452544079585	0.19736907986267	0.060698032748296	0.77372448852124	10.311230005774	0.028906431616092	n50	/public4/group_crf/home/cuirf/deepsea/cellpaper/hyphy/Relax_Macrourus_sp/hyphytmp/19946138/	1
N1.HOG0026817	Success	OG0013679	28	0.1282266809117	-2401.8984092861	-2366.3555165662	-2365.1985950749	0	2.3138429827259	0.0067993413278813	0.71946981103755	0.45118008236802	0.27973300046887	39998.840004628	0.00079718849358019	1	0.71946981103755	1	0.27973300046887	1	0.00079718849358019	n0	/public4/group_crf/home/cuirf/deepsea/cellpaper/hyphy/Relax_Macrourus_sp/hyphytmp/21498213/	0.302185785742525
N1.HOG0008700	Success	OG0001523	154	0.0019583877853059	-14002.291290664	-13772.675958068	-13767.881890623	3.8244539875815	9.5881348894982	2.3347137660855e-05	0.38461703764395	0.12385516744264	0.5565315985021	3.006790254855	0.058851363853955	1.932069258279e-18	0.38461703764395	0.0003395406927568	0.5565315985021	67.372620111682	0.058851363853955	n147	/public4/group_crf/home/cuirf/deepsea/cellpaper/hyphy/Relax_Macrourus_sp/hyphytmp/62747366/	0.00777023144377722
N1.HOG0025557	Success	OG0012478	130	0.0017962543186746	-10983.2711505	-10781.749848274	-10776.876398564	1.7008390103534e-06	9.7468994196352	0	0.36459618374947	0.08748126347571	0.61598887425293	9.1852481320394	0.019414941997597	0	0.36459618374947	0.99999585620239	0.61598887425293	1.0000037717855	0.019414941997597	n0	/public4/group_crf/home/cuirf/deepsea/cellpaper/hyphy/Relax_Macrourus_sp/hyphytmp/34579416/	0.00719339142070621
N1.HOG0024340	Success	OG0011287	53	0.75009742429385	-4431.4226417053	-4374.6720857195	-4374.6213611213	3.9782434727569	0.10144919641607	6.7229078799996e-05	0.49853958175298	0.22333666809717	0.48188699302206	6.8491397383805	0.019573425224963	2.5177146558651e-17	0.49853958175298	0.0025704224144585	0.48188699302206	2110.3941273749	0.019573425224963	n0	/public4/group_crf/home/cuirf/deepsea/cellpaper/hyphy/Relax_Macrourus_sp/hyphytmp/53732906/	0.988241851945425
N1.HOG0027339	Success	OG0014159	294	0.38825111237292	-25530.101871459	-25015.22032323	-25014.848117074	1.7606417759059	0.74441231381206	1.4361088987419e-16	0.58128259281922	0.19903970315367	0.36677933129887	4.0930767107968	0.051938075881913	1.2778569565004e-28	0.58128259281922	0.0583020701068	0.36677933129887	11.956404377136	0.051938075881913	n0	/public4/group_crf/home/cuirf/deepsea/cellpaper/hyphy/Relax_Macrourus_sp/hyphytmp/83369227/	0.669694187807908
N1.HOG0027037	Success	OG0013877	96	0.98080185737488	-7810.5383326864	-7723.3893712218	-7723.3890816928	0.17667823733532	0.00057905808353098	0	0.32697851070706	0.028356870169606	0.51974452914482	1	0.15327696014812	0	0.32697851070706	0.53286647164849	0.51974452914482	1	0.15327696014812	n0	/public4/group_crf/home/cuirf/deepsea/cellpaper/hyphy/Relax_Macrourus_sp/hyphytmp/78791651/	1
N1.HOG0014562	Success	OG0004027	167	3.2945931538464e-09	-12345.877465172	-12109.113588704	-12091.612861987	11.189801692649	35.001453433812	8.9334877501375e-06	0.53539662116625	0.049065483282994	0.40214029888762	1.9961772453241	0.062463079946131	3.1836605569921e-57	0.53539662116625	2.2389478289985e-15	0.40214029888762	2286.4852556118	0.062463079946131	n104	/public4/group_crf/home/cuirf/deepsea/cellpaper/hyphy/Relax_Macrourus_sp/hyphytmp/29306503/	2.63260978525959e-08
N1.HOG0015534	Success	OG0004564	119	0.012875952904577	-9090.0711145266	-8849.4425170742	-8846.3494800626	0	6.1860740232114	3.5195620886494e-05	0.77665147989118	1	0.21787823137628	400.13237273698	0.0054702887325387	1	0.21787823137628	1	0.77665147989118	1	0.0054702887325387	n122	/public4/group_crf/home/cuirf/deepsea/cellpaper/hyphy/Relax_Macrourus_sp/hyphytmp/38292756/	0.0438037368120065
N1.HOG0023613	Success	OG0010588	122	0.024325410440221	-11708.996068875	-11597.392125568	-11594.856485403	0.52783381172021	5.0712803317838	0.0020941740186059	0.60408332748436	0.60017815035996	0.39035061759592	16.147090485336	0.0055660549197169	0.038542506770485	0.60408332748436	0.76378088063294	0.39035061759592	4.3418319306039	0.0055660549197169	n0	/public4/group_crf/home/cuirf/deepsea/cellpaper/hyphy/Relax_Macrourus_sp/hyphytmp/52716922/	0.0764004664283358
N1.HOG0023256	Success	OG0010256	106	0.91970189492433	-10871.9329393	-10740.538780976	-10740.533699725	0.87884469364963	0.010162502065214	9.4961608424818e-06	0.46316681474103	0.18403592622679	0.5084374307889	2.8351153318454	0.028395754470065	3.8551809308384e-05	0.46316681474103	0.22592462005966	0.5084374307889	2.4988453844735	0.028395754470065	n0	/public4/group_crf/home/cuirf/deepsea/cellpaper/hyphy/Relax_Macrourus_sp/hyphytmp/85117794/	1
N1.HOG0022769	Success	OG0009784	146	0	-12632.725695381	-12385.136365523	-12342.052933723	50	86.166863600789	0	0.23729286113417	0.0009278428632158	0.56560684520748	1.0951740826094	0.19710029365835	0	0.23729286113417	2.3644034231283e-152	0.56560684520748	94.223206922075	0.19710029365835	n0	/public4/group_crf/home/cuirf/deepsea/cellpaper/hyphy/Relax_Macrourus_sp/hyphytmp/72515072/	0
N1.HOG0023152	Success	OG0010153	242	0.77332899702169	-13907.404772504	-13745.185497882	-13745.144019206	1.1271744964318	0.082957350783545	2.0918735379813e-05	0.33221279604938	0.045646185190931	0.65585282137025	3.6587458458995	0.011934382580377	5.3140651610538e-06	0.33221279604938	0.030825840627054	0.65585282137025	4.3149298204927	0.011934382580377	n0	/public4/group_crf/home/cuirf/deepsea/cellpaper/hyphy/Relax_Macrourus_sp/hyphytmp/56806924/	0.999670758142344
N1.HOG0023377	Success	OG0010366	153	1	-15812.692273342	-15122.48935429	-15122.48935429	1.4323401118156	0	0	0.36497528712963	0.0034761630045124	0.54694927201781	2.4796738417758	0.088075440852554	0	0.36497528712963	0.00030062084408476	0.54694927201781	3.6720378500457	0.088075440852554	n0	/public4/group_crf/home/cuirf/deepsea/cellpaper/hyphy/Relax_Macrourus_sp/hyphytmp/94429369/	1
N1.HOG0013871	Success	OG0003673	278	1	-25443.812468335	-24800.677568578	-24800.677568578	0.92505526333645	0	0.00028043147815789	0.1956657808788	0.068136869965193	0.76636463744311	7.1062705418149	0.037969581678088	0.00051765861867919	0.1956657808788	0.083332429709996	0.76636463744311	6.1350156043495	0.037969581678088	n4	/public4/group_crf/home/cuirf/deepsea/cellpaper/hyphy/Relax_Macrourus_sp/hyphytmp/25390034/	1
N1.HOG0020915	Success	OG0008134	127	6.0542322488644e-08	-10526.432784445	-10180.884451138	-10166.211466642	6.1758951443047	29.345968992468	0	0.33219654893012	0.016429986404291	0.53152229313231	1.8869515687278	0.13628115793757	0	0.33219654893012	9.5491006924466e-12	0.53152229313231	50.474206329568	0.13628115793757	n0	/public4/group_crf/home/cuirf/deepsea/cellpaper/hyphy/Relax_Macrourus_sp/hyphytmp/14359718/	4.26277500145452e-07
N1.HOG0025577	Success	OG0012498	33	1	-2616.2788894071	-2598.8670799879	-2598.8670799879	0.92505526333645	0	0.00019947106863915	0.62437660510775	0.50136351291764	0.37357453933547	9999999171.5964	0.0020488555567739	0.00037773257547876	0.62437660510775	0.5279887874105	0.37357453933547	1780543548.4075	0.0020488555567739	n0	/public4/group_crf/home/cuirf/deepsea/cellpaper/hyphy/Relax_Macrourus_sp/hyphytmp/99676787/	1
N1.HOG0018305	Success	OG0006235	393	0.12045955022553	-29974.558167554	-29324.455442798	-29323.249774979	2.1604148660809	2.4113356382586	0.00020402395350557	0.43307738243213	0.026066936385037	0.53439792871893	3.2654781929288	0.032524688848939	1.0650753049195e-08	0.43307738243213	0.00037852735696016	0.53439792871893	12.892533865599	0.032524688848939	n12	/public4/group_crf/home/cuirf/deepsea/cellpaper/hyphy/Relax_Macrourus_sp/hyphytmp/84421043/	0.287429871232584
N1.HOG0014821	Success	OG0004175	276	0.75782696468784	-22433.798548076	-22203.945024647	-22203.89748922	1.1194819070566	0.095070854527876	0.0042487150894707	0.43460069896248	0.12577222680918	0.52977434716345	3.4458719025781	0.035624953874062	0.0022124695650761	0.43460069896248	0.09817511508067	0.52977434716345	3.9948148300911	0.035624953874062	n110	/public4/group_crf/home/cuirf/deepsea/cellpaper/hyphy/Relax_Macrourus_sp/hyphytmp/67905419/	0.991082352177402
N1.HOG0012346	Success	OG0002883	217	1	-20023.367400725	-19624.41996465	-19624.565084891	0.78852060229075	-0.29024048215069	0.0039878972265716	0.81836383496712	1	0.17916300436075	43.764605681734	0.0024731606721356	0.012827356954199	0.81836383496712	1	0.17916300436075	19.681550642705	0.0024731606721356	n118	/public4/group_crf/home/cuirf/deepsea/cellpaper/hyphy/Relax_Macrourus_sp/hyphytmp/68711062/	1
N1.HOG0027360	Success	OG0014180	60	0.0020773201814668	-5230.7918854667	-5128.2220379778	-5123.4820735274	12.592119972985	9.4799289006332	0	0.13933765170598	0.0044241356013894	0.58014802974215	1.4701262427421	0.28051431855187	0	0.13933765170598	2.2698081490726e-30	0.58014802974215	128.04115418542	0.28051431855187	n0	/public4/group_crf/home/cuirf/deepsea/cellpaper/hyphy/Relax_Macrourus_sp/hyphytmp/64379328/	0.00822312458930867
N1.HOG0008558	Success	OG0001473	8	1	-160.2525924954	-160.25239644371	-160.25341421635	1	-0.0020355452969625	0.00034372554645438	1	0.0012134129280091	0	15.462014388644	0	0.00034372554645438	1	0.0012134129280091	0	15.462014388644	0	n11	/public4/group_crf/home/cuirf/deepsea/cellpaper/hyphy/Relax_Macrourus_sp/hyphytmp/84871933/	1
N1.HOG0021564	Success	OG0008691	252	0.2039618399145	-23645.596311398	-23186.913339529	-23186.106451585	0.26853900958964	1.6137758879267	0.043398869820426	0.87018528417781	0.98051958697898	0.11080744225609	8.2849408251618	0.019007273566096	0.4306354759439	0.87018528417781	0.9947310540146	0.11080744225609	1.7643978865796	0.019007273566096	n0	/public4/group_crf/home/cuirf/deepsea/cellpaper/hyphy/Relax_Macrourus_sp/hyphytmp/38398479/	0.43047474321021
N1.HOG0019589	Success	OG0007127	235	0.020095372029295	-14663.035030757	-14192.652768601	-14189.950973457	1.5770516513225	5.4035902877513	1.1848360413677e-05	0.52886646999776	0.10356539407639	0.46205571778219	33.102193104087	0.0090778122200561	1.7017847140405e-08	0.52886646999776	0.027986117718625	0.46205571778219	249.39780422213	0.0090778122200561	n0	/public4/group_crf/home/cuirf/deepsea/cellpaper/hyphy/Relax_Macrourus_sp/hyphytmp/55544635/	0.0647727000869208
N1.HOG0006996	Success	OG0001060	385	1	-25184.381472323	-24619.750827084	-24619.750827084	1	-9.4587448984385e-11	5.5888508233698e-05	0.33035601411907	0.042464531036218	0.66588480741779	NA	NA	5.5888508233698e-05	0.33035601411907	0.67999050751753	0.66588480741779	NA	NA	n50	/public4/group_crf/home/cuirf/deepsea/cellpaper/hyphy/Relax_Macrourus_sp/hyphytmp/39512663/	1
N1.HOG0008176	Success	OG0001349	373	0.56469648876163	-29641.629564981	-28641.160293789	-28640.994475067	0.98609731876862	0.33163744413469	9.1516541056452e-05	0.40684492072288	0.017507799995142	0.58214090751949	121.9409254748	0.011014171757629	0.00010414671620533	0.40684492072288	0.018520613473672	0.58214090751949	114.06342694439	0.011014171757629	n203	/public4/group_crf/home/cuirf/deepsea/cellpaper/hyphy/Relax_Macrourus_sp/hyphytmp/88675261/	0.858538555480071
N1.HOG0015910	Success	OG0004782	84	0.13152440487392	-8196.4359917387	-8096.417226427	-8095.2800169221	0.1490580675627	2.2744190098238	2.3398533345414e-05	0.48253537545319	0.20467162508257	0.49193150016742	2.2220713945734	0.025533124379391	0.20405169507288	0.48253537545319	0.78941901437193	0.49193150016742	1.1263855713952	0.025533124379391	n83	/public4/group_crf/home/cuirf/deepsea/cellpaper/hyphy/Relax_Macrourus_sp/hyphytmp/14726329/	0.307817988173411
N1.HOG0012514	Success	OG0002965	162	0.086242609595535	-8767.2829255164	-8513.1968214234	-8511.72524841	0	2.9431460268424	3.0598133754428e-05	0.58929624069559	0.02075608728819	0.40494536178816	4.8934181646256	0.005758397516245	1	0.58929624069559	1	0.40494536178816	1	0.005758397516245	n3	/public4/group_crf/home/cuirf/deepsea/cellpaper/hyphy/Relax_Macrourus_sp/hyphytmp/99255205/	0.222136136859264
N1.HOG0005432	Success	OG0000770	189	0.014760664339404	-9876.8701036442	-9521.2845985743	-9518.3121925037	15.495047023773	5.9448121413043	2.4749632677011e-05	0.57778145416007	0.0051300487264216	0.37664803545096	2.0283711106487	0.045570510388977	4.198858980165e-72	0.57778145416007	3.2978037791724e-36	0.37664803545096	57446.511480119	0.045570510388977	n2	/public4/group_crf/home/cuirf/deepsea/cellpaper/hyphy/Relax_Macrourus_sp/hyphytmp/64742747/	0.0492404297768856
N1.HOG0012565	Success	OG0002985	301	3.3306690738755e-16	-23794.595576501	-23290.634051726	-23257.378398182	32.088837529903	66.511307089211	0.00076658023425362	0.5456191563076	0.052301535980872	0.35259753815161	1.260095263898	0.10178330554079	1.0692408453864e-100	0.5456191563076	7.5616779162986e-42	0.35259753815161	1666.5859820351	0.10178330554079	n129	/public4/group_crf/home/cuirf/deepsea/cellpaper/hyphy/Relax_Macrourus_sp/hyphytmp/51370221/	4.65210525928302e-15
N1.HOG0004611	Success	OG0000589	258	0.41155896898168	-17490.360875926	-17169.072708864	-17168.735562516	0.26778863040978	0.67429269684362	0.00010075708600597	0.6474573192298	0.15191772119549	0.33641338872617	4.587044747512	0.016129292044029	0.085059464936547	0.6474573192298	0.60373178955404	0.33641338872617	1.5036647189211	0.016129292044029	n208	/public4/group_crf/home/cuirf/deepsea/cellpaper/hyphy/Relax_Macrourus_sp/hyphytmp/94378312/	0.6959235321954
N1.HOG0025587	Success	OG0012508	155	1.6641262701178e-08	-15170.70773127	-15030.030580692	-15014.104781228	8.0729027756244e-07	31.851598927413	0	0.48933466221229	0.25387478351086	0.47083144686737	3.9696594540521	0.039833890920343	0	0.48933466221229	0.99999889327498	0.47083144686737	1.0000011129958	0.039833890920343	n0	/public4/group_crf/home/cuirf/deepsea/cellpaper/hyphy/Relax_Macrourus_sp/hyphytmp/95205468/	1.22702529273064e-07
N1.HOG0027591	Success	OG0014398	192	0.036159794768989	-12944.520704461	-12689.619821085	-12687.425044644	1.5621124587175	4.3895528835819	0.00012709686041556	0.45366864910229	0.17214757647172	0.52717773375641	11.079198023212	0.019153617141299	8.2076810024786e-07	0.45366864910229	0.064031149214666	0.52717773375641	42.819290543369	0.019153617141299	n0	/public4/group_crf/home/cuirf/deepsea/cellpaper/hyphy/Relax_Macrourus_sp/hyphytmp/41890437/	0.107292793459625
N1.HOG0015049	Success	OG0004292	448	0.60677239890285	-41306.127257259	-40957.310900325	-40957.178449442	0.61267292860278	0.26490176576772	0.013055457048794	0.58644747797825	0.37482677428823	0.40331783398644	12.917215699519	0.010234688035312	0.070080439332846	0.58644747797825	0.54814764041726	0.40331783398644	4.7949392735644	0.010234688035312	n2	/public4/group_crf/home/cuirf/deepsea/cellpaper/hyphy/Relax_Macrourus_sp/hyphytmp/99463731/	0.895521527528606
N1.HOG0004694	Success	OG0000609	79	0.0080807223846922	-4095.0122560397	-4029.0427749532	-4025.535026726	0.19623116542644	7.0154964543972	0.00043512587812901	0.9003930394295	0.97130415080437	0.098145588197208	9999999171.5964	0.0014613723732964	0.21897346311023	0.9003930394295	0.99430289733936	0.098145588197208	91.687820059495	0.0014613723732964	n266	/public4/group_crf/home/cuirf/deepsea/cellpaper/hyphy/Relax_Macrourus_sp/hyphytmp/77664220/	0.0287426108838534
N1.HOG0025262	Success	OG0012185	376	0.90292297824358	-30975.186055132	-30684.192333542	-30684.184895232	1.0445800197537	0.014876619032293	0.037941101418979	0.85295410852538	0.51688793798675	0.14027106064073	13.950158694023	0.0067748308338869	0.032791903477752	0.85295410852538	0.50190278253641	0.14027106064073	15.689334021458	0.0067748308338869	n0	/public4/group_crf/home/cuirf/deepsea/cellpaper/hyphy/Relax_Macrourus_sp/hyphytmp/57662325/	1
N1.HOG0023514	Success	OG0010496	229	0.013801523567667	-17112.506068678	-16626.830357393	-16623.798679836	0.012493230128113	6.063355113256	1.5067744303545e-155	0.45047006741714	0.040815316242711	0.52815010133371	6.4453821418935	0.021379831249147	0.01163519664925	0.45047006741714	0.96082588393292	0.52815010133371	1.0235525153291	0.021379831249147	n0	/public4/group_crf/home/cuirf/deepsea/cellpaper/hyphy/Relax_Macrourus_sp/hyphytmp/43493378/	0.0464012083938393
N1.HOG0010875	Success	OG0002247	177	0.027903693877271	-14529.462593852	-14129.8217374	-14127.404733527	7.2962905972152	4.8340077467983	1.9761362646973e-05	0.50763310972021	0.037420443210094	0.43062978884825	2.0160173080051	0.061737101431535	4.7524000647859e-35	0.50763310972021	3.88139713416e-11	0.43062978884825	166.6013741694	0.061737101431535	n117	/public4/group_crf/home/cuirf/deepsea/cellpaper/hyphy/Relax_Macrourus_sp/hyphytmp/18700290/	0.085604546573485
N1.HOG0002243	Success	OG0000251	181	0.58873287156081	-11000.205413153	-10812.998984521	-10812.852820781	1.2942760502833	0.29232748152572	3.9487800521947e-06	0.73322878237893	0.089401521545653	0.25601701476428	7.6296897336521	0.010754202856795	1.0146853772761e-07	0.73322878237893	0.04392895096172	0.25601701476428	13.874186103748	0.010754202856795	n119	/public4/group_crf/home/cuirf/deepsea/cellpaper/hyphy/Relax_Macrourus_sp/hyphytmp/12170440/	0.881816105790298
N1.HOG0012673	Success	OG0003046	254	1	-18479.072671025	-17919.098905379	-17919.098905437	0.99999999999498	-1.1509837349877e-07	0	0.32831107492641	0.029283232652728	0.56496723593829	2.584214670995	0.1067216891353	0	0.32831107492641	0.029283232653248	0.56496723593829	2.5842146709827	0.1067216891353	n120	/public4/group_crf/home/cuirf/deepsea/cellpaper/hyphy/Relax_Macrourus_sp/hyphytmp/16079903/	1
N1.HOG0026948	Success	OG0013801	87	0.015463237762565	-7175.8890655897	-7067.7852629471	-7064.853809638	2.2204837819832	5.8629066182621	0.052139015023617	0.87363110780951	0.75366354016619	0.11538027062959	11.494521849002	0.010988621560899	0.0014173622201363	0.87363110780951	0.5336722784539	0.11538027062959	226.36165830675	0.010988621560899	n0	/public4/group_crf/home/cuirf/deepsea/cellpaper/hyphy/Relax_Macrourus_sp/hyphytmp/58853799/	0.0511865943662556
N1.HOG0023407	Success	OG0010393	415	0.83496537735704	-35167.965449628	-34233.693466537	-34233.671764259	0.87737175889479	0.043404554395238	0.0002513599252409	0.45272365994885	0.028602447925262	0.50247578553446	2.0491332532541	0.044800554516689	0.00069457860843855	0.45272365994885	0.044227436100261	0.50247578553446	1.876561903413	0.044800554516689	n0	/public4/group_crf/home/cuirf/deepsea/cellpaper/hyphy/Relax_Macrourus_sp/hyphytmp/28001371/	1
N1.HOG0021720	Success	OG0008828	448	0.075341096941771	-44663.749455805	-44108.322354146	-44106.741032443	0.22422861854275	3.1626434045902	1.9111794774335e-05	0.6450994523644	0.33454849371198	0.33073464383835	4.7456292686574	0.024165903797254	0.087484829150911	0.6450994523644	0.7822942104948	0.33073464383835	1.41789615976	0.024165903797254	n0	/public4/group_crf/home/cuirf/deepsea/cellpaper/hyphy/Relax_Macrourus_sp/hyphytmp/38031492/	0.198217464848335
N1.HOG0011556	Success	OG0002527	140	0.028273653445303	-11293.962462042	-11029.630342786	-11027.224691113	3.6187500363843e-06	4.8113033449008	0	0.30358599990669	0.034629564023396	0.64083113124662	1.8890735974698	0.055582868846698	0	0.30358599990669	0.99998783004575	0.64083113124662	1.0000023018409	0.055582868846698	n111	/public4/group_crf/home/cuirf/deepsea/cellpaper/hyphy/Relax_Macrourus_sp/hyphytmp/57151185/	0.0864308480765668
N1.HOG0027285	Success	OG0014105	32	1	-1698.7156977664	-1694.6211926027	-1694.6211926511	1.0816109356607	-9.6798430604395e-08	0.078501879886555	0.93382705948243	0.081006621419322	0.061365529350238	18.635805353766	0.0048074111673307	0.063780832614927	0.93382705948243	0.065984792837892	0.061365529350238	23.660421009505	0.0048074111673307	n0	/public4/group_crf/home/cuirf/deepsea/cellpaper/hyphy/Relax_Macrourus_sp/hyphytmp/87832366/	1
N1.HOG0002392	Success	OG0000275	218	1	-19838.32034651	-19424.928544763	-19424.928544763	1	0	8.070593814713e-05	0.40783812314013	0.20522729847907	0.56184708558104	8.9540764832012	0.030314791278831	8.070593814713e-05	0.40783812314013	0.20522729847907	0.56184708558104	8.9540764832012	0.030314791278831	n2	/public4/group_crf/home/cuirf/deepsea/cellpaper/hyphy/Relax_Macrourus_sp/hyphytmp/62308238/	1
N1.HOG0021216	Success	OG0008395	166	0.2172329919941	-14827.826317432	-14626.199681582	-14625.438403212	0.43111969536297	1.5225567399102	3.0806317481549e-05	0.36735819152476	0.065164684349453	0.58417803558646	2.4946221139194	0.048463772888778	0.011351774600213	0.36735819152476	0.30810400402757	0.58417803558646	1.4830526682886	0.048463772888778	n0	/public4/group_crf/home/cuirf/deepsea/cellpaper/hyphy/Relax_Macrourus_sp/hyphytmp/78677305/	0.449105030380101
N1.HOG0005498	Success	OG0000778	190	0.18466170971002	-13499.955640843	-13357.229628534	-13356.349777613	7.7502148594219e-07	1.759701841107	0	0.40863508253058	0.061574258552494	0.57836900469753	2.7167275030093	0.012995912771888	0	0.40863508253058	0.99999783962112	0.57836900469753	1.0000007745785	0.012995912771888	n276	/public4/group_crf/home/cuirf/deepsea/cellpaper/hyphy/Relax_Macrourus_sp/hyphytmp/85466123/	0.398958979180662
N1.HOG0018888	Success	OG0006630	72	0.00076808025340824	-6279.2052768771	-6195.1206242965	-6189.4622129127	0	11.316822767632	0.0057613346821097	0.58754337954488	0.24997466563064	0.3507364066107	2.9249642802115	0.061720213844424	1	0.58754337954488	1	0.3507364066107	1	0.061720213844424	n0	/public4/group_crf/home/cuirf/deepsea/cellpaper/hyphy/Relax_Macrourus_sp/hyphytmp/90725405/	0.0032184435984277
N1.HOG0012813	Success	OG0003117	183	2.6945217046492e-07	-11683.472877148	-11485.630207548	-11472.401642921	0	26.457129254544	0.0068804335616981	0.82204223268276	0.97212121251716	0.17668961781441	39.041401185296	0.001268149502833	1	0.82204223268276	1	0.17668961781441	1	0.001268149502833	n113	/public4/group_crf/home/cuirf/deepsea/cellpaper/hyphy/Relax_Macrourus_sp/hyphytmp/70136906/	1.78045703407205e-06
N1.HOG0005550	Success	OG0000787	296	0	-13694.962388685	-13443.246838739	-13345.812125533	7.545268026196e-07	194.86942641255	0	0.47123157914058	0.016828381750277	0.48432677748569	2.6035831920871	0.044441643373729	0	0.47123157914058	0.99999691799785	0.48432677748569	1.0000007219984	0.044441643373729	n114	/public4/group_crf/home/cuirf/deepsea/cellpaper/hyphy/Relax_Macrourus_sp/hyphytmp/80636049/	0
N1.HOG0028033	Success	OG0014815	25	1	-1172.058702317	-1165.8209241923	-1165.820924238	1.167723461153	-9.138420864474e-08	0.068008642851623	0.23176479266546	0.068150236530559	0.61281633373264	1.6834199801134	0.1554188736019	0.043326910291913	0.23176479266546	0.043432264833234	0.61281633373264	1.8370892786312	0.1554188736019	n0	/public4/group_crf/home/cuirf/deepsea/cellpaper/hyphy/Relax_Macrourus_sp/hyphytmp/40268702/	1
N1.HOG0016391	Success	OG0005058	172	2.5511563028657e-05	-14121.819068332	-13976.248099761	-13967.385099291	6.5965657543434e-06	17.726000939769	0	0.24872386856977	0.050867640690729	0.65917844141808	1	0.092097690012153	0	0.24872386856977	0.99998035213524	0.65917844141808	1	0.092097690012153	n76	/public4/group_crf/home/cuirf/deepsea/cellpaper/hyphy/Relax_Macrourus_sp/hyphytmp/30098476/	0.000128154576851558
N1.HOG0013080	Success	OG0003259	447	0.029285761863203	-24398.062017605	-23859.382513195	-23857.007145073	1.7225093306717	4.7507362443212	0.00019443899066395	0.40899957121841	0.01424401862733	0.57016027655691	3.1194597356048	0.020840152224687	4.0494375524616e-07	0.40899957121841	0.00066010771735997	0.57016027655691	7.0966984153413	0.020840152224687	n102	/public4/group_crf/home/cuirf/deepsea/cellpaper/hyphy/Relax_Macrourus_sp/hyphytmp/28701298/	0.0888921181642805
N1.HOG0020540	Success	OG0007830	309	0.20719859946661	-26948.221104551	-26227.531449009	-26226.736002523	0.99326114264055	1.5908929721627	5.5498062374074e-05	0.27684621100023	0.021067347890074	0.57091163017576	1	0.15224215882401	5.928659734004e-05	0.27684621100023	0.021622545562136	0.57091163017576	1	0.15224215882401	n0	/public4/group_crf/home/cuirf/deepsea/cellpaper/hyphy/Relax_Macrourus_sp/hyphytmp/44723629/	0.435700359710693
N1.HOG0025382	Success	OG0012305	131	1	-12273.759504666	-12114.410052297	-12114.415760679	1.1620963895399	-0.011416764878959	0.0013402165687321	0.6771730854199	0.60156915735094	0.31881633511005	35.291645641926	0.0040105794700448	0.0004586700889623	0.6771730854199	0.55399844812201	0.31881633511005	62.884547279536	0.0040105794700448	n0	/public4/group_crf/home/cuirf/deepsea/cellpaper/hyphy/Relax_Macrourus_sp/hyphytmp/39035566/	1
N1.HOG0008610	Success	OG0001497	221	0.78249944623622	-8825.6935410868	-8722.7288199036	-8722.6907144301	0.61278933290515	0.076210946936044	8.2430207865889e-06	0.3091844232717	0.07004146880074	0.66858133126994	3.2709939337994	0.022234245458366	0.00076671149313584	0.3091844232717	0.19608573966568	0.66858133126994	2.0672369249392	0.022234245458366	n1	/public4/group_crf/home/cuirf/deepsea/cellpaper/hyphy/Relax_Macrourus_sp/hyphytmp/46475306/	1
N1.HOG0020116	Success	OG0007506	187	0.30591376761487	-8868.4388109937	-8817.9305804688	-8817.406462611	0.73953518990316	1.048235715567	1.5746656039753e-12	0.25327325256047	0.030249106252956	0.74554047804028	1913.9248818248	0.0011862693992506	1.8681228754104e-09	0.25327325256047	0.07523734562552	0.74554047804028	267.36154711875	0.0011862693992506	n0	/public4/group_crf/home/cuirf/deepsea/cellpaper/hyphy/Relax_Macrourus_sp/hyphytmp/39240153/	0.563905421418827
N1.HOG0017671	Success	OG0005827	147	0.99859224071451	-9290.8394575887	-9008.6156705979	-9008.6156690414	1.0012360675076	3.1129857234191e-06	0	0.46590592813186	0.032683210972303	0.48261052949638	2.7155524451458	0.051483542371758	0	0.46590592813186	0.032545303238962	0.48261052949638	2.718907750463	0.051483542371758	n0	/public4/group_crf/home/cuirf/deepsea/cellpaper/hyphy/Relax_Macrourus_sp/hyphytmp/98090299/	1
N1.HOG0003311	Success	OG0000396	29	0.0046088179966334	-1358.3983132511	-1349.9027933316	-1345.8893536877	1.3507011132685e-06	8.0268792876554	0	0.54338509950055	0.26104771206509	0.45252163670247	9999999171.5964	0.0040932637969796	0	0.54338509950055	0.9999981859397	0.45252163670247	1.000031101526	0.0040932637969796	n300	/public4/group_crf/home/cuirf/deepsea/cellpaper/hyphy/Relax_Macrourus_sp/hyphytmp/25915450/	0.0170278479961638
N1.HOG0003283	Success	OG0000389	222	0	-18678.096317849	-18242.215351058	-18186.198198159	50	112.03430579844	0	0.30720944607109	0.0015518417929745	0.62411438013713	1.1127002273529	0.068676173791775	0	0.30720944607109	3.4863596635461e-141	0.62411438013713	208.40533833174	0.068676173791775	n2	/public4/group_crf/home/cuirf/deepsea/cellpaper/hyphy/Relax_Macrourus_sp/hyphytmp/63999993/	0
N1.HOG0025116	Success	OG0012043	280	5.1186666016889e-10	-26773.601940161	-26383.593935056	-26364.278195436	7.324452059268	38.631479240161	0.00035322139471475	0.62912948650328	0.19765200031464	0.3160976830186	2.7452723571748	0.054772830478129	5.2039815509355e-26	0.62912948650328	6.9640550649539e-06	0.3160976830186	1630.7898800144	0.054772830478129	n0	/public4/group_crf/home/cuirf/deepsea/cellpaper/hyphy/Relax_Macrourus_sp/hyphytmp/32967550/	4.26886855422404e-09
N1.HOG0002233	Success	OG0000250	124	0.73217502290287	-10113.576070827	-9983.2717290419	-9983.2131670878	2.0668334121269	0.11712390807588	0.0010141368226666	0.46570917487107	0.23472457523655	0.4216225620977	2.682610715996	0.11266826303123	6.4878428374304e-07	0.46570917487107	0.050009142128547	0.4216225620977	7.6870070711816	0.11266826303123	n209	/public4/group_crf/home/cuirf/deepsea/cellpaper/hyphy/Relax_Macrourus_sp/hyphytmp/28377205/	0.979303516758902
N1.HOG0015581	Success	OG0004596	93	0.29295727669669	-5691.0930118092	-5604.4369087358	-5603.8839182705	0.60667677377806	1.1059809305825	0	0.34343647670495	0.097081068410788	0.6497029247954	7.9076221552318	0.0068605984996465	0	0.34343647670495	0.24295064413912	0.6497029247954	3.5060943192626	0.0068605984996465	n2	/public4/group_crf/home/cuirf/deepsea/cellpaper/hyphy/Relax_Macrourus_sp/hyphytmp/60466816/	0.547065871048819
N1.HOG0024297	Success	OG0011245	56	0.11388882190464	-5267.1233792337	-5218.2913684438	-5217.0416625072	1.6995635428012e-06	2.4994118732011	0	0.33754585041512	0.36392144262254	0.63544336288615	8.4496266085262	0.027010786698737	0	0.33754585041512	0.99999828205333	0.63544336288615	1.000003627083	0.027010786698737	n0	/public4/group_crf/home/cuirf/deepsea/cellpaper/hyphy/Relax_Macrourus_sp/hyphytmp/18256497/	0.274419349273733
N1.HOG0022783	Success	OG0009798	197	0.9531967083851	-19744.527808961	-19535.629850701	-19535.628128272	1.0409857545897	0.0034448574224371	1.0882428774879e-05	0.5762138013522	0.37455604795335	0.40963768633575	6.7692573982848	0.01414851231205	6.812433822039e-06	0.5762138013522	0.35978005083189	0.40963768633575	7.3211849630577	0.01414851231205	n0	/public4/group_crf/home/cuirf/deepsea/cellpaper/hyphy/Relax_Macrourus_sp/hyphytmp/13131012/	1
N1.HOG0009751	Success	OG0001842	213	0.30939132257005	-8434.3247820444	-8324.0264438562	-8323.5098076778	1.6094918715682	1.0332723567444	0.04726028846655	0.91291323182877	0.27185874223771	0.060457065670209	4.7942867382536	0.026629702501026	0.0073555081122457	0.91291323182877	0.12290799796353	0.060457065670209	12.462918432878	0.026629702501026	n0	/public4/group_crf/home/cuirf/deepsea/cellpaper/hyphy/Relax_Macrourus_sp/hyphytmp/12600426/	0.567878517281352
N1.HOG0025912	Success	OG0012820	188	1	-14772.70147508	-14503.554564989	-14503.586516561	1	-0.063903143440257	0.00071583091519389	0.85276876888145	0.83469123093731	0.14723123111855	1.3475147595257	0	0.00071583091519389	0.85276876888145	0.83469123093731	0.14723123111855	1.3475147595257	0	n0	/public4/group_crf/home/cuirf/deepsea/cellpaper/hyphy/Relax_Macrourus_sp/hyphytmp/27322177/	1
N1.HOG0022402	Success	OG0009446	92	0.47883971120297	-7030.3962806826	-6842.5899640776	-6842.339211723	0.57839922822994	0.50150470917288	0.00038123235787322	0.51742742917747	0.11841285747009	0.46498795354014	26.426461499954	0.017584617282393	0.010533259723527	0.51742742917747	0.29110831906774	0.46498795354014	6.6451726479976	0.017584617282393	n0	/public4/group_crf/home/cuirf/deepsea/cellpaper/hyphy/Relax_Macrourus_sp/hyphytmp/86821894/	0.766679052979219
N1.HOG0012184	Success	OG0002805	271	0	-22858.541103569	-22620.325610892	-22545.068337368	1.3906811371448e-06	150.51454704803	0	0.65198897134112	0.16741620075823	0.34427739731576	16.649633966601	0.0037336313431181	0	0.65198897134112	0.99999751447715	0.34427739731576	1.0000039111429	0.0037336313431181	n1	/public4/group_crf/home/cuirf/deepsea/cellpaper/hyphy/Relax_Macrourus_sp/hyphytmp/16917377/	0
N1.HOG0011191	Success	OG0002376	604	1	-41604.66517521	-40904.869574744	-40904.869574744	1	0	0.0011081651939489	0.59357403651518	0.067015669888213	0.38520982821241	3.0530100348642	0.021216135272409	0.0011081651939489	0.59357403651518	0.067015669888213	0.38520982821241	3.0530100348642	0.021216135272409	n134	/public4/group_crf/home/cuirf/deepsea/cellpaper/hyphy/Relax_Macrourus_sp/hyphytmp/72154582/	1
N1.HOG0017933	Success	OG0005975	206	0.97041705548064	-18150.928970167	-17791.591541588	-17791.590853931	0.97879090270569	0.0013753136518062	0.005868035366778	0.50066569331263	0.36939516359814	0.45205424988321	7.778316860993	0.047280056804158	0.0065436637933819	0.50066569331263	0.37728047147742	0.45205424988321	7.4471611340503	0.047280056804158	n0	/public4/group_crf/home/cuirf/deepsea/cellpaper/hyphy/Relax_Macrourus_sp/hyphytmp/72948142/	1
N1.HOG0014961	Success	OG0004252	363	0.12854562028208	-21114.300740978	-20665.097992377	-20663.94300187	1.3019623168343	2.3099810130079	0.00017149260737219	0.48510740364809	0.01882917570916	0.4302578688361	1	0.08463472751581	1.2506316659081e-05	0.48510740364809	0.0056740789334389	0.4302578688361	1	0.08463472751581	n2	/public4/group_crf/home/cuirf/deepsea/cellpaper/hyphy/Relax_Macrourus_sp/hyphytmp/96514171/	0.302522432389881
N1.HOG0016561	Success	OG0005160	232	0	-21109.458472232	-20722.5751852	-20683.997194387	9.671705513375	77.155981626878	0.00032973312992298	0.53374382977917	0.053514459169121	0.36516627160588	1.810315326007	0.10108989861495	2.1119998217668e-34	0.53374382977917	5.036714348331e-13	0.36516627160588	311.1164605596	0.10108989861495	n35	/public4/group_crf/home/cuirf/deepsea/cellpaper/hyphy/Relax_Macrourus_sp/hyphytmp/17540851/	0
N1.HOG0010363	Success	OG0002050	93	0.64231525001885	-6631.5325542711	-6565.0919043351	-6564.9840408691	0.50615468118982	0.21572693199414	0.006812202110146	0.68664516831093	0.18226266761654	0.2943749965863	3.4592705976766	0.018979835102776	0.080040231805436	0.68664516831093	0.42247273996878	0.2943749965863	1.874172433696	0.018979835102776	n1	/public4/group_crf/home/cuirf/deepsea/cellpaper/hyphy/Relax_Macrourus_sp/hyphytmp/98496453/	0.92497703229873
N1.HOG0024637	Success	OG0011580	229	1	-17636.981878671	-16898.923365464	-16898.923365464	1	0	2.1360953801806e-05	0.26801952717955	0.039754196971714	0.70105698613808	10.5240897143	0.030923486682369	2.1360953801806e-05	0.26801952717955	0.039754196971714	0.70105698613808	10.5240897143	0.030923486682369	n0	/public4/group_crf/home/cuirf/deepsea/cellpaper/hyphy/Relax_Macrourus_sp/hyphytmp/44083490/	1
N1.HOG0026102	Success	OG0013009	33	0.27420559625984	-3646.005532827	-3531.9491389481	-3531.3513457323	0.074085965405803	1.1955864315742	5.1721687931851e-05	0.47383838521823	0.24339162960053	0.45546825911285	7.7363201567318	0.070693355668927	0.48133041255423	0.47383838521823	0.9006039776619	0.45546825911285	1.1636648908764	0.070693355668927	n0	/public4/group_crf/home/cuirf/deepsea/cellpaper/hyphy/Relax_Macrourus_sp/hyphytmp/31949466/	0.525178611342703
N1.HOG0005308	Success	OG0000741	131	6.6026056977364e-07	-12083.851778265	-11812.599550919	-11800.235667483	40.151473019353	24.727766872427	2.1713486114798e-05	0.47361103517434	0.13670231857484	0.44419802339188	2.7015537362313	0.082190941433782	5.7919200536138e-188	0.47361103517434	1.9958531646095e-35	0.44419802339188	213757929851033088	0.082190941433782	n203	/public4/group_crf/home/cuirf/deepsea/cellpaper/hyphy/Relax_Macrourus_sp/hyphytmp/50800212/	4.1398819666829e-06
N1.HOG0027652	Success	OG0014456	70	0.29547023056327	-3774.0958368081	-3736.0092026476	-3735.4619388898	0.10011786171878	1.0945275155573	0.0010019833040328	0.45340864534194	0.035115716825215	0.40716425786506	1	0.139427096793	0.5008787013446	0.45340864534194	0.71511967044678	0.40716425786506	1	0.139427096793	n0	/public4/group_crf/home/cuirf/deepsea/cellpaper/hyphy/Relax_Macrourus_sp/hyphytmp/77132293/	0.549965174547885
N1.HOG0007887	Success	OG0001273	369	0.42797857727432	-21247.140890683	-20362.227274707	-20361.913123355	8.6334649489874	0.6283027047175	5.2852360847601e-05	0.48935907305103	0.023286618069469	0.50150152532983	31.545440954501	0.0091394016191347	1.1891217822879e-37	0.48935907305103	7.988597016164e-15	0.50150152532983	8730047739865.9	0.0091394016191347	n207	/public4/group_crf/home/cuirf/deepsea/cellpaper/hyphy/Relax_Macrourus_sp/hyphytmp/64001999/	0.709717370422087
N1.HOG0016652	Success	OG0005205	101	2.8655915396136e-07	-5145.5601593006	-5065.3423005309	-5052.1731830538	8.6536362317246e-07	26.338234954193	0	0.36717910668695	0.061578276140503	0.54247510110029	2.2808592905668	0.09034579221276	0	0.36717910668695	0.99999758784843	0.54247510110029	1.0000007135378	0.09034579221276	n111	/public4/group_crf/home/cuirf/deepsea/cellpaper/hyphy/Relax_Macrourus_sp/hyphytmp/30920637/	1.88623994829738e-06
N1.HOG0023660	Success	OG0010634	83	0.0018723118064529	-8442.6138937689	-8288.9320238224	-8284.0966798	0.27422885748589	9.6706880449383	2.0534176496169e-05	0.35910409612469	0.27510981909427	0.59224558138124	6.1887095127428	0.048650322494071	0.051825798594703	0.35910409612469	0.70193418859556	0.59224558138124	1.6484644678692	0.048650322494071	n0	/public4/group_crf/home/cuirf/deepsea/cellpaper/hyphy/Relax_Macrourus_sp/hyphytmp/67453881/	0.00746318256029253
N1.HOG0023893	Success	OG0010853	184	0.14969756175082	-16397.6232503	-16240.09048161	-16239.052816621	0.21746069286823	2.0753299780845	0.0011348733061193	0.61529798297764	0.36225089223933	0.37518784439196	8.2821528495343	0.0095141726303987	0.22885837868429	0.61529798297764	0.80186617199466	0.37518784439196	1.5836531370127	0.0095141726303987	n0	/public4/group_crf/home/cuirf/deepsea/cellpaper/hyphy/Relax_Macrourus_sp/hyphytmp/61645055/	0.334603997590542
N1.HOG0011582	Success	OG0002534	381	1.3279095768093e-05	-26729.554281974	-25972.760792504	-25963.275799537	0.41208037511628	18.969985933494	0.0003685526764577	0.55788075441869	0.017525526404499	0.39691552648155	2.2251613580542	0.045203719099753	0.03846997061794	0.55788075441869	0.18890842028181	0.39691552648155	1.3904035280628	0.045203719099753	n1	/public4/group_crf/home/cuirf/deepsea/cellpaper/hyphy/Relax_Macrourus_sp/hyphytmp/63497790/	7.08493370483968e-05
N1.HOG0027131	Success	OG0013970	149	0.23572310373699	-12276.596928755	-12042.391916515	-12041.688921171	2.5446891079824	1.4059906883631	0.00057795375600349	0.58442256881151	0.30957404566996	0.39320422472416	9.1982158341975	0.022373206464328	5.7547255555253e-09	0.58442256881151	0.050600414989794	0.39320422472416	283.35184448062	0.022373206464328	n0	/public4/group_crf/home/cuirf/deepsea/cellpaper/hyphy/Relax_Macrourus_sp/hyphytmp/96393453/	0.474206431171134
N1.HOG0013171	Success	OG0003308	264	0.29704431072056	-27095.307283233	-26593.295853733	-26592.75214542	0.88005305137317	1.0874166258072	3.6356737430733e-05	0.26154225765522	0.0097356337753514	0.48157495263193	1.4834482481345	0.25688278971285	0.00012390225148294	0.26154225765522	0.016968904333149	0.48157495263193	1.4149099421894	0.25688278971285	n134	/public4/group_crf/home/cuirf/deepsea/cellpaper/hyphy/Relax_Macrourus_sp/hyphytmp/83783690/	0.552296672963119
N1.HOG0021357	Success	OG0008506	204	0.35097686970726	-19413.025422926	-19066.705198554	-19066.270237493	1.3209849652178	0.86992212130281	0	0.6363682179798	0.44805199729505	0.34358339676677	12.033430483851	0.020048385253429	0	0.6363682179798	0.34626618481795	0.34358339676677	26.741035746786	0.020048385253429	n0	/public4/group_crf/home/cuirf/deepsea/cellpaper/hyphy/Relax_Macrourus_sp/hyphytmp/77539448/	0.622243134970225
N1.HOG0019078	Success	OG0006756	943	0.72612731743318	-68574.209682182	-66958.139306707	-66958.077958082	0.86345244378315	0.12269725091755	1.8845366830526e-06	0.57956969277376	0.12939197574686	0.39427982426266	4.340384199155	0.026150482963584	1.1400172368984e-05	0.57956969277376	0.17107014606062	0.39427982426266	3.5520188320046	0.026150482963584	n2	/public4/group_crf/home/cuirf/deepsea/cellpaper/hyphy/Relax_Macrourus_sp/hyphytmp/86019138/	0.977369341544527
N1.HOG0007416	Success	OG0001160	243	1.0547118733939e-14	-16291.84592528	-15829.062380753	-15799.17172632	6.3783209585477e-08	59.78130886564	0	0.4541173810372	0.066492930641892	0.52632055668457	6.555762306536	0.019562062278231	0	0.4541173810372	0.99999982710544	0.52632055668457	1.0000001199344	0.019562062278231	n10	/public4/group_crf/home/cuirf/deepsea/cellpaper/hyphy/Relax_Macrourus_sp/hyphytmp/68108912/	1.28510283580902e-13
N1.HOG0016572	Success	OG0005165	13	1	-1048.5758671071	-1039.9954891357	-1039.9954891357	0.92505526333645	0	8.9842540617349e-06	0.47226512052327	0.81041432174786	0.52773487947673	15.632758627907	0	2.1463077086498e-05	0.47226512052327	0.82328277514883	0.52773487947673	12.721810936601	0	n4	/public4/group_crf/home/cuirf/deepsea/cellpaper/hyphy/Relax_Macrourus_sp/hyphytmp/83086159/	1
N1.HOG0026918	Success	OG0013774	215	0.014398124923777	-15863.848035375	-15507.546031242	-15504.551700571	2.2771228836139	5.9886613415692	1.2296116347591e-05	0.609309954566	0.19948210579406	0.3609265635188	5.1530931810488	0.029763481915196	6.58867774691e-12	0.609309954566	0.025456298239643	0.3609265635188	41.827925676711	0.029763481915196	n0	/public4/group_crf/home/cuirf/deepsea/cellpaper/hyphy/Relax_Macrourus_sp/hyphytmp/85700687/	0.0481244720214959
N1.HOG0019599	Success	OG0007135	119	0.91468025666381	-10558.260719671	-10408.970307108	-10408.964567934	0.91232934589096	0.011478346943477	0	0.52736674397677	0.22375489137901	0.45440423080653	7.2117590004321	0.018229025216702	0	0.52736674397677	0.25513991404176	0.45440423080653	6.0647956412569	0.018229025216702	n0	/public4/group_crf/home/cuirf/deepsea/cellpaper/hyphy/Relax_Macrourus_sp/hyphytmp/89490295/	1
N1.HOG0020449	Success	OG0007758	191	2.548200971686e-05	-10183.729034096	-9936.411150235	-9927.5470472703	4.2933252579793	17.728205929416	0.00024050788994507	0.69503972331887	0.072419320567407	0.29027781963117	4.171219046616	0.014682457049954	2.904097139763e-16	0.69503972331887	1.2734570297804e-05	0.29027781963117	460.24681438024	0.014682457049954	n0	/public4/group_crf/home/cuirf/deepsea/cellpaper/hyphy/Relax_Macrourus_sp/hyphytmp/26430275/	0.000128154576851558
N1.HOG0003439	Success	OG0000418	223	1	-14954.016000008	-17121.768226263	-17121.940899436	1.002002002002	-0.34534634570446	0	0.90055038875354	0.015188547168247	0	9999999171.5964	0.099449611246462	0	0.90055038875354	0.015061756635629	0	10471767325.633	0.099449611246462	n303	/public4/group_crf/home/cuirf/deepsea/cellpaper/hyphy/Relax_Macrourus_sp/hyphytmp/94374316/	1
N1.HOG0023437	Success	OG0010421	83	0.29022407665869	-6626.6628359129	-6527.7612910987	-6527.2020002972	0.2028891044514	1.118581602972	2.7341756569006e-08	0.59368908255294	0.19570311480556	0.40203259252773	164.25354793194	0.0042783249193243	0.029208851719111	0.59368908255294	0.71824547644336	0.40203259252773	2.8151646822297	0.0042783249193243	n0	/public4/group_crf/home/cuirf/deepsea/cellpaper/hyphy/Relax_Macrourus_sp/hyphytmp/92260428/	0.545519653938325
N1.HOG0026866	Success	OG0013724	79	0.98441873531389	-5014.5346231738	-4922.9712569824	-4922.9710662825	0.98158663572964	0.00038139983371366	0	0.14903930986582	0.02526979042141	0.80283581553135	2.4317269178185	0.048124874602833	0	0.14903930986582	0.027040524914572	0.80283581553135	2.3922623889844	0.048124874602833	n0	/public4/group_crf/home/cuirf/deepsea/cellpaper/hyphy/Relax_Macrourus_sp/hyphytmp/80030871/	1
N1.HOG0013454	Success	OG0003454	208	6.6058269965197e-14	-14393.538375497	-14175.882801142	-14147.791992565	2.3827565474947e-07	56.181617155024	0	0.38522715930921	0.11393783378334	0.61073200512206	5148546.9117317	0.0040408355687315	0	0.38522715930921	0.99999948244104	0.61073200512206	1.0000036823724	0.0040408355687315	n10	/public4/group_crf/home/cuirf/deepsea/cellpaper/hyphy/Relax_Macrourus_sp/hyphytmp/80244341/	7.36935764936418e-13
N1.HOG0002152	Success	OG0000234	469	1	-23821.37642224	-23288.585475401	-23288.585475401	1.0023311754349	0	3.3971949845322e-05	0.58585348384802	0.026116515181324	0.3984047354387	3.0279537936625	0.01574178071328	3.3166735860334e-05	0.58585348384802	0.025895528485791	0.3984047354387	3.035784134025	0.01574178071328	n341	/public4/group_crf/home/cuirf/deepsea/cellpaper/hyphy/Relax_Macrourus_sp/hyphytmp/20678647/	1
N1.HOG0001362	Success	OG0000133	632	0	-22315.223798287	-21684.680869266	-21624.669172221	9.8478314726862	120.02339409081	4.5613986789608e-05	0.45181718647762	0.030241763833865	0.47800847793041	2.3535313517145	0.070174335591966	1.7845510825684e-43	0.45181718647762	1.0896197157344e-15	0.47800847793041	4577.5784574559	0.070174335591966	n886	/public4/group_crf/home/cuirf/deepsea/cellpaper/hyphy/Relax_Macrourus_sp/hyphytmp/96347925/	0
N1.HOG0018700	Success	OG0006483	131	0.06069070913621	-13204.950214156	-13122.56751666	-13120.808312545	0.05700582614472	3.5184082291817	3.129507067721e-08	0.41761625990113	0.21789690668268	0.54657751501543	2.5702414229606	0.03580622508344	0.37342071481026	0.41761625990113	0.91680390671357	0.54657751501543	1.0552877624829	0.03580622508344	n0	/public4/group_crf/home/cuirf/deepsea/cellpaper/hyphy/Relax_Macrourus_sp/hyphytmp/47285203/	0.166826621273614
N1.HOG0026094	Success	OG0013001	233	2.1637102110006e-09	-17913.156711145	-17626.380418064	-17608.470220755	11.960697095869	35.820394617367	0.02503425094264	0.46595587514924	0.028872100438775	0.44310389286765	1.3166021665132	0.090940231983104	7.0041825458067e-20	0.46595587514924	3.8569874780822e-19	0.44310389286765	26.83860097705	0.090940231983104	n0	/public4/group_crf/home/cuirf/deepsea/cellpaper/hyphy/Relax_Macrourus_sp/hyphytmp/60067294/	1.75342176532973e-08
N1.HOG0019389	Success	OG0006981	73	0.009426397348222	-7696.0150137831	-7629.0458427001	-7625.6757419138	0	6.7402015727148	0.023041106202927	0.74371532278573	0.78364859153846	0.25593566373418	9999999171.5964	0.00034901348009398	1	0.74371532278573	1	0.25593566373418	1	0.00034901348009398	n0	/public4/group_crf/home/cuirf/deepsea/cellpaper/hyphy/Relax_Macrourus_sp/hyphytmp/77756826/	0.0330655551187463
N1.HOG0022865	Success	OG0009877	159	2.8507151957902e-05	-14007.505838033	-13789.998854633	-13781.241426778	0.09891893987372	17.514855710793	7.9724658007185e-06	0.7759844995229	1	0.22185975285093	1187.7497391642	0.0021557476261683	0.31309126504301	0.7759844995229	1	0.22185975285093	2.0144130758217	0.0021557476261683	n0	/public4/group_crf/home/cuirf/deepsea/cellpaper/hyphy/Relax_Macrourus_sp/hyphytmp/45280675/	0.0001411391558031
N1.HOG0020977	Success	OG0008190	170	0.57543087113766	-16836.965741224	-16643.352279559	-16643.195439682	0.50873234555826	0.31367975340982	0.0010357635430022	0.5978360477075	0.36583060112515	0.38421608738295	5.8970736099925	0.017947864909544	0.030308645956284	0.5978360477075	0.59955140583191	0.38421608738295	2.4663104273144	0.017947864909544	n0	/public4/group_crf/home/cuirf/deepsea/cellpaper/hyphy/Relax_Macrourus_sp/hyphytmp/85301564/	0.871621768757382
N1.HOG0016016	Success	OG0004838	79	1.4108287871295e-09	-3057.0200956851	-3000.1356816099	-2981.8087757363	50	36.65381174718	0	0.34675698828643	0.0070181858667443	0.58899725961684	1.1043125473538	0.064245752096731	0	0.34675698828643	2.0475913461326e-108	0.58899725961684	142.75796071015	0.064245752096731	n0	/public4/group_crf/home/cuirf/deepsea/cellpaper/hyphy/Relax_Macrourus_sp/hyphytmp/87039318/	1.15419231251832e-08
N1.HOG0000286	Success	OG0000019	213	1.1102230246252e-16	-22180.518756956	-21891.07323881	-21856.06585975	11.687889966123	70.014758119796	3.4228858701069e-05	0.50405420705419	0.17548503986611	0.37660791086394	1.686306552813	0.11933788208186	6.4042747740445e-53	0.50405420705419	1.4681195863892e-09	0.37660791086394	449.16836821278	0.11933788208186	n975	/public4/group_crf/home/cuirf/deepsea/cellpaper/hyphy/Relax_Macrourus_sp/hyphytmp/88374571/	1.64427858302249e-15
N1.HOG0020590	Success	OG0007867	52	0.91957405159208	-2544.0507799915	-2475.0148061886	-2475.0097086897	10.549011116079	0.010194997727012	0.026436595706201	0.95218111947971	0.23070401223312	0.039862579041053	9999999171.5964	0.0079563014792361	2.2689691504942e-17	0.95218111947971	1.9092450389943e-07	0.039862579041053	3.0910838157807e+105	0.0079563014792361	n26	/public4/group_crf/home/cuirf/deepsea/cellpaper/hyphy/Relax_Macrourus_sp/hyphytmp/54002412/	1
N1.HOG0015636	Success	OG0004629	353	0.010927471970704	-27386.550334161	-27075.868148942	-27072.629611894	0.22290528338523	6.4770740961612	9.6412621725222e-05	0.59058876616838	0.15907322686743	0.37664206096715	1.235077894041	0.032769172864475	0.12730405204261	0.59058876616838	0.66379163212807	0.37664206096715	1.0481879307537	0.032769172864475	n104	/public4/group_crf/home/cuirf/deepsea/cellpaper/hyphy/Relax_Macrourus_sp/hyphytmp/36382895/	0.0377734342971217
N1.HOG0025907	Success	OG0012816	22	1	-2084.4795906606	-2068.1245869889	-2068.1340448585	1.1586140523636	-0.018915739153272	0.0037999519652561	0.49246119473725	0.30530966240657	0.46566713137483	2.3916285584229	0.041871673887919	0.0015699900668452	0.49246119473725	0.25293746374256	0.46566713137483	2.746375258156	0.041871673887919	n0	/public4/group_crf/home/cuirf/deepsea/cellpaper/hyphy/Relax_Macrourus_sp/hyphytmp/64827783/	1
N1.HOG0018231	Success	OG0006185	132	0.50823559081038	-7697.6008836469	-7631.5368797425	-7631.3180307015	0.5099643840769	0.43769808193429	1.685865779409e-09	0.31731544539844	0.061688997507228	0.67167460485543	4.1403202595873	0.011009949746138	3.3573157848441e-05	0.31731544539844	0.24157334969237	0.67167460485543	2.0637891788906	0.011009949746138	n0	/public4/group_crf/home/cuirf/deepsea/cellpaper/hyphy/Relax_Macrourus_sp/hyphytmp/86884708/	0.802526420048008
N1.HOG0023563	Success	OG0010541	222	0.0041032010772525	-21830.178845111	-21541.484164669	-21537.365379237	4.8445682035672	8.2375708633845	0.00024503835184723	0.41911358597534	0.096269976943628	0.51069128823113	1.7852554282054	0.070195125793535	3.2166080880676e-18	0.41911358597534	1.1897403187857e-05	0.51069128823113	16.572177329993	0.070195125793535	n0	/public4/group_crf/home/cuirf/deepsea/cellpaper/hyphy/Relax_Macrourus_sp/hyphytmp/69500570/	0.0152721883679036
N1.HOG0019355	Success	OG0006962	184	5.9411580762836e-06	-10559.631418827	-10396.821023184	-10386.567491097	0.010584055414735	20.507064174188	4.1003514422768e-118	0.78465981241467	0.61834232616129	0.21075320951204	25.230959333381	0.0045869780732851	0.057222600865834	0.78465981241467	0.99492502785704	0.21075320951204	1.0347564558391	0.0045869780732851	n0	/public4/group_crf/home/cuirf/deepsea/cellpaper/hyphy/Relax_Macrourus_sp/hyphytmp/32187088/	3.27144537662026e-05
N1.HOG0010104	Success	OG0001962	450	0.021815859300446	-23091.332303068	-22626.821724834	-22624.191519052	0.93259899766729	5.2604115639115	0.00010776533596694	0.40286158387721	0.093149851552016	0.53514166500648	3.0906192420369	0.061996751116317	0.00019947752609894	0.40286158387721	0.1093101077199	0.53514166500648	2.864283135911	0.061996751116317	n238	/public4/group_crf/home/cuirf/deepsea/cellpaper/hyphy/Relax_Macrourus_sp/hyphytmp/31973635/	0.0692784589245217
N1.HOG0016209	Success	OG0004963	190	0.0060925481500529	-16604.826005837	-16312.679184888	-16308.917822892	0.30113354078013	7.5227239915148	0.00038856239018601	0.6682736435959	1	0.32697913396717	35.871860272146	0.0047472224369375	0.093966325269826	0.6682736435959	1	0.32697913396717	2.9389252943987	0.0047472224369375	n61	/public4/group_crf/home/cuirf/deepsea/cellpaper/hyphy/Relax_Macrourus_sp/hyphytmp/93065251/	0.0220822736746643
N1.HOG0026223	Success	OG0013126	383	0.2015909641953	-28454.248172971	-28024.147774247	-28023.332368933	1.2829920463556	1.6308106268552	0.00029926156712597	0.41096118701	0.025218482476731	0.53528085201599	1.7420008489371	0.053757960974014	3.0116284543033e-05	0.41096118701	0.0089005762309912	0.53528085201599	2.03827666083	0.053757960974014	n0	/public4/group_crf/home/cuirf/deepsea/cellpaper/hyphy/Relax_Macrourus_sp/hyphytmp/57973959/	0.427571946280896
N1.HOG0024747	Success	OG0011684	233	9.3049392824174e-07	-20841.863093402	-20342.397316306	-20330.363901129	1.5665640416843e-06	24.066830352502	0	0.48259572353494	0.048550493435466	0.49324266283057	4.1263233863106	0.02416161363449	0	0.48259572353494	0.99999526091858	0.49324266283057	1.0000022204296	0.02416161363449	n0	/public4/group_crf/home/cuirf/deepsea/cellpaper/hyphy/Relax_Macrourus_sp/hyphytmp/32224729/	5.74672559629434e-06
N1.HOG0024154	Success	OG0011104	759	0.17912998236084	-55741.793975414	-54440.034220167	-54439.131806478	0.5724388873358	1.8048273782042	1.2069873352715e-05	0.6985609380767	0.35745377280434	0.29602203545748	72.640271434571	0.0054170264658235	0.0015295911899729	0.6985609380767	0.55493956350972	0.29602203545748	11.625465545922	0.0054170264658235	n0	/public4/group_crf/home/cuirf/deepsea/cellpaper/hyphy/Relax_Macrourus_sp/hyphytmp/55634666/	0.390044752466316
N1.HOG0003976	Success	OG0000498	250	0.19608349107281	-14981.548672791	-14346.932778055	-14346.097124282	0.53532063397566	1.6713075456828	0.00023089606282346	0.64043939155634	0.050716807647333	0.33572164640634	7.8698676779582	0.023838962037311	0.011304772580167	0.64043939155634	0.20269409610812	0.33572164640634	3.017378925976	0.023838962037311	n85	/public4/group_crf/home/cuirf/deepsea/cellpaper/hyphy/Relax_Macrourus_sp/hyphytmp/94836091/	0.417436725728733
N1.HOG0013812	Success	OG0003643	74	0.69308975592318	-7114.9278718772	-6957.0730522249	-6956.9951717904	1.2041269339373	0.15576086892725	0.00027898877569613	0.54554849848344	0.1041911401022	0.42960893784017	5.4461110969576	0.024842563676396	5.2485005676475e-05	0.54554849848344	0.065666459436531	0.42960893784017	7.6973560538695	0.024842563676396	n1	/public4/group_crf/home/cuirf/deepsea/cellpaper/hyphy/Relax_Macrourus_sp/hyphytmp/83100043/	0.964943622342008
N1.HOG0008917	Success	OG0001589	237	1	-22513.79761788	-21764.072701512	-21764.072701512	1.4310100934612	0	0	0.3925611018828	0.0011961824130753	0.45380143996459	1	0.15363745815261	0	0.3925611018828	6.5811017083975e-05	0.45380143996459	1	0.15363745815261	n173	/public4/group_crf/home/cuirf/deepsea/cellpaper/hyphy/Relax_Macrourus_sp/hyphytmp/58113885/	1
N1.HOG0005116	Success	OG0000690	300	0.84667563022249	-24162.971208973	-23332.529901498	-23332.511207106	0.97667282349966	0.03738878560398	2.1287263140112e-05	0.31073499047177	0.015736814495712	0.60006107495677	2.115259305426	0.089203934571456	2.7359087098828e-05	0.31073499047177	0.017337148330825	0.60006107495677	2.0786137691539	0.089203934571456	n440	/public4/group_crf/home/cuirf/deepsea/cellpaper/hyphy/Relax_Macrourus_sp/hyphytmp/57818746/	1
N1.HOG0025662	Success	OG0012582	258	5.7409632603367e-13	-22156.500385876	-21774.277411633	-21748.310706407	17.462550340045	51.93341045166	3.3107022846811e-05	0.63324331239936	0.15346701858682	0.30051477403268	2.574061893163	0.066241913567955	5.8395545117566e-79	0.63324331239936	6.1058613984814e-15	0.30051477403268	14806578.075094	0.066241913567955	n0	/public4/group_crf/home/cuirf/deepsea/cellpaper/hyphy/Relax_Macrourus_sp/hyphytmp/45154255/	6.01400907393808e-12
N1.HOG0023894	Success	OG0010854	152	0.98611749907491	-9446.1496179984	-9344.8055027489	-9344.8053513687	1.0182564869027	0.00030276043980848	8.5943774349699e-06	0.64238449982855	0.15265124078786	0.34952523241458	7.2084898310983	0.0080902677568711	6.9459391510171e-06	0.64238449982855	0.14750188643132	0.34952523241458	7.4731812102343	0.0080902677568711	n0	/public4/group_crf/home/cuirf/deepsea/cellpaper/hyphy/Relax_Macrourus_sp/hyphytmp/81683058/	1
N1.HOG0026984	Success	OG0013833	23	0.99826388596719	-2044.9225763027	-1997.4541909083	-1997.4541885411	14.227835161012	4.7345320126624e-06	0	0.23769571507722	0.20247703962569	0.73586134787757	9999999171.5964	0.026442937045215	0	0.23769571507722	1.352785592499e-10	0.73586134787757	1.8982399019321e+142	0.026442937045215	n0	/public4/group_crf/home/cuirf/deepsea/cellpaper/hyphy/Relax_Macrourus_sp/hyphytmp/89525588/	1
N1.HOG0019737	Success	OG0007237	193	0	-17921.87044386	-17727.296618954	-17675.231656673	50	104.12992456048	4.7997490722108e-05	0.40119813108093	0.074816493599947	0.44359314394879	1.1086532986078	0.15520872497028	1.1506060855253e-216	0.40119813108093	5.0103437167082e-57	0.44359314394879	173.69514328502	0.15520872497028	n0	/public4/group_crf/home/cuirf/deepsea/cellpaper/hyphy/Relax_Macrourus_sp/hyphytmp/93799456/	0
N1.HOG0010756	Success	OG0002199	295	0.84833335852348	-31659.498696006	-30826.742246509	-30826.723959113	1.1045195445672	0.036574791993189	2.5644677706317e-05	0.4555547555774	0.12641892314257	0.51979989517344	8.1845996178646	0.024645349249161	8.4946937893135e-06	0.4555547555774	0.10184363575604	0.51979989517344	10.19585183093	0.024645349249161	n135	/public4/group_crf/home/cuirf/deepsea/cellpaper/hyphy/Relax_Macrourus_sp/hyphytmp/65454573/	1
N1.HOG0026574	Success	OG0013455	200	3.1363800445661e-13	-17803.413478256	-17335.404966964	-17308.844370049	6.5703425096313	53.121193830229	0	0.33433267374498	0.12191268275699	0.5972678210836	4.3102710800025	0.068399505171421	0	0.33433267374498	9.8861719269982e-07	0.5972678210836	14754.090538002	0.068399505171421	n0	/public4/group_crf/home/cuirf/deepsea/cellpaper/hyphy/Relax_Macrourus_sp/hyphytmp/95217636/	3.3261116768917e-12
N1.HOG0017177	Success	OG0005515	57	0.069312298249718	-4802.8022264312	-4705.2359682518	-4703.586352437	3.2818143405249	3.2992316296968	0.00021434430445345	0.36915696961175	0.18643458310356	0.53066063198114	3.410734757474	0.10018239840711	9.1073195917456e-13	0.36915696961175	0.0040364848579817	0.53066063198114	56.067092290433	0.10018239840711	n0	/public4/group_crf/home/cuirf/deepsea/cellpaper/hyphy/Relax_Macrourus_sp/hyphytmp/27840525/	0.186060200614087
N1.HOG0026359	Success	OG0013247	162	0.0051358572882716	-16202.258382085	-15908.003547161	-15904.0880629	9.3479321505462	7.8309685201602	0.00028104542436199	0.27681176682548	0.040082675323078	0.60303084753272	1.7229652157315	0.12015738564179	6.3592199803576e-34	0.27681176682548	8.7203522525767e-14	0.60303084753272	161.69507114878	0.12015738564179	n0	/public4/group_crf/home/cuirf/deepsea/cellpaper/hyphy/Relax_Macrourus_sp/hyphytmp/66346970/	0.0188534248317321
N1.HOG0024613	Success	OG0011556	646	0.21202077702671	-51225.383440618	-50309.0297695	-50308.250982466	2.1066858602177	1.557574069273	0.0001252447456171	0.36612814523433	0.033462709332237	0.57833989524879	NA	NA	0	0.57833989524879	6.0145778016633e-09	0.36612814523433	NA	NA	n0	/public4/group_crf/home/cuirf/deepsea/cellpaper/hyphy/Relax_Macrourus_sp/hyphytmp/70695990/	0.442542807817887
N1.HOG0022978	Success	OG0009989	391	1.1102230246252e-16	-34109.008837924	-33740.698212413	-33706.237518868	1.8719585713277e-06	68.921387090042	0	0.18605612358203	0.022837064655132	0.70316802266078	1.0499494085847	0.11077585375719	0	0.18605612358203	0.99999292520017	0.70316802266078	1.000000091243	0.11077585375719	n0	/public4/group_crf/home/cuirf/deepsea/cellpaper/hyphy/Relax_Macrourus_sp/hyphytmp/78734788/	1.64427858302249e-15
N1.HOG0007823	Success	OG0001258	123	0.0039499031128749	-7143.6855563108	-6934.003732155	-6929.8503807268	6.8204288985037e-08	8.3067028564747	0	0.56643553684954	0.043376149674047	0.42853417003479	9999999171.5964	0.0050302931156712	0	0.56643553684954	0.9999997859855	0.42853417003479	1.000001570463	0.0050302931156712	n209	/public4/group_crf/home/cuirf/deepsea/cellpaper/hyphy/Relax_Macrourus_sp/hyphytmp/96207858/	0.014752029451998
N1.HOG0003289	Success	OG0000390	85	0.56404535302092	-3220.4262392996	-3127.6586071874	-3127.4922331225	0.81355729378864	0.33274812969012	0.00011875063388875	0.53981904412967	0.04452353172793	0.44132013566719	7.3087184352686	0.018860820203141	0.00064045915114662	0.53981904412967	0.079533522474788	0.44132013566719	5.0441075076524	0.018860820203141	n103	/public4/group_crf/home/cuirf/deepsea/cellpaper/hyphy/Relax_Macrourus_sp/hyphytmp/16347170/	0.858308163410045
N1.HOG0026624	Success	OG0013502	92	0.037253448154203	-7858.9264539303	-7749.2097649952	-7747.0403713305	2.6811138532032e-06	4.338787329516	0	0.29580154136133	0.079237775461532	0.4555734703357	1.2392579371921	0.24862498830297	0	0.29580154136133	0.99999320258944	0.4555734703357	1.0000005751333	0.24862498830297	n0	/public4/group_crf/home/cuirf/deepsea/cellpaper/hyphy/Relax_Macrourus_sp/hyphytmp/22595117/	0.10884595906279
N1.HOG0006632	Success	OG0000990	359	1.0052192100929e-07	-29198.426480104	-28355.096265841	-28340.914310933	37.13616500491	28.363909816493	7.6569959004081e-06	0.56790730318279	0.10191053320199	0.42450472385414	15.496526453542	0.0075879729630618	1.031689779074e-190	0.56790730318279	1.475910008405e-37	0.42450472385414	1.5875947738668e+44	0.0075879729630618	n1	/public4/group_crf/home/cuirf/deepsea/cellpaper/hyphy/Relax_Macrourus_sp/hyphytmp/10313543/	6.88034503163188e-07
N1.HOG0022501	Success	OG0009535	203	0.61714218737825	-16829.828168593	-16161.073187795	-16160.948235443	0.47128060263653	0.24990470248667	0.00064933131927542	0.56603137114298	0.021101282584265	0.33332374523005	NA	NA	0.031461340342466	0.56603137114298	1.5193750778139	0.10064488362696	NA	NA	n3	/public4/group_crf/home/cuirf/deepsea/cellpaper/hyphy/Relax_Macrourus_sp/hyphytmp/60864120/	0.9031092656864
N1.HOG0004675	Success	OG0000607	187	0.29851615069639	-16857.000916762	-16428.215424334	-16427.675018722	19.475244610319	1.0808112235245	1.3388426276079e-05	0.44622133117134	0.017016485453744	0.44691266235775	1.6556613235976	0.10686600647091	1.2355649308075e-95	0.44622133117134	3.5136452277687e-35	0.44691266235775	18387.538628567	0.10686600647091	n2	/public4/group_crf/home/cuirf/deepsea/cellpaper/hyphy/Relax_Macrourus_sp/hyphytmp/27121198/	0.554433239887998
N1.HOG0025510	Success	OG0012433	71	0.10025337652693	-3864.7516724004	-3832.6863528818	-3831.3355988448	0	2.7015080740148	0	0.49630477185466	0.099951958378577	0.50130903731636	451.74355260017	0.0023861908289798	1	0.50130903731636	1	0.49630477185466	1	0.0023861908289798	n0	/public4/group_crf/home/cuirf/deepsea/cellpaper/hyphy/Relax_Macrourus_sp/hyphytmp/89941602/	0.250706405929062
N1.HOG0014070	Success	OG0003767	45	0.83303151875726	-3645.3501577117	-3618.5758504761	-3618.553628963	1.6139110430679	0.044443026107729	7.027474247314e-05	0.23411446159671	0.10686799374323	0.70129144233469	2.0105995883502	0.064594096068606	1.9819991601467e-07	0.23411446159671	0.027079865819759	0.70129144233469	3.0870276415763	0.064594096068606	n103	/public4/group_crf/home/cuirf/deepsea/cellpaper/hyphy/Relax_Macrourus_sp/hyphytmp/59888018/	1
N1.HOG0018605	Success	OG0006417	166	4.8166869048849e-08	-17702.117587952	-17274.68976256	-17259.795164425	0.74652033299385	29.789196269958	2.4151940343491e-05	0.41392058063017	0.01056206179402	0.43828620464737	1.1946179470461	0.14779321472246	0.0003575030982967	0.41392058063017	0.033472505720299	0.43828620464737	1.1419656611859	0.14779321472246	n0	/public4/group_crf/home/cuirf/deepsea/cellpaper/hyphy/Relax_Macrourus_sp/hyphytmp/84901625/	3.40537781999681e-07
N1.HOG0005393	Success	OG0000761	31	1	-2282.0857932346	-2249.3067693862	-2249.3067693862	0.951076424773	0	5.0662207124614e-05	0.4407828551051	0.050380794489113	0.49898420653808	1	0.060232938356817	8.2191388333554e-05	0.4407828551051	0.058311585111816	0.49898420653808	1	0.060232938356817	n169	/public4/group_crf/home/cuirf/deepsea/cellpaper/hyphy/Relax_Macrourus_sp/hyphytmp/20656388/	1
N1.HOG0015199	Success	OG0004370	195	0.14637990252127	-8447.9072417039	-8259.5950374195	-8258.5402495866	0.94517062890334	2.1095756658433	4.0841941423395e-05	0.43690751102359	0.028674671412163	0.55448919624781	7.4425380068452	0.0086032927286058	7.1079874970541e-05	0.43690751102359	0.034839574305682	0.55448919624781	6.6669184612497	0.0086032927286058	n3	/public4/group_crf/home/cuirf/deepsea/cellpaper/hyphy/Relax_Macrourus_sp/hyphytmp/46195686/	0.329594590473843
N1.HOG0011826	Success	OG0002639	265	0.159903043816	-15947.253437218	-15756.710291556	-15755.722720177	0.41049967451477	1.9751427571646	0.019724404579258	0.96321099450166	0.020664100637921	0.0055240871012404	1.885835899495	0.031264918397097	0.19957202165756	0.96321099450166	0.20342153400692	0.0055240871012404	1.2974608459341	0.031264918397097	n115	/public4/group_crf/home/cuirf/deepsea/cellpaper/hyphy/Relax_Macrourus_sp/hyphytmp/51288047/	0.353102094184946
N1.HOG0019919	Success	OG0007359	516	4.6775339157534e-10	-46124.370941385	-45317.748146272	-45298.34445074	3.9629676548251	38.80739106331	0.0018788978601685	0.49804232519566	0.14536480564034	0.45345178322267	3.4663911785201	0.048505891581667	1.5724123492426e-11	0.49804232519566	0.00047957130039098	0.45345178322267	137.88510389279	0.048505891581667	n0	/public4/group_crf/home/cuirf/deepsea/cellpaper/hyphy/Relax_Macrourus_sp/hyphytmp/22467489/	3.92000159378748e-09
N1.HOG0017323	Success	OG0005603	156	0.39113582100337	-9118.8832578349	-8947.7004196196	-8947.332715587	1.12475529411	0.73540806514575	0.00073050175888699	0.52638716917394	0.064163244203628	0.45352168715855	3.6122399449401	0.020091143667502	0.0002967163066765	0.52638716917394	0.045550061521409	0.45352168715855	4.2399640420389	0.020091143667502	n17	/public4/group_crf/home/cuirf/deepsea/cellpaper/hyphy/Relax_Macrourus_sp/hyphytmp/71218476/	0.672578184480802
N1.HOG0010945	Success	OG0002280	84	0.9172882393588	-4412.5956092233	-4292.9107890691	-4292.9053966386	1.0140988790355	0.010784861060529	0.00043954060502561	0.60683234358588	0.031343883068122	0.38698432779469	9999999171.5964	0.006183328619434	0.00039415682471456	0.60683234358588	0.029850405743962	0.38698432779469	13835305517.499	0.006183328619434	n144	/public4/group_crf/home/cuirf/deepsea/cellpaper/hyphy/Relax_Macrourus_sp/hyphytmp/80788747/	1
N1.HOG0027329	Success	OG0014149	48	0.011545444452143	-3933.0670483622	-3890.4879201683	-3887.2982354592	0	6.3793694181823	0.0061705454382158	0.74475211645848	0.98646582323557	0.25524788354152	20.574157716997	0	1	0.74475211645848	1	0.25524788354152	1	0	n0	/public4/group_crf/home/cuirf/deepsea/cellpaper/hyphy/Relax_Macrourus_sp/hyphytmp/88286712/	0.0395909652071491
N1.HOG0024845	Success	OG0011776	186	0.14280226514613	-14777.602301912	-14605.185546941	-14604.111797023	0.093132132877145	2.1474998374651	0.0026108569302494	0.82740760764951	0.5074757443466	0.16985086444492	20.267156321578	0.0027415279055712	0.57467128634491	0.82740760764951	0.93878187816094	0.16985086444492	1.3234404435741	0.0027415279055712	n0	/public4/group_crf/home/cuirf/deepsea/cellpaper/hyphy/Relax_Macrourus_sp/hyphytmp/35155088/	0.324956713268036
N1.HOG0013951	Success	OG0003712	609	0.055736080086396	-36032.528880358	-35651.561958241	-35649.731994817	0.40220543794821	3.6599268487334	0.00070773982861363	0.79639770591993	0.15023171829281	0.20070419441411	9.9295163963709	0.0028980996659559	0.054075687098964	0.79639770591993	0.46654018011766	0.20070419441411	2.5175024505599	0.0028980996659559	n111	/public4/group_crf/home/cuirf/deepsea/cellpaper/hyphy/Relax_Macrourus_sp/hyphytmp/92591170/	0.155445755825371
N1.HOG0010588	Success	OG0002138	292	0.93631106993998	-19915.414967218	-19559.284548835	-19559.281356255	0.94466572427775	0.0063851592931314	0.00024789294669705	0.16171967691983	0.022017110917387	0.78088495400401	1.9334340627276	0.057395369076158	0.00039245055767515	0.16171967691983	0.027193335892075	0.78088495400401	1.8641700984286	0.057395369076158	n1	/public4/group_crf/home/cuirf/deepsea/cellpaper/hyphy/Relax_Macrourus_sp/hyphytmp/96560653/	1
N1.HOG0026476	Success	OG0013361	39	5.5321868197566e-09	-3572.2477970425	-3571.9310931445	-3554.9347895135	0.095669131535628	33.992607262084	5.8119870882446e-07	0.59859376405397	0.48841774823254	0.39807518476719	9999999171.5964	0.0033310511788369	0.25318522247173	0.59859376405397	0.93374211419088	0.39807518476719	9.0508905248883	0.0033310511788369	n0	/public4/group_crf/home/cuirf/deepsea/cellpaper/hyphy/Relax_Macrourus_sp/hyphytmp/92958572/	4.24298971265261e-08
N1.HOG0019214	Success	OG0006847	450	1.5690706511862e-09	-38521.586074721	-37645.061019433	-37626.837722381	2.911725052065e-11	36.446594102628	0	0.49628000805096	0.027897956670386	0.43409586532146	1.3026527333103	0.069624126627581	0	0.49628000805096	0.99999999989578	0.43409586532146	1.0000000000077	0.069624126627581	n11	/public4/group_crf/home/cuirf/deepsea/cellpaper/hyphy/Relax_Macrourus_sp/hyphytmp/38162304/	1.27756558234023e-08
N1.HOG0011027	Success	OG0002307	152	0.32499314891474	-4376.6219987317	-4280.3687512291	-4279.8843782827	4.1127122189168e-05	0.96874589282015	0	0.8538532559822	0.42549927823712	0.049236921450032	2.5934795397722	0.096909822567772	0	0.8538532559822	0.99996485781949	0.049236921450032	1.0000391949331	0.096909822567772	n171	/public4/group_crf/home/cuirf/deepsea/cellpaper/hyphy/Relax_Macrourus_sp/hyphytmp/66176739/	0.586775924721185
N1.HOG0026485	Success	OG0013370	186	0.43545259539208	-16299.410469224	-16072.100090342	-16071.795972122	0.39872985802949	0.60823643999538	0.00022208286429245	0.52413049768559	0.058607216565663	0.3369586708416	1.0599342901405	0.13891083147281	0.034933851084093	0.52413049768559	0.32266013812771	0.3369586708416	1.023480255997	0.13891083147281	n0	/public4/group_crf/home/cuirf/deepsea/cellpaper/hyphy/Relax_Macrourus_sp/hyphytmp/45684839/	0.718650463313406
N1.HOG0006972	Success	OG0001055	133	0.98940374072101	-10140.782171083	-9985.3304970906	-9985.3304089004	0.95714823930051	0.00017638049757807	0.00070344586217277	0.41595319378252	0.090733127005567	0.50186403006371	1.4857422566515	0.082182776153772	0.0009601352087511	0.41595319378252	0.10056050501824	0.50186403006371	1.4607483177283	0.082182776153772	n103	/public4/group_crf/home/cuirf/deepsea/cellpaper/hyphy/Relax_Macrourus_sp/hyphytmp/97001491/	1
N1.HOG0000945	Success	OG0000082	163	0.92031048430252	-8270.8637026672	-8128.5523347449	-8128.5473304814	1.1073911559491	0.010008527073296	2.8327428283856e-05	0.65140634531742	0.033503670423873	0.30293576477057	1.1010336216035	0.04565788991201	9.2005632953458e-06	0.65140634531742	0.023264855233999	0.30293576477057	1.1124732928615	0.04565788991201	n353	/public4/group_crf/home/cuirf/deepsea/cellpaper/hyphy/Relax_Macrourus_sp/hyphytmp/15452601/	1
N1.HOG0020459	Success	OG0007767	105	0.27768175339872	-10502.009616336	-10335.083755368	-10334.49455485	0.12727974117508	1.1784010361298	0.0081266495416995	0.81547037192228	1	0.18309820588897	9999999171.5964	0.0014314221887494	0.54196854397653	0.81547037192228	1	0.18309820588897	18.74120051057	0.0014314221887494	n0	/public4/group_crf/home/cuirf/deepsea/cellpaper/hyphy/Relax_Macrourus_sp/hyphytmp/60120511/	0.529744885758071
N1.HOG0015427	Success	OG0004501	479	0	-32686.209362765	-32202.841395598	-32139.198961001	16.363194859413	127.28486919321	4.4737173610145e-05	0.24286723793643	0.052837712489602	0.69948093080222	1.756213885861	0.057651831261347	6.7770682544478e-72	0.24286723793643	1.2684809411281e-21	0.69948093080222	10047.725539966	0.057651831261347	n1	/public4/group_crf/home/cuirf/deepsea/cellpaper/hyphy/Relax_Macrourus_sp/hyphytmp/75456309/	0
N1.HOG0026856	Success	OG0013714	25	0.91950614011433	-1944.4854282711	-1935.1306157264	-1935.1255095859	1.4359006558068	0.010212281013082	0	0.7225323847964	0.58603996345958	0.27664998810682	951.38086177327	0.00081762709678092	0	0.7225323847964	0.46426565934568	0.27664998810682	18906.93154037	0.00081762709678092	n0	/public4/group_crf/home/cuirf/deepsea/cellpaper/hyphy/Relax_Macrourus_sp/hyphytmp/74531740/	1
N1.HOG0011623	Success	OG0002554	233	0.98860452609774	-19560.020407957	-19200.21871167	-19200.218609674	1.0012360675076	0.00020399249478942	1.5415005818078e-05	0.40752048589365	0.029036423414098	0.53941818961956	1.6086245480652	0.053061324486786	1.5205323575144e-05	0.40752048589365	0.028909675350814	0.53941818961956	1.6095700554608	0.053061324486786	n2	/public4/group_crf/home/cuirf/deepsea/cellpaper/hyphy/Relax_Macrourus_sp/hyphytmp/55780545/	1
N1.HOG0022163	Success	OG0009238	271	0.18555419536875	-21357.592406391	-20879.585364886	-20878.70908077	1.5089252066835	1.7525682322012	1.9116900241756e-05	0.42334624827003	0.10563650043682	0.55466507460031	6.0678267391656	0.02198867712966	7.5859833734551e-08	0.42334624827003	0.033651803646548	0.55466507460031	15.189325539318	0.02198867712966	n0	/public4/group_crf/home/cuirf/deepsea/cellpaper/hyphy/Relax_Macrourus_sp/hyphytmp/88156247/	0.399482033982689
N1.HOG0024967	Success	OG0011896	267	0.30685492645176	-21787.686674663	-21346.502795621	-21345.980713442	1.763279164433	1.044164357947	0.00094178085542379	0.44054407683695	0.063019372973161	0.48570521183137	2.4308781838056	0.073750711331682	4.6156071111525e-06	0.44054407683695	0.0076407792898847	0.48570521183137	4.7885960829897	0.073750711331682	n0	/public4/group_crf/home/cuirf/deepsea/cellpaper/hyphy/Relax_Macrourus_sp/hyphytmp/76331230/	0.565034044634645
N1.HOG0026604	Success	OG0013485	292	0	-17194.618668521	-16790.01210833	-16731.03244354	14.280653058123	117.95932958063	0	0.13185705997928	0.024242387534959	0.74905159619037	1.9022282818863	0.11909134383035	0	0.13185705997928	8.5247489106223e-24	0.74905159619037	9728.6547985807	0.11909134383035	n0	/public4/group_crf/home/cuirf/deepsea/cellpaper/hyphy/Relax_Macrourus_sp/hyphytmp/61254030/	0
N1.HOG0019369	Success	OG0006972	73	0.020689563554023	-8145.8126546344	-7986.5181409444	-7983.8417638232	3.2754450699078	5.3527542423399	0	0.10871667986768	0.091105605654165	0.75882081591257	NA	NA	0	0.10871667986768	1.1606834718531	0.75882081591257	NA	NA	n0	/public4/group_crf/home/cuirf/deepsea/cellpaper/hyphy/Relax_Macrourus_sp/hyphytmp/36717020/	0.0663146831824842
N1.HOG0011255	Success	OG0002397	304	0.99476706004502	-25992.931875423	-25598.413900416	-25598.413878909	0.99923635966465	4.3014770199079e-05	0.00038615847870761	0.32657633002678	0.10121916582425	0.64142751853134	4.5466811526583	0.031996151441879	0.00038848303535485	0.32657633002678	0.10139636249094	0.64142751853134	4.5414261594333	0.031996151441879	n140	/public4/group_crf/home/cuirf/deepsea/cellpaper/hyphy/Relax_Macrourus_sp/hyphytmp/84992841/	1
N1.HOG0022761	Success	OG0009777	605	0.01507586194824	-47502.332882018	-47215.882243381	-47212.928453001	0.11397833093458	5.9075807594054	0.040184609599846	0.85773365924249	0.6562482097989	0.13788954315062	13.322343534487	0.0043767976068836	0.69325507991992	0.85773365924249	0.95312471458197	0.13788954315062	1.3433148723584	0.0043767976068836	n0	/public4/group_crf/home/cuirf/deepsea/cellpaper/hyphy/Relax_Macrourus_sp/hyphytmp/63664823/	0.0500973516964726
N1.HOG0022779	Success	OG0009794	120	4.62192284445e-10	-9946.9232712153	-9789.9507245109	-9770.5353556989	0.23703234470503	38.830737623961	1.1324607605239e-05	0.64105025400062	0.1838664055527	0.34759587219109	10.210703748338	0.01135387380829	0.0672424476307	0.64105025400062	0.66936542534111	0.34759587219109	1.7345180865748	0.01135387380829	n0	/public4/group_crf/home/cuirf/deepsea/cellpaper/hyphy/Relax_Macrourus_sp/hyphytmp/88994842/	3.89238404253191e-09
N1.HOG0016470	Success	OG0005105	354	0.73902472020537	-18722.285809469	-18214.439738036	-18214.384245191	1.0978634322622	0.11098569017486	2.4194839980908e-06	0.65904656497349	0.10899511596364	0.32407127283911	9.066440031626	0.016882162187405	6.8248731894176e-07	0.65904656497349	0.087741365029678	0.32407127283911	11.249542067987	0.016882162187405	n0	/public4/group_crf/home/cuirf/deepsea/cellpaper/hyphy/Relax_Macrourus_sp/hyphytmp/31778585/	0.981936944557483
N1.HOG0026417	Success	OG0013305	53	0.13348163075157	-5147.3532975547	-5048.7998270276	-5047.6740577559	4.0758355571437	2.2515385434381	0.00058728006005282	0.33413431628696	0.12905954574893	0.59179516855889	4.4835657119761	0.074070515154153	6.7661964291902e-14	0.33413431628696	0.0002375345583245	0.59179516855889	452.80414224452	0.074070515154153	n0	/public4/group_crf/home/cuirf/deepsea/cellpaper/hyphy/Relax_Macrourus_sp/hyphytmp/66605346/	0.31073366074688
N1.HOG0021177	Success	OG0008360	146	0.73526916293287	-13769.840122075	-13548.682393946	-13548.625229765	0.60626929389277	0.11432836191671	0.00079816360979152	0.49354916028063	0.2072852021555	0.48109704325022	6.538653200282	0.025353796469152	0.013238337773627	0.49354916028063	0.38517345168606	0.48109704325022	3.1218031755745	0.025353796469152	n0	/public4/group_crf/home/cuirf/deepsea/cellpaper/hyphy/Relax_Macrourus_sp/hyphytmp/38848605/	0.979703226812316
N1.HOG0020611	Success	OG0007886	200	0.084546352400212	-20108.132844025	-19807.5672929	-19806.079661094	0.82657352503434	2.9752636126213	0.0011329298533119	0.49310629750374	0.087559920838468	0.43226764441705	2.3327781815316	0.074626058079213	0.0036735182935166	0.49310629750374	0.13357882323417	0.43226764441705	2.0140694868716	0.074626058079213	n0	/public4/group_crf/home/cuirf/deepsea/cellpaper/hyphy/Relax_Macrourus_sp/hyphytmp/84680592/	0.219080895058166
N1.HOG0014682	Success	OG0004099	249	0.83977782328562	-18185.57367373	-17873.105521812	-17873.085083905	0.84006816195392	0.040875813421735	0.00051112062520965	0.57842366133762	0.12629309733387	0.3852883918263	3.5125522047835	0.036287946836082	0.0017176525080536	0.57842366133762	0.1758318819391	0.3852883918263	2.8731634449399	0.036287946836082	n2	/public4/group_crf/home/cuirf/deepsea/cellpaper/hyphy/Relax_Macrourus_sp/hyphytmp/90079382/	1
N1.HOG0014951	Success	OG0004248	166	0.83387212300002	-14854.758198604	-14625.575987277	-14625.553992251	0.7686302414943	0.043990051439323	0.036782475893799	0.75763271364381	0.13591465558199	0.11324254717141	1.623542366527	0.12912473918478	0.078978387760261	0.75763271364381	0.21567621751084	0.11324254717141	1.4513384722249	0.12912473918478	n2	/public4/group_crf/home/cuirf/deepsea/cellpaper/hyphy/Relax_Macrourus_sp/hyphytmp/71571012/	1
N1.HOG0017749	Success	OG0005861	133	0.97003725234817	-7918.8678671246	-7821.8864787724	-7821.8857733368	1.0267728772395	0.0014108712239249	3.1879786574394e-05	0.53400898775321	0.019276795892694	0.39123890297947	1.3794778042969	0.074752109267325	2.4161927407878e-05	0.53400898775321	0.017342843197881	0.39123890297947	1.391410518334	0.074752109267325	n16	/public4/group_crf/home/cuirf/deepsea/cellpaper/hyphy/Relax_Macrourus_sp/hyphytmp/90843891/	1
N1.HOG0017625	Success	OG0005793	346	0.71836182814456	-12246.629646831	-12064.218322577	-12064.153288714	0.89463516442284	0.13006772648077	0	0.15469956095749	0.028926298803439	0.8385777519537	NA	NA	0	0.15469956095749	0.042016366436546	0.8385777519537	NA	NA	n1	/public4/group_crf/home/cuirf/deepsea/cellpaper/hyphy/Relax_Macrourus_sp/hyphytmp/58591595/	0.97493203711678
N1.HOG0023219	Success	OG0010220	155	9.7358425321659e-08	-15939.450130697	-15708.676850568	-15694.463943251	0.32396371074972	28.425814632486	0.00021366394695248	0.46679147966423	0.17286012716978	0.50918961572199	5.869106190716	0.024018904613782	0.064709212600778	0.46679147966423	0.56629247125791	0.50918961572199	1.7741462864001	0.024018904613782	n0	/public4/group_crf/home/cuirf/deepsea/cellpaper/hyphy/Relax_Macrourus_sp/hyphytmp/85793052/	6.70848099004748e-07
N1.HOG0021389	Success	OG0008535	121	0.00021632152410334	-8819.0851960404	-8665.7864992501	-8658.9446386545	0.18345210578806	13.683721191363	6.9130792268407e-11	0.55321011944704	0.045552408065157	0.38961987738848	1.3516489607539	0.057170003164489	0.013679377903286	0.55321011944704	0.56741535015519	0.38961987738848	1.0568351777518	0.057170003164489	n0	/public4/group_crf/home/cuirf/deepsea/cellpaper/hyphy/Relax_Macrourus_sp/hyphytmp/14229138/	0.000962798907796731
N1.HOG0020232	Success	OG0007594	191	0.14824276332244	-15538.458453647	-15269.458907087	-15268.413787	0.5071598546213	2.0902401740605	4.1359098267157e-05	0.61212658748923	0.036594014831454	0.30225576967865	1.1065083337298	0.085617642832127	0.0059827494675717	0.61212658748923	0.18681823072941	0.30225576967865	1.0526695336697	0.085617642832127	n0	/public4/group_crf/home/cuirf/deepsea/cellpaper/hyphy/Relax_Macrourus_sp/hyphytmp/21400912/	0.332916427958107
N1.HOG0011466	Success	OG0002481	354	0.80266245400431	-29248.998721202	-28501.3953091	-28501.364083375	1.1743613960779	0.062451450707158	0.00016068649747243	0.55133962141483	0.052481509143078	0.41500922301037	3.0432441570975	0.033651155574804	3.5030686889106e-05	0.55133962141483	0.031392422380235	0.41500922301037	3.6949798598653	0.033651155574804	n120	/public4/group_crf/home/cuirf/deepsea/cellpaper/hyphy/Relax_Macrourus_sp/hyphytmp/38152290/	1
N1.HOG0004360	Success	OG0000542	189	0.68984587667086	-8613.0546659352	-8420.5893823973	-8420.5097562667	0.55855863410539	0.15925226111722	1.0188861185626e-05	0.33718114890269	0.005130178519376	0.66182672747516	25.449696357062	0.00099212362215298	0.0016283414527462	0.33718114890269	0.052598665370083	0.66182672747516	6.0975610308355	0.00099212362215298	n153	/public4/group_crf/home/cuirf/deepsea/cellpaper/hyphy/Relax_Macrourus_sp/hyphytmp/50688448/	0.962758095954945
N1.HOG0026387	Success	OG0013275	15	0.80754195471863	-1393.3492766105	-1366.8020328684	-1366.7723628055	0.55805964222992	0.059340125688323	0.00021274905915327	0.56629184340569	0.43903750746708	0.43370815659431	15.16376916396	0	0.0089275262021689	0.56629184340569	0.63167630208258	0.43370815659431	4.5599578031583	0	n0	/public4/group_crf/home/cuirf/deepsea/cellpaper/hyphy/Relax_Macrourus_sp/hyphytmp/20812556/	1
N1.HOG0024641	Success	OG0011584	349	0	-26800.207313415	-26232.368988752	-26197.096589441	1.2845395081514e-06	70.544798622235	0	0.32942672177939	0.050113893758099	0.65199205178072	5.7748066027047	0.018581226439897	0	0.32942672177939	0.99999615479362	0.65199205178072	1.0000022524487	0.018581226439897	n0	/public4/group_crf/home/cuirf/deepsea/cellpaper/hyphy/Relax_Macrourus_sp/hyphytmp/95374771/	0
N1.HOG0019122	Success	OG0006783	192	1.8078606171867e-05	-14826.032927111	-14535.101964311	-14525.91111482	6.494718018838e-11	18.381698982103	0	0.31364028987257	0.0062963122760128	0.59529404044805	1	0.091065669679389	0	0.31364028987257	0.99999999967086	0.59529404044805	1	0.091065669679389	n5	/public4/group_crf/home/cuirf/deepsea/cellpaper/hyphy/Relax_Macrourus_sp/hyphytmp/76599141/	9.44043933230015e-05
N1.HOG0021322	Success	OG0008479	139	0.88876853612861	-10904.131331567	-10520.930036815	-10520.920256039	1.0140986908359	0.019561552377127	0.00022425758354794	0.58974641067981	0.041166009460496	0.38692183945474	4.9661946096067	0.02333174986545	0.00019920372273324	0.58974641067981	0.039355513195335	0.38692183945474	5.0796847176882	0.02333174986545	n0	/public4/group_crf/home/cuirf/deepsea/cellpaper/hyphy/Relax_Macrourus_sp/hyphytmp/93114491/	1
N1.HOG0019143	Success	OG0006793	326	0.085437089546789	-7967.7426879744	-7635.6858877224	-7634.2067317008	0.62649473694566	2.9583120431216	0	0.46089934117171	0.018056063209973	0.52975402883373	708.72638814247	0.0093466299945587	0	0.46089934117171	0.080869270711175	0.52975402883373	61.067458043968	0.0093466299945587	n26	/public4/group_crf/home/cuirf/deepsea/cellpaper/hyphy/Relax_Macrourus_sp/hyphytmp/75942183/	0.220854303628193
N1.HOG0013144	Success	OG0003292	211	9.0756456927465e-07	-17021.238663589	-16560.716273393	-16548.658835123	1.2582145793818e-10	24.114876540363	0	0.56684145151589	0.033233251065584	0.41351189172907	2.4321208769342	0.019646656755046	0	0.56684145151589	0.99999999957168	0.41351189172907	1.0000000001118	0.019646656755046	n113	/public4/group_crf/home/cuirf/deepsea/cellpaper/hyphy/Relax_Macrourus_sp/hyphytmp/39124300/	5.66980338186854e-06
N1.HOG0014929	Success	OG0004238	120	0.78637780911728	-9505.6067607724	-9382.1945024089	-9382.1577772496	1.0325526105946	0.073450318730465	0.00012389352296735	0.31479798954081	0.017539038057203	0.60589929923093	1	0.079302711228258	9.2441532159622e-05	0.31479798954081	0.015376007214173	0.60589929923093	1	0.079302711228258	n79	/public4/group_crf/home/cuirf/deepsea/cellpaper/hyphy/Relax_Macrourus_sp/hyphytmp/70133177/	1
N1.HOG0004544	Success	OG0000573	246	7.1468176774392e-06	-19454.403130362	-18912.730204683	-18902.653438957	0.80176021389015	20.153531452612	6.2033574833282e-06	0.54257511407925	0.07665580052402	0.44297105285584	8.2140839573508	0.01445383306491	6.6824444417783e-05	0.54257511407925	0.1275476846539	0.44297105285584	5.4107457840037	0.01445383306491	n240	/public4/group_crf/home/cuirf/deepsea/cellpaper/hyphy/Relax_Macrourus_sp/hyphytmp/82434732/	3.92275807343148e-05
N1.HOG0025558	Success	OG0012479	132	0.7427316199241	-14451.202787818	-14151.140583822	-14151.086713687	0.7864543832167	0.10774026995932	0.00012153197819771	0.38443148042824	0.064282774054841	0.50279807053284	1.5478490272138	0.11277044903892	0.00083327381527309	0.38443148042824	0.11551031858405	0.50279807053284	1.4099797907801	0.11277044903892	n0	/public4/group_crf/home/cuirf/deepsea/cellpaper/hyphy/Relax_Macrourus_sp/hyphytmp/99266413/	0.983060803566721
N1.HOG0022441	Success	OG0009479	577	0.80820590985332	-34942.94068962	-34746.234383881	-34746.204922242	0.86302169540849	0.058923276999849	0.038667911212621	0.98203737432744	0.038863791078252	0.007005447017967	3.2539217909976	0.010957178654597	0.060374426316315	0.98203737432744	0.060638280145574	0.007005447017967	2.7683337860706	0.010957178654597	n0	/public4/group_crf/home/cuirf/deepsea/cellpaper/hyphy/Relax_Macrourus_sp/hyphytmp/23327536/	1
N1.HOG0014968	Success	OG0004256	157	0.86812156254176	-13907.240261813	-13561.297356143	-13561.283570678	1.4850737347969	0.027570931168157	1.3056974491695e-05	0.38091888272839	0.1376048651968	0.58152177461251	3.1776379051625	0.037559342659101	5.5804094156118e-08	0.38091888272839	0.052578436107885	0.58152177461251	5.567523612373	0.037559342659101	n86	/public4/group_crf/home/cuirf/deepsea/cellpaper/hyphy/Relax_Macrourus_sp/hyphytmp/30681147/	1
N1.HOG0011688	Success	OG0002586	88	0.052291587683503	-8236.8552846092	-8120.6951507562	-8118.8119431197	0.24532171908858	3.7664152731759	0.00087807705669202	0.47627686399916	0.030405692853677	0.30820536939504	1.0536015466722	0.2155177666058	0.17790254884711	0.47627686399916	0.42445913935242	0.30820536939504	1.012891702155	0.2155177666058	n1	/public4/group_crf/home/cuirf/deepsea/cellpaper/hyphy/Relax_Macrourus_sp/hyphytmp/29019021/	0.147273684656161
N1.HOG0027221	Success	OG0014048	75	0.43012046521986	-5056.7133601347	-5015.8140347585	-5015.502785677	0.20995427925886	0.62249816296207	9.4141715694194e-05	0.56540365307303	0.062109590186893	0.33772800652075	1.0061646565142	0.096868340406218	0.14278359898494	0.56540365307303	0.55797982591703	0.33772800652075	1.0012911557151	0.096868340406218	n0	/public4/group_crf/home/cuirf/deepsea/cellpaper/hyphy/Relax_Macrourus_sp/hyphytmp/66316761/	0.712519024712607
N1.HOG0014259	Success	OG0003869	175	2.1906438749664e-05	-8643.235850177	-8313.7079465162	-8304.699982614	6.463072682821e-07	18.01592780435	0	0.44158647765128	0.044111835122242	0.54972220737319	831.50859934673	0.0086913149755216	0	0.44158647765128	0.99999798285949	0.54972220737319	1.0000043452894	0.0086913149755216	n111	/public4/group_crf/home/cuirf/deepsea/cellpaper/hyphy/Relax_Macrourus_sp/hyphytmp/46566245/	0.000112009707654532
N1.HOG0019423	Success	OG0007008	109	0.00069863843897833	-8757.6211687542	-8658.2511369033	-8652.5047041535	0.27892630838718	11.492865499677	3.8410456344955e-05	0.70262318038921	0.46481680727433	0.29706114280098	659.97842916261	0.00031567680980919	0.058666042202034	0.70262318038921	0.80759969682412	0.29706114280098	6.1156274610649	0.00031567680980919	n0	/public4/group_crf/home/cuirf/deepsea/cellpaper/hyphy/Relax_Macrourus_sp/hyphytmp/48999957/	0.00294181577981562
N1.HOG0002244	Success	OG0000251	169	0.39843116453721	-10608.195175663	-10497.324497652	-10496.967969663	2.5363030693282	0.71305597721221	9.0532105608828e-06	0.79131442711376	0.24918808174957	0.20546663931936	17.86041631193	0.0032189335668748	1.617793213876e-13	0.79131442711376	0.029472043857301	0.20546663931936	1496.8436905167	0.0032189335668748	n221	/public4/group_crf/home/cuirf/deepsea/cellpaper/hyphy/Relax_Macrourus_sp/hyphytmp/76870466/	0.68177763015431
N1.HOG0024511	Success	OG0011455	93	3.3624261409293e-05	-6279.3414691713	-6124.5884322866	-6115.9878851439	1.3691496938005e-06	17.201094285312	0	0.40417606484685	0.01233142181891	0.59022590850728	32.325041013881	0.0055980266458728	0	0.40417606484685	0.99999398177734	0.59022590850728	1.0000047589596	0.0055980266458728	n0	/public4/group_crf/home/cuirf/deepsea/cellpaper/hyphy/Relax_Macrourus_sp/hyphytmp/62391029/	0.000165995635348176
N1.HOG0025926	Success	OG0012834	400	0	-25898.882570517	-25256.074933596	-25183.839090142	16.387749031672	144.47168690967	0	0.51603234984682	0.0091509553829291	0.40840330119225	1.9126686088272	0.075564348960929	0	0.51603234984682	3.9176315748848e-34	0.40840330119225	41251.639669828	0.075564348960929	n0	/public4/group_crf/home/cuirf/deepsea/cellpaper/hyphy/Relax_Macrourus_sp/hyphytmp/88590949/	0
N1.HOG0015216	Success	OG0004377	115	0.69481484433711	-8093.4557255328	-8024.8757480702	-8024.7987868917	0.62527192386011	0.1539223570544	0.0026743505179063	0.64096159976629	0.16807749928888	0.35852093605057	9999999171.5964	0.00051746418313772	0.024621349577486	0.64096159976629	0.32789355755505	0.35852093605057	1789448.5499196	0.00051746418313772	n2	/public4/group_crf/home/cuirf/deepsea/cellpaper/hyphy/Relax_Macrourus_sp/hyphytmp/19366691/	0.96577014771129
N1.HOG0018115	Success	OG0006102	238	1	-20113.523807344	-19843.196696791	-19843.196696791	1	0	0.00013393675589854	0.22865018548799	0.18124171528361	0.71576487871069	4.5689128210028	0.055584935801314	0.00013393675589854	0.22865018548799	0.18124171528361	0.71576487871069	4.5689128210028	0.055584935801314	n0	/public4/group_crf/home/cuirf/deepsea/cellpaper/hyphy/Relax_Macrourus_sp/hyphytmp/76863661/	1
N1.HOG0027181	Success	OG0014011	51	1	-4397.7041348076	-4336.0526191205	-4336.0526219199	1.167723461153	-5.5987875384744e-06	0.047048588214465	0.773424179264	0.089344932140976	0.034833813884507	1.7083372968267	0.1917420068515	0.028177438896404	0.773424179264	0.059585383702325	0.034833813884507	1.8688811152331	0.1917420068515	n0	/public4/group_crf/home/cuirf/deepsea/cellpaper/hyphy/Relax_Macrourus_sp/hyphytmp/71575556/	1
N1.HOG0022051	Success	OG0009129	162	1	-6410.4792204172	-6273.4190601735	-6273.4190601735	1	0	2.9250590103695e-06	0.73646595308599	0.081724619342114	0.26184985888629	9999999171.5964	0.0016841880277104	2.9250590103695e-06	0.73646595308599	0.081724619342114	0.26184985888629	9999999171.5964	0.0016841880277104	n0	/public4/group_crf/home/cuirf/deepsea/cellpaper/hyphy/Relax_Macrourus_sp/hyphytmp/91749719/	1
N1.HOG0018004	Success	OG0006028	265	4.8871032256148e-05	-25064.190483244	-24825.114774953	-24816.869070827	0.25079064898199	16.491408252572	0.00038797898206284	0.50960506905278	0.2897372726756	0.48352232277934	9999999171.5964	0.0068726081678761	0.1394777697817	0.50960506905278	0.73295232404069	0.48352232277934	322.03752541391	0.0068726081678761	n0	/public4/group_crf/home/cuirf/deepsea/cellpaper/hyphy/Relax_Macrourus_sp/hyphytmp/18713416/	0.000236508263143837
N1.HOG0011450	Success	OG0002476	173	0.81247006361593	-11515.972599295	-11311.802783468	-11311.774641893	0.60060321095725	0.056283149606315	0.0041300875490344	0.93266800970255	1	0.066205822456736	9999999171.5964	0.0011261678407124	0.036994526682979	0.93266800970255	1	0.066205822456736	1013986.3016194	0.0011261678407124	n120	/public4/group_crf/home/cuirf/deepsea/cellpaper/hyphy/Relax_Macrourus_sp/hyphytmp/37172092/	1
N1.HOG0027040	Success	OG0013879	86	0.32515173476983	-7898.4909556284	-7797.2179474763	-7796.7338919612	0	0.9681110302663	3.3611169701042e-05	0.59253384677804	0.68078999116021	0.40262565372358	26.229504491761	0.0048404994983803	1	0.59253384677804	1	0.40262565372358	1	0.0048404994983803	n0	/public4/group_crf/home/cuirf/deepsea/cellpaper/hyphy/Relax_Macrourus_sp/hyphytmp/10355462/	0.586775924721185
N1.HOG0008531	Success	OG0001464	88	0.0017113217625587	-4571.5968888682	-4541.7938394031	-4536.8758552753	0	9.8359682555401	1.4026332319888e-05	0.12231877552571	0.06340100002677	0.86352723261783	10.304104158131	0.014153991856461	1	0.86352723261783	1	0.12231877552571	1	0.014153991856461	n206	/public4/group_crf/home/cuirf/deepsea/cellpaper/hyphy/Relax_Macrourus_sp/hyphytmp/26988422/	0.00688536484326896
N1.HOG0024407	Success	OG0011352	151	9.7260884901473e-09	-10747.105446574	-10637.255329179	-10620.807706825	0	32.895244706924	0.01193299423941	0.88797932135154	1	0.11202067864846	1582.3633325844	0	1	0.88797932135154	1	0.11202067864846	1	0	n0	/public4/group_crf/home/cuirf/deepsea/cellpaper/hyphy/Relax_Macrourus_sp/hyphytmp/52269566/	7.29668996771749e-08
N1.HOG0021585	Success	OG0008709	331	0.7134982511022	-21300.491696594	-21126.001445605	-21125.934041672	1.026525037143	0.13480786665605	0.00054191875537395	0.32036114720135	0.032445733009928	0.65645139781471	1.7651661054997	0.023187454983935	0.00044391688538936	0.32036114720135	0.029625520538882	0.65645139781471	1.7919734723394	0.023187454983935	n0	/public4/group_crf/home/cuirf/deepsea/cellpaper/hyphy/Relax_Macrourus_sp/hyphytmp/87854788/	0.97493203711678
N1.HOG0026428	Success	OG0013315	75	0.18594160477712	-4869.6998975714	-4801.8426936835	-4800.967951647	0.022033114987977	1.7494840730724	8.2669305627192e-09	0.83532431590485	0.96452630270754	0.16467568409515	1582.3633325844	0	0.66361152115107	0.83532431590485	0.99920452063253	0.16467568409515	1.1762257468904	0	n0	/public4/group_crf/home/cuirf/deepsea/cellpaper/hyphy/Relax_Macrourus_sp/hyphytmp/71606936/	0.399809357956311
N1.HOG0022798	Success	OG0009813	80	3.7032872883813e-06	-6487.3661230844	-6358.8245248869	-6348.1182229136	8.7785412582652	21.41260394649	0.00020626990877716	0.59034652130522	0.047790063492222	0.34659084378944	1.8270218731156	0.063062634905343	4.4271402659174e-33	0.59034652130522	2.5498269045993e-12	0.34659084378944	198.485268909	0.063062634905343	n0	/public4/group_crf/home/cuirf/deepsea/cellpaper/hyphy/Relax_Macrourus_sp/hyphytmp/52023150/	2.09975167044194e-05
N1.HOG0022559	Success	OG0009590	207	2.6685347376265e-08	-16258.159255378	-15835.774265051	-15820.306900241	1.5928940881485e-06	30.934729620545	0	0.46107782398911	0.078764193155525	0.53409560895037	3999.9983996005	0.0048265670605283	0	0.46107782398911	0.99999595199156	0.53409560895037	1.0000132116293	0.0048265670605283	n0	/public4/group_crf/home/cuirf/deepsea/cellpaper/hyphy/Relax_Macrourus_sp/hyphytmp/45796839/	1.93440619377313e-07
N1.HOG0015706	Success	OG0004671	95	0.097747355219682	-8919.5841407689	-8803.6098873475	-8802.2389281364	0.12321786039219	2.741918422118	2.1969044915625e-08	0.82480389410728	1	0.17446150032517	306.91359163742	0.0007346055675509	0.11386083351362	0.82480389410728	1	0.17446150032517	2.0250922203026	0.0007346055675509	n82	/public4/group_crf/home/cuirf/deepsea/cellpaper/hyphy/Relax_Macrourus_sp/hyphytmp/35744816/	0.245182504164151
N1.HOG0012538	Success	OG0002977	258	0.74261106328075	-19975.912391058	-19380.281795335	-19380.227872845	1.0080381768218	0.10784497858549	4.5046376922502e-05	0.53221184579952	0.072792810968213	0.4304937810937	3.5915018101635	0.03729437310678	4.156456272494e-05	0.53221184579952	0.071275743538534	0.4304937810937	3.6286033489104	0.03729437310678	n2	/public4/group_crf/home/cuirf/deepsea/cellpaper/hyphy/Relax_Macrourus_sp/hyphytmp/68880242/	0.983060803566721
N1.HOG0026065	Success	OG0012973	123	0.7439097279967	-10747.192863798	-10667.490968819	-10667.437608821	1.1693704035095	0.10671999578335	9.0536531898045e-05	0.098820046618004	0.070391649239457	0.85684291626049	2.2260358876845	0.044337037121507	1.8708091230856e-05	0.098820046618004	0.044908167225078	0.85684291626049	2.5491408001791	0.044337037121507	n0	/public4/group_crf/home/cuirf/deepsea/cellpaper/hyphy/Relax_Macrourus_sp/hyphytmp/13861005/	0.983228544477932
N1.HOG0012120	Success	OG0002775	197	0.23365367274384	-18791.729660958	-18433.742539544	-18433.03329931	0	1.418480467255	0.00018785088894225	0.60425386147831	0.041965162919607	0.33344610276818	1.1674313545568	0.06230003575351	1	0.60425386147831	1	0.33344610276818	1	0.06230003575351	n112	/public4/group_crf/home/cuirf/deepsea/cellpaper/hyphy/Relax_Macrourus_sp/hyphytmp/98854653/	0.471146725086757
N1.HOG0025456	Success	OG0012379	127	0.20719201310297	-10334.041461381	-10142.454066186	-10141.658596633	0	1.5909391062887	3.2223996036389e-05	0.23436775389697	0.021028977593632	0.66538402977294	1.0597874676091	0.10024821633009	1	0.23436775389697	1	0.66538402977294	1	0.10024821633009	n0	/public4/group_crf/home/cuirf/deepsea/cellpaper/hyphy/Relax_Macrourus_sp/hyphytmp/98581909/	0.435700359710693
N1.HOG0015262	Success	OG0004404	194	0.1145243727565	-4772.9001437081	-4648.216857844	-4646.9715325376	0.080956330275771	2.49065061275	0	0.74852080724506	0.048479062238106	0.24028689527501	12.769145544246	0.011192297479938	0	0.74852080724506	0.78268550784893	0.24028689527501	1.2289969441303	0.011192297479938	n0	/public4/group_crf/home/cuirf/deepsea/cellpaper/hyphy/Relax_Macrourus_sp/hyphytmp/64382500/	0.275178842511422
N1.HOG0027192	Success	OG0014021	90	0.75232890913301	-6471.3391500204	-6377.2359866976	-6377.1861944841	0.34002121996092	0.099584426838192	2.3596312067794e-05	0.52419114668271	0.2796478675417	0.45055187361548	8.2907300768654	0.02525697970181	0.02670968809542	0.52419114668271	0.64838979546259	0.45055187361548	2.0527735176091	0.02525697970181	n0	/public4/group_crf/home/cuirf/deepsea/cellpaper/hyphy/Relax_Macrourus_sp/hyphytmp/83014733/	0.989663909563944
N1.HOG0025107	Success	OG0012034	266	0.0012611668045899	-23278.374907993	-23015.227601277	-23010.028343658	3.2232690517613	10.39851523906	0.00084424912358094	0.34779231033645	0.12093663020868	0.61851448142649	3.5123705291769	0.033693208237064	1.2393325745462e-10	0.34779231033645	0.0011036647039599	0.61851448142649	57.360990313683	0.033693208237064	n0	/public4/group_crf/home/cuirf/deepsea/cellpaper/hyphy/Relax_Macrourus_sp/hyphytmp/90076102/	0.00513432362626883
N1.HOG0003602	Success	OG0000441	357	0.90002212791391	-40305.743712471	-39972.782546468	-39972.774654593	0.94563696536687	0.015783749651746	0.047513522558299	0.72094533136368	1	0.27491147733007	25.062100149058	0.0041431913062524	0.05607244067615	0.72094533136368	1	0.27491147733007	21.035974051088	0.0041431913062524	n353	/public4/group_crf/home/cuirf/deepsea/cellpaper/hyphy/Relax_Macrourus_sp/hyphytmp/58422335/	1
N1.HOG0026905	Success	OG0013761	71	9.7620503347606e-08	-6512.3806197728	-6393.9906504626	-6379.7803453973	10.981649991141	28.420610130601	3.9748293553471e-16	0.55185000740432	1.2142123974486e-15	0.20026544249655	1.5133063862369	0.24788455009913	7.500772895523e-170	0.55185000740432	1.5883441805686e-164	0.20026544249655	94.600591855101	0.24788455009913	n0	/public4/group_crf/home/cuirf/deepsea/cellpaper/hyphy/Relax_Macrourus_sp/hyphytmp/54912297/	6.70848099004748e-07
N1.HOG0010831	Success	OG0002230	297	0	-26426.503968437	-25825.192306425	-25785.532182394	14.105957766442	79.320248062402	0.00011419919542664	0.53259804728171	0.016189440001544	0.32504518607048	1.5416550880916	0.14235676664781	2.4522311219906e-56	0.53259804728171	5.4890827340224e-26	0.32504518607048	448.47660676797	0.14235676664781	n118	/public4/group_crf/home/cuirf/deepsea/cellpaper/hyphy/Relax_Macrourus_sp/hyphytmp/82761508/	0
N1.HOG0026126	Success	OG0013033	98	0.042433923617457	-8437.2615121998	-8363.8736123079	-8361.814706262	3.5963833937409	4.1178120917648	4.0511855027833e-05	0.46970479752246	0.11470987608551	0.50237038938553	2.0421467739629	0.027924813092006	1.5965455495956e-16	0.46970479752246	0.00041491962033013	0.50237038938553	13.037417316447	0.027924813092006	n0	/public4/group_crf/home/cuirf/deepsea/cellpaper/hyphy/Relax_Macrourus_sp/hyphytmp/21751219/	0.122317920763072
N1.HOG0027265	Success	OG0014086	51	0.17395196380259	-3626.4639901534	-3573.1449989213	-3572.2207231981	0.51073205104214	1.8485514465028	0.002143498947349	0.56733319013661	0.96249470829015	0.43020470758805	25.341551537061	0.002462102275337	0.043343014788752	0.56733319013661	0.98066574495856	0.43020470758805	5.2117384198034	0.002462102275337	n0	/public4/group_crf/home/cuirf/deepsea/cellpaper/hyphy/Relax_Macrourus_sp/hyphytmp/95430779/	0.382160452446099
N1.HOG0021012	Success	OG0008222	272	0.07846689584177	-15832.96474565	-15581.001318806	-15579.453131919	2.4555520614429	3.0963737743114	0.005493123491459	0.90414259147034	0.12705149272033	0.081557162128533	3.6936167703676	0.014300246401123	2.8184398873482e-06	0.90414259147034	0.0063063153180174	0.081557162128533	24.740445705023	0.014300246401123	n0	/public4/group_crf/home/cuirf/deepsea/cellpaper/hyphy/Relax_Macrourus_sp/hyphytmp/96221743/	0.204872533520001
N1.HOG0006329	Success	OG0000931	202	0.9033893310938	-22675.062787241	-22123.441067204	-22123.43370054	0.99203473166055	0.014733327028807	0.00017100430078362	0.43526371754097	0.22740085494097	0.51913013039327	9.4040847053771	0.045606152065753	0.0001832365654771	0.43526371754097	0.23009936317523	0.51913013039327	9.2376989528926	0.045606152065753	n232	/public4/group_crf/home/cuirf/deepsea/cellpaper/hyphy/Relax_Macrourus_sp/hyphytmp/76371258/	1
N1.HOG0024420	Success	OG0011365	194	0	-16969.067098256	-16798.376417847	-16716.274624242	50	164.20358721013	0	0.10503426211922	0.00094263852707959	0.75045404512228	1.1164370724896	0.1445116927585	0	0.10503426211922	5.2150599270257e-152	0.75045404512228	246.44071689807	0.1445116927585	n0	/public4/group_crf/home/cuirf/deepsea/cellpaper/hyphy/Relax_Macrourus_sp/hyphytmp/16258696/	0
N1.HOG0026032	Success	OG0012940	143	6.9660492041379e-08	-10543.640861005	-10417.278061598	-10402.740989398	9.3721731129928e-07	29.074144399474	0	0.34648690272802	0.010010216859261	0.55147616207355	1	0.10203693519842	0	0.34648690272802	0.99999568492114	0.55147616207355	1	0.10203693519842	n0	/public4/group_crf/home/cuirf/deepsea/cellpaper/hyphy/Relax_Macrourus_sp/hyphytmp/14683995/	4.88476429906486e-07
N1.HOG0012388	Success	OG0002904	382	0.77214244288926	-32178.211664635	-31794.300076521	-31794.258150078	0.87398728626988	0.083852887466492	0.0045994449482407	0.62192841063967	0.27248564635832	0.36249033276701	7.3806328167587	0.015581256593317	0.0090622128232672	0.62192841063967	0.32099444114232	0.36249033276701	5.7372367232311	0.015581256593317	n140	/public4/group_crf/home/cuirf/deepsea/cellpaper/hyphy/Relax_Macrourus_sp/hyphytmp/62207787/	0.999280689984221
N1.HOG0025189	Success	OG0012114	165	9.2477052171525e-07	-17049.734321776	-16686.74469297	-16674.705337436	7.7970827851082e-07	24.078711068505	0	0.54521457670802	0.40785657003771	0.44533197550912	9999999171.5964	0.0094534477828577	0	0.54521457670802	0.9999993007269	0.44533197550912	1.0000179536077	0.0094534477828577	n0	/public4/group_crf/home/cuirf/deepsea/cellpaper/hyphy/Relax_Macrourus_sp/hyphytmp/58867260/	5.73558034767798e-06
N1.HOG0018108	Success	OG0006097	277	0.22611003068285	-20594.899490715	-20203.57157699	-20202.838994271	0.1919201767083	1.4651654371919	0	0.82080613759753	0.76071321329698	0.17403350183193	27.511366543737	0.0051603605705363	0	0.82080613759753	0.94886385985435	0.17403350183193	1.8891716893791	0.0051603605705363	n0	/public4/group_crf/home/cuirf/deepsea/cellpaper/hyphy/Relax_Macrourus_sp/hyphytmp/95620576/	0.459712464749274
N1.HOG0017149	Success	OG0005500	111	0.95558584666243	-2946.6927790868	-2893.8565730231	-2893.855022131	1.2625553408764	0.0031017842666188	0	0.57443317072521	0.0022668127331444	0.40446320410676	1.3941734387651	0.021103625168034	0	0.57443317072521	0.00045821140669681	0.40446320410676	1.5212757844879	0.021103625168034	n30	/public4/group_crf/home/cuirf/deepsea/cellpaper/hyphy/Relax_Macrourus_sp/hyphytmp/95457807/	1
N1.HOG0016769	Success	OG0005275	1520	0	-80092.87132983	-78257.980910445	-77983.257418831	2.5446906670383e-08	549.44698322876	0	0.58004814364573	0.24244426447728	0.39879310784815	15.024855004127	0.021158748506113	0	0.58004814364573	0.99999996394216	0.39879310784815	1.0000000689536	0.021158748506113	n0	/public4/group_crf/home/cuirf/deepsea/cellpaper/hyphy/Relax_Macrourus_sp/hyphytmp/39012260/	0
N1.HOG0015830	Success	OG0004738	152	0.71944248430463	-13522.859540426	-13266.701139021	-13266.636625264	0.62961430107101	0.12902751380898	4.2602921334768e-05	0.60337230022578	0.27935680429838	0.3904501071852	9999999171.5964	0.0061775925890206	0.001771056964412	0.60337230022578	0.44801643484668	0.3904501071852	1977620.6490536	0.0061775925890206	n9	/public4/group_crf/home/cuirf/deepsea/cellpaper/hyphy/Relax_Macrourus_sp/hyphytmp/48751236/	0.97493203711678
N1.HOG0012364	Success	OG0002894	52	0.0039235662852772	-4377.5589809622	-4374.2857613047	-4370.126334229	0	8.3188541513082	0	0.56383148250235	0.31302580884336	0.43616851749765	1.0020478149045	0	1	0.56383148250235	1	0.43616851749765	1	0	n1	/public4/group_crf/home/cuirf/deepsea/cellpaper/hyphy/Relax_Macrourus_sp/hyphytmp/99229291/	0.0146855923270288
N1.HOG0026791	Success	OG0013653	28	0.087330583582377	-2696.1646953459	-2692.4459083215	-2690.9844564802	5.5208305717	2.9229036825091	2.3004708540499e-05	0.19526595494574	0.0045569838726086	0.61003030884091	2.823675990779	0.19470373621334	2.4738652216172e-26	0.19526595494574	1.1856462100113e-13	0.61003030884091	308.2282690823	0.19470373621334	n0	/public4/group_crf/home/cuirf/deepsea/cellpaper/hyphy/Relax_Macrourus_sp/hyphytmp/25694869/	0.223931257603767
N1.HOG0017044	Success	OG0005430	237	0.013949315216591	-11837.33212136	-11577.641131184	-11574.618857911	0.18906091957558	6.044546545203	0	0.39424057623356	0.065355819566894	0.60141503136321	9999999171.5964	0.0043443924032284	0	0.39424057623356	0.59705804383142	0.60141503136321	77.733672978569	0.0043443924032284	n81	/public4/group_crf/home/cuirf/deepsea/cellpaper/hyphy/Relax_Macrourus_sp/hyphytmp/10131090/	0.0467152505694022
N1.HOG0026635	Success	OG0013513	86	0.99040531827234	-7755.1132984393	-7557.2186961579	-7557.2186238523	0.92505526333645	0.00014461120917986	0	0.65890042832752	1	0.33999121899589	168241.88823901	0.0011083526765937	0	0.65890042832752	1	0.33999121899589	68277.541746832	0.0011083526765937	n0	/public4/group_crf/home/cuirf/deepsea/cellpaper/hyphy/Relax_Macrourus_sp/hyphytmp/98078734/	1
N1.HOG0025130	Success	OG0012057	142	0.24634479457323	-12664.904430638	-12517.407619323	-12516.735662011	0.33791874456887	1.3439146236997	0.024123030946825	0.8697895396699	1	5.4550923680291e-05	1.3290068293292	0.13015590940642	0.28404909478932	0.8697895396699	1	5.4550923680291e-05	1.1008855229212	0.13015590940642	n0	/public4/group_crf/home/cuirf/deepsea/cellpaper/hyphy/Relax_Macrourus_sp/hyphytmp/22449966/	0.48719326921274
N1.HOG0023419	Success	OG0010404	150	0.15920914906034	-12720.967148394	-12593.495138313	-12592.504277474	0.23537333587133	1.9817216783085	0.011019997226932	0.82054030295272	0.95171977897375	0.17790318567403	57.598430009594	0.0015565113732544	0.3460841621644	0.82054030295272	0.98842020379746	0.17790318567403	2.5962931421807	0.0015565113732544	n0	/public4/group_crf/home/cuirf/deepsea/cellpaper/hyphy/Relax_Macrourus_sp/hyphytmp/25279414/	0.352022288398538
N1.HOG0026555	Success	OG0013438	50	0.32670555722144	-4675.4100578189	-4596.9347858491	-4596.4538297232	0.14976449205192	0.9619122516815	0.00054385682257274	0.57456781492521	0.11892470136772	0.26240537656947	1.4716856645435	0.16302680850532	0.32440796338194	0.57456781492521	0.72695677972121	0.26240537656947	1.0595775234534	0.16302680850532	n0	/public4/group_crf/home/cuirf/deepsea/cellpaper/hyphy/Relax_Macrourus_sp/hyphytmp/97506943/	0.587727902938674
N1.HOG0024566	Success	OG0011509	219	0.45036294602471	-14938.422889926	-14465.740867155	-14465.455998028	0.52234223405145	0.5697382540784	0.00018783867597083	0.64655834782101	0.14809245748247	0.34541275862855	54.460143580849	0.0080288935504352	0.011314634826995	0.64655834782101	0.36875194762644	0.34541275862855	8.0691403514101	0.0080288935504352	n0	/public4/group_crf/home/cuirf/deepsea/cellpaper/hyphy/Relax_Macrourus_sp/hyphytmp/53354874/	0.732692747415201
N1.HOG0005433	Success	OG0000770	189	1	-11622.040107349	-11278.568717973	-11278.582343531	1.1667570210645	-0.027251116651314	6.3648624835561e-05	0.46244605843003	0.0080908693308166	0.50232306488406	1.5807828965968	0.035230876685905	1.2706951811435e-05	0.46244605843003	0.0036235870313117	0.50232306488406	1.7062221230543	0.035230876685905	n62	/public4/group_crf/home/cuirf/deepsea/cellpaper/hyphy/Relax_Macrourus_sp/hyphytmp/78906174/	1
N1.HOG0000692	Success	OG0000052	256	0.72407408534202	-8295.0168588487	-8019.0591970754	-8018.9968858159	1.2981338750627	0.12462251904799	2.7223945211932e-05	0.76159362091033	0.54016872464791	0.23665011451449	786.30147335764	0.0017562645751801	1.1856467968811e-06	0.76159362091033	0.4495597275395	0.23665011451449	5739.3443879753	0.0017562645751801	n860	/public4/group_crf/home/cuirf/deepsea/cellpaper/hyphy/Relax_Macrourus_sp/hyphytmp/37144221/	0.976772956427489
N1.HOG0022688	Success	OG0009710	332	0.68044236352479	-16935.999984587	-16595.71815193	-16595.633337782	1.4476888911858	0.1696282968187	0	0.32244423227482	0.17728743641182	0.66531278010785	13.36259929676	0.012242987617339	0	0.32244423227482	0.081718319913642	0.66531278010785	42.652040646759	0.012242987617339	n4	/public4/group_crf/home/cuirf/deepsea/cellpaper/hyphy/Relax_Macrourus_sp/hyphytmp/23905804/	0.959770098961896
N1.HOG0018479	Success	OG0006343	154	0.89072076058384	-12684.362365296	-12398.919273879	-12398.909835565	0.90508061045099	0.01887662896479	4.3897492931351e-05	0.4662523700202	0.072388650315398	0.46447662308318	2.2882029682789	0.069271006896617	0.00011377757665452	0.4662523700202	0.092877359789705	0.46447662308318	2.1152979178807	0.069271006896617	n0	/public4/group_crf/home/cuirf/deepsea/cellpaper/hyphy/Relax_Macrourus_sp/hyphytmp/56543447/	1
N1.HOG0009020	Success	OG0001614	37	1.6811822729501e-06	-3571.0649390042	-3479.8294721348	-3468.3650958705	48.799906879154	22.92875252844	0	0.26123267118449	0.026160135577936	0.57111156747201	1.9693642546598	0.1676557613435	0	0.26123267118449	6.0391926548417e-78	0.57111156747201	230719273930320	0.1676557613435	n2	/public4/group_crf/home/cuirf/deepsea/cellpaper/hyphy/Relax_Macrourus_sp/hyphytmp/40187888/	9.95955567216646e-06
N1.HOG0005216	Success	OG0000716	360	0.012130041109515	-15778.698154016	-15636.093479607	-15632.947598648	0.34003327972721	6.2917619179061	0.027011636751466	0.92762867697822	0.40577044789222	0.068765961836063	17.690925555926	0.0036053611857129	0.29287014936351	0.92762867697822	0.73587204450037	0.068765961836063	2.6562974997375	0.0036053611857129	n4	/public4/group_crf/home/cuirf/deepsea/cellpaper/hyphy/Relax_Macrourus_sp/hyphytmp/96080537/	0.0414302398134131
N1.HOG0020654	Success	OG0007924	381	0.24637719359098	-26024.155889446	-25335.007283431	-25334.335418285	0.96392222544477	1.3437302919847	8.83832669407e-05	0.43872516989493	0.10459336173719	0.5207249407714	4.5465820204846	0.040549889333671	0.00012377017299085	0.43872516989493	0.11346926223395	0.5207249407714	4.3048420168421	0.040549889333671	n0	/public4/group_crf/home/cuirf/deepsea/cellpaper/hyphy/Relax_Macrourus_sp/hyphytmp/45684739/	0.48719326921274
N1.HOG0008515	Success	OG0001459	160	0.47700609510148	-7958.0703418394	-7704.5611056718	-7704.3082555038	2.6420691479132	0.50570033603253	0.00016805881750681	0.54664881198767	0.015816285213866	0.40390509119017	4.4510716320246	0.049446096822151	1.0651426189607e-10	0.54664881198767	1.7454585063184e-05	0.40390509119017	51.675926238935	0.049446096822151	n244	/public4/group_crf/home/cuirf/deepsea/cellpaper/hyphy/Relax_Macrourus_sp/hyphytmp/51033712/	0.764455663604797
N1.HOG0027352	Success	OG0014172	97	0.51025124564329	-8012.7315543713	-7861.6902083817	-7861.4734324661	0.57363876047934	0.43355183114181	0.0010706953232264	0.45768919881668	0.061973123185018	0.28533895568079	NA	NA	0.019774305158289	0.45768919881668	1.2524408987933	0.25697184550253	NA	NA	n0	/public4/group_crf/home/cuirf/deepsea/cellpaper/hyphy/Relax_Macrourus_sp/hyphytmp/84508185/	0.804969366405117
N1.HOG0020200	Success	OG0007573	399	0.21719335464617	-35574.070558696	-34878.158726792	-34877.397317166	2.4030196558344	1.5228192508948	0.00012505865294405	0.3900209439706	0.049667150127346	0.56732944098954	2.3300644639297	0.042649615039862	4.181071728293e-10	0.3900209439706	0.00073557804222663	0.56732944098954	7.6347069575587	0.042649615039862	n0	/public4/group_crf/home/cuirf/deepsea/cellpaper/hyphy/Relax_Macrourus_sp/hyphytmp/37093661/	0.449105030380101
N1.HOG0015766	Success	OG0004708	135	0.53637999793526	-4037.2750682816	-4013.1341598618	-4012.9430146646	0.6537797458361	0.38229039440375	0	0.12101211642851	0.074240881394211	0.87663344264764	25.179868609738	0.0023544409238481	0	0.12101211642851	0.18266247822495	0.87663344264764	8.2410087397817	0.0023544409238481	n0	/public4/group_crf/home/cuirf/deepsea/cellpaper/hyphy/Relax_Macrourus_sp/hyphytmp/19693380/	0.831884295149739
N1.HOG0024014	Success	OG0010965	186	0.32580445319116	-20113.209461126	-19869.355121019	-19868.872369856	1.5504430068041	0.9655023260857	0.033800822103383	0.71160725283464	0.50532183725563	0.25788243078929	6.0170499610352	0.030510316376073	0.0052382420543868	0.71160725283464	0.3470557000728	0.25788243078929	16.158084666838	0.030510316376073	n0	/public4/group_crf/home/cuirf/deepsea/cellpaper/hyphy/Relax_Macrourus_sp/hyphytmp/41288289/	0.587336884136845
N1.HOG0015050	Success	OG0004292	560	0.55826629956119	-43301.61940259	-42926.952643878	-42926.781286422	1.3646762788668	0.34271491218533	0.0013823177825249	0.56438375156926	0.13805400911704	0.39505374036243	1.7227779406254	0.040562508068303	0.0001252724070451	0.56438375156926	0.06705718233384	0.39505374036243	2.1007604137036	0.040562508068303	n98	/public4/group_crf/home/cuirf/deepsea/cellpaper/hyphy/Relax_Macrourus_sp/hyphytmp/10047064/	0.850267289579898
N1.HOG0021848	Success	OG0008936	237	0.31122779599203	-20090.500898533	-19844.463826756	-19843.951097651	0.43158345140161	1.025458209755	0.030713522037437	0.86865541860135	1	0.12904997889152	31.587891826912	0.0022946025071249	0.22241112006587	0.86865541860135	1	0.12904997889152	4.4378058075349	0.0022946025071249	n0	/public4/group_crf/home/cuirf/deepsea/cellpaper/hyphy/Relax_Macrourus_sp/hyphytmp/37680576/	0.570031293725275
N1.HOG0018760	Success	OG0006528	102	0.22668203329344	-8274.6201623466	-8196.4301356523	-8195.699355532	1.3221313706075e-05	1.4615602407175	0	0.79910826436865	0.60004961796215	0.20089173563135	1582.3633325844	0	0	0.79910826436865	0.99999324733029	0.20089173563135	1.0000974018616	0	n0	/public4/group_crf/home/cuirf/deepsea/cellpaper/hyphy/Relax_Macrourus_sp/hyphytmp/30918958/	0.460330653898499
N1.HOG0008177	Success	OG0001350	126	0.00040789671987995	-6813.8440275203	-6739.1843732396	-6732.9365391598	0	12.495668159576	0	0.78435153338803	0.68244222721175	0.2122566345013	24.218347323039	0.0033918321106763	1	0.78435153338803	1	0.2122566345013	1	0.0033918321106763	n1	/public4/group_crf/home/cuirf/deepsea/cellpaper/hyphy/Relax_Macrourus_sp/hyphytmp/91001097/	0.00174754754302682
N1.HOG0025253	Success	OG0012176	134	0.68400648178525	-12755.52990494	-12311.363623663	-12311.280798328	3.1893788930389	0.16565066957628	0.0073848542071133	0.83076248847635	0.83830152626348	0.16726117787234	9999999171.5964	0.0019763336513107	1.5897715877821e-07	0.83076248847635	0.56976320069676	0.16726117787234	7.8304877708299e+31	0.0019763336513107	n0	/public4/group_crf/home/cuirf/deepsea/cellpaper/hyphy/Relax_Macrourus_sp/hyphytmp/21759056/	0.962247276224953
N1.HOG0010919	Success	OG0002271	167	0.932129405931	-16942.802267708	-16474.42659233	-16474.422965705	0.99401794616152	0.0072532506601419	0.00034877642841762	0.44690040042788	0.064378428434104	0.50251261396306	3.2461263325867	0.05058698560906	0.00036578828748467	0.44690040042788	0.065443504836642	0.50251261396306	3.2233421124397	0.05058698560906	n1	/public4/group_crf/home/cuirf/deepsea/cellpaper/hyphy/Relax_Macrourus_sp/hyphytmp/53923169/	1
N1.HOG0024883	Success	OG0011814	85	6.5503158452884e-15	-7787.0291551582	-7695.770094705	-7665.4139714025	50	60.712246604948	2.7619099997541e-05	0.23795876403337	0.044713105499361	0.60852108972392	1.1203602783214	0.15352014624271	1.1494130471839e-228	0.23795876403337	3.3246177402624e-68	0.60852108972392	293.68728143001	0.15352014624271	n0	/public4/group_crf/home/cuirf/deepsea/cellpaper/hyphy/Relax_Macrourus_sp/hyphytmp/47884076/	8.09600188647876e-14
N1.HOG0019309	Success	OG0006925	36	0.54989110885117	-2675.3071037066	-2664.3485847481	-2664.1698286087	0.56809687915497	0.35751227872061	0.027840712385551	0.82515709741763	0.66931207862682	0.17434759724694	9999999171.5964	0.0004953053354356	0.13074580314874	0.82515709741763	0.79604970794288	0.17434759724694	479698.95360045	0.0004953053354356	n0	/public4/group_crf/home/cuirf/deepsea/cellpaper/hyphy/Relax_Macrourus_sp/hyphytmp/60765458/	0.843391195725252
N1.HOG0013408	Success	OG0003427	152	0.0043461976652724	-12144.176447502	-11934.16331008	-11930.096710166	4.3886493022231e-06	8.1331998279093	0	0.33440721636948	0.01024103625446	0.45487356526817	1	0.21071921836235	0	0.33440721636948	0.99997989425281	0.45487356526817	1	0.21071921836235	n128	/public4/group_crf/home/cuirf/deepsea/cellpaper/hyphy/Relax_Macrourus_sp/hyphytmp/57062629/	0.0160921715278836
N1.HOG0005501	Success	OG0000779	35	0.97005515873344	-3212.7439844789	-3186.4546104068	-3186.4539058145	4.6380458965278	0.0014091846014708	0.00070866335689216	0.77525292517992	1	0.22474707482008	15.533951714432	0	2.4671528694393e-15	0.77525292517992	1	0.22474707482008	335135.44590415	0	n23	/public4/group_crf/home/cuirf/deepsea/cellpaper/hyphy/Relax_Macrourus_sp/hyphytmp/96931952/	1
N1.HOG0018563	Success	OG0006392	70	1	-4429.6397446274	-4320.4385719577	-4320.4385719577	0.92505526333645	0	4.7715851927436e-05	0.4256966108398	0.0140393694585	0.51062039128045	2.0215117442708	0.063682997879758	0.00010058290382225	0.4256966108398	0.019328321863212	0.51062039128045	1.917641595113	0.063682997879758	n0	/public4/group_crf/home/cuirf/deepsea/cellpaper/hyphy/Relax_Macrourus_sp/hyphytmp/10958355/	1
N1.HOG0015749	Success	OG0004697	188	0.14228620483858	-12894.631662761	-12679.332725326	-12678.256196113	0.14571614738525	2.1530584273351	9.2815908335011e-05	0.33953284611419	0.02525883995244	0.53380211564741	1.2586860048062	0.1266650382384	0.25847436325446	0.33953284611419	0.5850673135523	0.53380211564741	1.0340929542093	0.1266650382384	n1	/public4/group_crf/home/cuirf/deepsea/cellpaper/hyphy/Relax_Macrourus_sp/hyphytmp/65474330/	0.324956713268036
N1.HOG0027572	Success	OG0014379	97	0.011755952272918	-6933.1294252945	-6842.0876433546	-6838.9139890968	9.5956127851592e-07	6.3473085157548	0	0.31517272055847	0.059190682304448	0.56544410613135	1.3759768738247	0.11938317331018	0	0.31517272055847	0.99999728733244	0.56544410613135	1.0000003062574	0.11938317331018	n0	/public4/group_crf/home/cuirf/deepsea/cellpaper/hyphy/Relax_Macrourus_sp/hyphytmp/88818162/	0.040232521922058
N1.HOG0022061	Success	OG0009139	112	0	-11870.311845266	-11667.620336809	-11632.477822345	0.010834936897875	70.285028927465	1.3163455318496e-06	0.76258460086852	0.83756457194758	0.23555183175848	9999999171.5964	0.0018635673730047	0.86354255442888	0.76258460086852	0.99808127559468	0.23555183175848	1.2833625696894	0.0018635673730047	n0	/public4/group_crf/home/cuirf/deepsea/cellpaper/hyphy/Relax_Macrourus_sp/hyphytmp/36121678/	0
N1.HOG0018005	Success	OG0006029	147	0.76894989917588	-11435.406073594	-11227.388450577	-11227.345306413	0.6867235255607	0.086288328511728	0.00027565481937388	0.3819196361281	0.10991786608347	0.5935510217752	7.8820242806266	0.0245293420967	0.0035934806292843	0.3819196361281	0.2195224971518	0.5935510217752	4.1280243409688	0.0245293420967	n0	/public4/group_crf/home/cuirf/deepsea/cellpaper/hyphy/Relax_Macrourus_sp/hyphytmp/30160112/	0.997776379746346
N1.HOG0027592	Success	OG0014399	51	0.98462866195934	-4009.0442149548	-3964.0326497796	-3964.0324641843	1.00156546197	0.00037119059015822	0.00032686622990484	0.66753386998875	0.76583840300382	0.33061248781547	44.820097765073	0.0018536421957825	0.00032278506551611	0.66753386998875	0.76551862476381	0.33061248781547	45.087703696461	0.0018536421957825	n0	/public4/group_crf/home/cuirf/deepsea/cellpaper/hyphy/Relax_Macrourus_sp/hyphytmp/78566120/	1
N1.HOG0027088	Success	OG0013927	137	0.44947178035812	-11176.105483133	-10938.592214589	-10938.306222813	0.74555413529326	0.57198355258879	0.00087909801491812	0.38650880889105	0.11835973250736	0.54259577175085	4.0568045488365	0.070895419358094	0.0052676191913664	0.38650880889105	0.20371517951663	0.54259577175085	2.8407574821732	0.070895419358094	n0	/public4/group_crf/home/cuirf/deepsea/cellpaper/hyphy/Relax_Macrourus_sp/hyphytmp/12617885/	0.731936036640048
N1.HOG0014058	Success	OG0003759	48	0.29481115852936	-4291.8381052999	-4126.1125801291	-4125.5638204768	5.6993026894025	1.0975193046688	2.660939906307e-05	0.50048397279547	0.013691183530463	0.34463651174299	2.4591416947141	0.15487951546154	8.4312128187872e-27	0.50048397279547	2.3933881425665e-11	0.34463651174299	168.73056332063	0.15487951546154	n1	/public4/group_crf/home/cuirf/deepsea/cellpaper/hyphy/Relax_Macrourus_sp/hyphytmp/10851112/	0.549634379734758
N1.HOG0007265	Success	OG0001122	219	0.088424590840089	-14706.255938895	-14339.085013257	-14337.633601946	1.2337580166352e-06	2.9028226216142	0	0.5046205878612	0.079970441114297	0.48988732178469	26.584022241786	0.0054920903541119	0	0.5046205878612	0.99999688341095	0.48988732178469	1.0000040471174	0.0054920903541119	n217	/public4/group_crf/home/cuirf/deepsea/cellpaper/hyphy/Relax_Macrourus_sp/hyphytmp/10060110/	0.22639857982604
N1.HOG0025158	Success	OG0012083	244	0.33546754275738	-24149.065992079	-23318.284136909	-23317.820298907	0.43013786279459	0.92767600509251	3.3824756047936e-05	0.7756977744026	1	0.21776398006066	4103.1268717015	0.0065382455367329	0.011938631769871	0.7756977744026	1	0.21776398006066	35.820986403076	0.0065382455367329	n0	/public4/group_crf/home/cuirf/deepsea/cellpaper/hyphy/Relax_Macrourus_sp/hyphytmp/81122303/	0.599722412546492
N1.HOG0021993	Success	OG0009073	125	0.42527257737273	-12150.074790479	-11926.606617315	-11926.288767844	0.7146682067017	0.63569894273314	0.021303721190395	0.44775844327995	0.11252703180007	0.47486374206625	3.5245284190943	0.077377814653796	0.063885201377711	0.44775844327995	0.20987632159208	0.47486374206625	2.4603432581321	0.077377814653796	n0	/public4/group_crf/home/cuirf/deepsea/cellpaper/hyphy/Relax_Macrourus_sp/hyphytmp/57446149/	0.708891745821369
N1.HOG0025373	Success	OG0012296	169	0.21225568896504	-8208.4549583901	-8061.1395623891	-8060.3615754225	0.38802849008302	1.5559739330893	2.5552626134299e-05	0.53974334052808	0.10489505788235	0.4491702319303	7.415768759608	0.011086427541617	0.016517873936175	0.53974334052808	0.41689343070492	0.4491702319303	2.1759323466505	0.011086427541617	n0	/public4/group_crf/home/cuirf/deepsea/cellpaper/hyphy/Relax_Macrourus_sp/hyphytmp/59951106/	0.442542807817887
N1.HOG0011146	Success	OG0002358	126	0	-11545.226009694	-11276.361540367	-11236.682355607	50	79.358369519265	4.4874115345133e-06	0.52341806344162	0.02153482095266	0.32665183049062	1.1374025783656	0.14993010606775	3.979192929981e-268	0.52341806344162	4.5400774598418e-84	0.32665183049062	624.75597851072	0.14993010606775	n15	/public4/group_crf/home/cuirf/deepsea/cellpaper/hyphy/Relax_Macrourus_sp/hyphytmp/87491863/	0
N1.HOG0013618	Success	OG0003530	229	0.13169163056313	-22072.399281745	-21511.388882736	-21510.25265809	1.4018335704714	2.2724492919369	0.00016389030461707	0.53754128149109	0.21456525469824	0.44269095847012	18.293589454474	0.019767760038787	4.936665305561e-06	0.53754128149109	0.11559991696894	0.44269095847012	58.821082652221	0.019767760038787	n2	/public4/group_crf/home/cuirf/deepsea/cellpaper/hyphy/Relax_Macrourus_sp/hyphytmp/14403576/	0.307817988173411
N1.HOG0026436	Success	OG0013323	63	0.62875971783597	-6472.6349328772	-6355.1978469033	-6355.0809736905	0.72591796935661	0.23374642573435	0.00028416846771022	0.37343456617749	0.052852265996877	0.50346950125084	2.1756639335171	0.12309593257167	0.0026643238247274	0.37343456617749	0.11831748519153	0.50346950125084	1.7581825401669	0.12309593257167	n0	/public4/group_crf/home/cuirf/deepsea/cellpaper/hyphy/Relax_Macrourus_sp/hyphytmp/77136276/	0.914693949938204
N1.HOG0016099	Success	OG0004894	244	3.4644024315966e-09	-20271.889605802	-19828.467046504	-19811.015247972	11.898144411813	34.903597064025	2.4024143171652e-05	0.63235511254901	0.16415248005562	0.32842630063925	4.5896417733642	0.039218586811739	1.0921485484794e-55	0.63235511254901	4.6015147153443e-10	0.32842630063925	74806546.977362	0.039218586811739	n3	/public4/group_crf/home/cuirf/deepsea/cellpaper/hyphy/Relax_Macrourus_sp/hyphytmp/96334505/	2.74278496658201e-08
N1.HOG0001772	Success	OG0000184	31	0.26440314921607	-2804.348913772	-2738.8749830419	-2738.2522055412	0.56420910831302	1.245555001492	0.0059326589412729	0.44794748674647	0.29167173312174	0.49396313224296	15.914172240644	0.058089381010574	0.055417511425215	0.44794748674647	0.49898617595475	0.49396313224296	4.7649408031232	0.058089381010574	n599	/public4/group_crf/home/cuirf/deepsea/cellpaper/hyphy/Relax_Macrourus_sp/hyphytmp/76412667/	0.51142993100882
N1.HOG0002863	Success	OG0000326	329	0	-25734.486610691	-25006.603503866	-24931.496468595	24.758352966035	150.21407054275	5.1618086195375e-05	0.44715249096893	0.01276311114144	0.46909467673617	1.2827900836351	0.083752832294897	7.1785407115011e-107	0.44715249096893	1.2782145566445e-47	0.46909467673617	476.16160395204	0.083752832294897	n475	/public4/group_crf/home/cuirf/deepsea/cellpaper/hyphy/Relax_Macrourus_sp/hyphytmp/31565399/	0
N1.HOG0024705	Success	OG0011648	151	0.27782313275205	-15547.118119625	-15358.501935871	-15357.913081962	0.042075051537729	1.1777078180821	4.2632245223144e-05	0.55000724085198	0.4456564281613	0.44193327666724	10.498244994657	0.0080594824807776	0.65481860420222	0.55000724085198	0.96656633380801	0.44193327666724	1.1039859286396	0.0080594824807776	n0	/public4/group_crf/home/cuirf/deepsea/cellpaper/hyphy/Relax_Macrourus_sp/hyphytmp/85048187/	0.529744885758071
N1.HOG0016132	Success	OG0004910	84	0.22805291710029	-5469.7434474732	-5406.1857358969	-5405.4592537986	2.9170836299581e-06	1.452964196551	0	0.41704240832125	0.10905577970408	0.57044708218947	3.1432600445956	0.012510509489279	0	0.41704240832125	0.99999353606756	0.57044708218947	1.0000033408262	0.012510509489279	n4	/public4/group_crf/home/cuirf/deepsea/cellpaper/hyphy/Relax_Macrourus_sp/hyphytmp/14196343/	0.462282339498442
N1.HOG0009559	Success	OG0001782	70	8.9928064994638e-15	-3553.2275447557	-3479.4791917341	-3449.4259652617	1.0062711589916e-06	60.106452944849	0	0.70641825497023	0.11926672234062	0.29145788345202	4001.5261524857	0.0021238615777561	0	0.70641825497023	0.99999786027441	0.29145788345202	1.0000083464816	0.0021238615777561	n93	/public4/group_crf/home/cuirf/deepsea/cellpaper/hyphy/Relax_Macrourus_sp/hyphytmp/50116328/	1.10354582614849e-13
N1.HOG0000791	Success	OG0000065	203	0.1123021521296	-15575.227994112	-15343.960748401	-15342.699987441	6.8233711850403e-06	2.5215219202437	0	0.44192747300669	0.11897455563144	0.51799132910394	3.3505549027368	0.040081197889375	0	0.44192747300669	0.99998547420159	0.51799132910394	1.0000082503494	0.040081197889375	n1185	/public4/group_crf/home/cuirf/deepsea/cellpaper/hyphy/Relax_Macrourus_sp/hyphytmp/66050710/	0.271739573744581
N1.HOG0020946	Success	OG0008164	86	2.2174484470838e-12	-10132.702164061	-9896.653566052	-9872.0128381346	49.872817955112	49.281455834796	0.0020978602669002	0.50917521757319	0.002098731990509	0.19182639573167	1.4750486226052	0.29899838669514	2.6881271853078e-134	0.50917521757319	2.7444044099598e-134	0.19182639573167	262329833.3818	0.29899838669514	n0	/public4/group_crf/home/cuirf/deepsea/cellpaper/hyphy/Relax_Macrourus_sp/hyphytmp/64417098/	2.20206730178611e-11
N1.HOG0012329	Success	OG0002873	157	0.95200278896789	-15561.737727993	-15258.335476008	-15258.333664475	0.99525089890222	0.0036230660225556	0.00010134835533595	0.18387073961951	0.0060800214127875	0.57912467594047	1.7879106130806	0.23700458444002	0.00010587306493029	0.18387073961951	0.0062291611663087	0.57912467594047	1.7829837564949	0.23700458444002	n2	/public4/group_crf/home/cuirf/deepsea/cellpaper/hyphy/Relax_Macrourus_sp/hyphytmp/18794812/	1
N1.HOG0021128	Success	OG0008318	55	1.150095283009e-06	-5104.7798903004	-5047.0939474814	-5035.2644704002	14.053214986091	23.658954162496	0	0.5645860940836	0.57703194789715	0.28760963527454	1.3835405008601	0.14780427064186	0	0.5645860940836	0.00044064645322482	0.28760963527454	95.805216711658	0.14780427064186	n0	/public4/group_crf/home/cuirf/deepsea/cellpaper/hyphy/Relax_Macrourus_sp/hyphytmp/45686946/	6.94560828940725e-06
N1.HOG0016165	Success	OG0004930	533	0	-40419.509714011	-40237.288768211	-40140.668190719	50	193.24115498466	0.04591402454295	0.89285843191749	0.046244136609233	0.011265791810603	1.113570860746	0.095875776271903	1.2510310874355e-67	0.89285843191749	1.7899206276054e-67	0.011265791810603	216.71696144355	0.095875776271903	n75	/public4/group_crf/home/cuirf/deepsea/cellpaper/hyphy/Relax_Macrourus_sp/hyphytmp/48453521/	0
N1.HOG0012814	Success	OG0003118	143	6.4592504075867e-05	-12591.068213123	-12154.116026285	-12146.134523994	0.36699011059132	15.963004582714	0.00027047490967113	0.86578248341384	1	0.1312231487688	804.45034879791	0.0029943678173635	0.049048517742948	0.86578248341384	1	0.1312231487688	11.649022631267	0.0029943678173635	n3	/public4/group_crf/home/cuirf/deepsea/cellpaper/hyphy/Relax_Macrourus_sp/hyphytmp/59516805/	0.000308249783339832
N1.HOG0021114	Success	OG0008306	178	2.5375794438953e-05	-11740.861932788	-11303.835974948	-11294.967898957	7.5455180412616	17.736151981222	0	0.4588857474455	0.051807601520603	0.52067099236646	9.013343725563	0.020443260188045	0	0.4588857474455	1.9926584258783e-10	0.52067099236646	16036479.629788	0.020443260188045	n0	/public4/group_crf/home/cuirf/deepsea/cellpaper/hyphy/Relax_Macrourus_sp/hyphytmp/19757281/	0.000128154576851558
N1.HOG0010145	Success	OG0001973	114	0.4266554512103	-10792.044301022	-10611.005124772	-10610.689169599	0.17337181944236	0.63191034601914	0.004759043463766	0.69424666369999	0.60884552039242	0.30369739954866	55.35698378522	0.002055936751349	0.39568297084259	0.69424666369999	0.91757084641123	0.30369739954866	2.00547371334	0.002055936751349	n119	/public4/group_crf/home/cuirf/deepsea/cellpaper/hyphy/Relax_Macrourus_sp/hyphytmp/34820650/	0.708891745821369
N1.HOG0004696	Success	OG0000610	415	0.54816273166833	-26946.966323717	-26459.280814413	-26459.100504978	1.1732449390774	0.36061887014512	0.00045122784815424	0.60171787352959	0.1449497293964	0.38576659030501	11.725755027412	0.012515536165397	0.0001187919237629	0.60171787352959	0.1037295681962	0.38576659030501	17.962387138787	0.012515536165397	n4	/public4/group_crf/home/cuirf/deepsea/cellpaper/hyphy/Relax_Macrourus_sp/hyphytmp/28409949/	0.843391195725252
N1.HOG0014652	Success	OG0004080	187	0.064049901286299	-19725.682906325	-19289.712120546	-19287.997479028	1.5511802604578	3.4292830375416	0.00050940091109238	0.7115933894709	0.88388499229879	0.24536800742816	10.737442149172	0.043038603100946	7.7993073441744e-06	0.7115933894709	0.82575300153542	0.24536800742816	39.729493536677	0.043038603100946	n101	/public4/group_crf/home/cuirf/deepsea/cellpaper/hyphy/Relax_Macrourus_sp/hyphytmp/36703375/	0.174940747869414
N1.HOG0008216	Success	OG0001358	397	0.58589982158411	-39369.557913929	-38749.67021446	-38749.521817865	0.66970057757439	0.2967931907915	0	0.3857593440621	0.22149630876824	0.51238623359636	3.4108572800426	0.10185442234154	0	0.3857593440621	0.36441107078196	0.51238623359636	2.2743590415987	0.10185442234154	n199	/public4/group_crf/home/cuirf/deepsea/cellpaper/hyphy/Relax_Macrourus_sp/hyphytmp/46359077/	0.87987403276355
N1.HOG0026565	Success	OG0013446	72	0.007091353404559	-5023.0051114481	-4964.9619647608	-4961.3371233138	46.164811061249	7.2496828939875	0	0.45865666639694	0.23116059812998	0.51856688894125	7.3745072641349	0.022776444661809	0	0.45865666639694	4.3171903594005e-30	0.51856688894125	1.1448019342424e+40	0.022776444661809	n0	/public4/group_crf/home/cuirf/deepsea/cellpaper/hyphy/Relax_Macrourus_sp/hyphytmp/88684387/	0.0253811357271508
N1.HOG0024938	Success	OG0011868	705	0.018712195348035	-52073.637376961	-51324.429885992	-51321.665778935	0.15053972947699	5.5282141139323	4.8970727247007e-05	0.37273919077139	0.12475847755929	0.60296867063454	5.9192398502355	0.024292138594072	0.22447305373503	0.37273919077139	0.73100884583535	0.60296867063454	1.306943175748	0.024292138594072	n0	/public4/group_crf/home/cuirf/deepsea/cellpaper/hyphy/Relax_Macrourus_sp/hyphytmp/28424864/	0.0610010466943532
N1.HOG0009815	Success	OG0001871	124	0.83347301079839	-11143.244206125	-10884.502452036	-10884.480349627	1.662448235174	0.044204818121216	2.6909203519371e-05	0.37789018173648	0.20848060702969	0.60754607715524	20.629897228687	0.014563741108276	2.5260778018142e-08	0.37789018173648	0.07378734994056	0.60754607715524	153.20866381629	0.014563741108276	n1	/public4/group_crf/home/cuirf/deepsea/cellpaper/hyphy/Relax_Macrourus_sp/hyphytmp/32890045/	1
N1.HOG0005538	Success	OG0000784	278	0.42558340182441	-20120.542425343	-19945.259132248	-19944.941709359	2.9381414174814	0.63484577839699	0.0092481003980806	0.71699167478483	0.77893631311074	0.27976316134057	62.185587909948	0.0032451638746052	1.0567559811013e-06	0.71699167478483	0.47997364075192	0.27976316134057	186257.65403138	0.0032451638746052	n204	/public4/group_crf/home/cuirf/deepsea/cellpaper/hyphy/Relax_Macrourus_sp/hyphytmp/72545514/	0.708891745821369
N1.HOG0024118	Success	OG0011068	114	5.1829318614693e-11	-7958.1835026059	-7738.6168881492	-7717.0634407326	28.891366153492	43.106894833105	0	0.87281909790748	2.840051267323e-16	0	1.8394458098109	0.12718090209252	0	0.87281909790748	0	0	44378127.713399	0.12718090209252	n0	/public4/group_crf/home/cuirf/deepsea/cellpaper/hyphy/Relax_Macrourus_sp/hyphytmp/53311441/	4.58983347319807e-10
N1.HOG0025852	Success	OG0012762	86	0.038781233477958	-8830.6263328143	-8678.5138535912	-8676.3786411752	1.8081886713964	4.2704248319023	0.022039161308077	0.63893239750117	0.24375357006234	0.3300671125431	7.6975191709106	0.031000489955729	0.0010096807661104	0.63893239750117	0.077891795755083	0.3300671125431	40.058016198488	0.031000489955729	n0	/public4/group_crf/home/cuirf/deepsea/cellpaper/hyphy/Relax_Macrourus_sp/hyphytmp/48306677/	0.112925693415478
N1.HOG0024378	Success	OG0011325	250	0.62993634218191	-20250.622125624	-19790.798356938	-19790.682283392	1.1829209939713	0.23214709200693	0.00037785998532816	0.62327208835847	0.1332152318595	0.37283101379653	3999.9983996005	0.0038968978450023	8.9382576687057e-05	0.62327208835847	0.092133254308496	0.37283101379653	18236.948838232	0.0038968978450023	n0	/public4/group_crf/home/cuirf/deepsea/cellpaper/hyphy/Relax_Macrourus_sp/hyphytmp/20283386/	0.915193459259712
N1.HOG0005043	Success	OG0000670	129	1.2212453270877e-15	-7553.1014519194	-7362.5997749312	-7330.60912291	34.365715949269	63.981304042385	3.4016508756188e-05	0.24253550360558	0.0017189395464531	0.58303185027448	1.2636140371623	0.17443264611993	2.7753564685316e-154	0.24253550360558	9.7219014919697e-96	0.58303185027448	3104.9387732078	0.17443264611993	n124	/public4/group_crf/home/cuirf/deepsea/cellpaper/hyphy/Relax_Macrourus_sp/hyphytmp/35896332/	1.61392267072051e-14
N1.HOG0014584	Success	OG0004038	276	0	-26735.574663591	-26115.708848187	-26056.286468239	2.1450348978622e-06	118.84475989502	0	0.41886678265064	0.094498131868431	0.48116620722624	2.8303584893754	0.099967010123117	0	0.41886678265064	0.99999493949964	0.48116620722624	1.000002231704	0.099967010123117	n1	/public4/group_crf/home/cuirf/deepsea/cellpaper/hyphy/Relax_Macrourus_sp/hyphytmp/38267547/	0
N1.HOG0012228	Success	OG0002823	198	0.18301441961205	-16618.768395493	-16220.218169606	-16219.331682478	0.55269455777716	1.7729742545635	5.3807668561051e-05	0.41115888561517	0.048545079356443	0.54831251424308	3.5544237056491	0.040528600141746	0.00436979244158	0.41115888561517	0.18786228949602	0.54831251424308	2.0156129390442	0.040528600141746	n2	/public4/group_crf/home/cuirf/deepsea/cellpaper/hyphy/Relax_Macrourus_sp/hyphytmp/96555903/	0.396993400118058
N1.HOG0012239	Success	OG0002829	139	0.080305288003912	-11812.774498122	-11434.798063392	-11433.268707251	0.089212221236182	3.0587122824691	3.4656463146218e-05	0.46591068753456	0.15846895322021	0.51575690760387	36.362987124333	0.018332404861574	0.40003154981743	0.46591068753456	0.84844802683652	0.51575690760387	1.3779387240717	0.018332404861574	n112	/public4/group_crf/home/cuirf/deepsea/cellpaper/hyphy/Relax_Macrourus_sp/hyphytmp/47915347/	0.209037098167759
N1.HOG0005367	Success	OG0000756	216	0.31643489470171	-19990.12605252	-19838.634492901	-19838.132680284	1.3866674291567	1.0036252334685	0.012742609901113	0.5179418329021	0.17818454271705	0.44234449306074	2.1418324698243	0.039713674037158	0.0023584328743494	0.5179418329021	0.091454665581457	0.44234449306074	2.8753417891727	0.039713674037158	n1	/public4/group_crf/home/cuirf/deepsea/cellpaper/hyphy/Relax_Macrourus_sp/hyphytmp/97860613/	0.575884691840612
N1.HOG0014894	Success	OG0004216	301	0.00031736259593607	-25253.042430326	-24447.42876344	-24440.946246144	3.9680386383796	12.965034591958	1.9577123430445e-05	0.56485393959997	0.042743849361059	0.40115019116766	2.1759231414795	0.033995869232369	2.0771967413874e-19	0.56485393959997	3.6919317631876e-06	0.40115019116766	21.866670284321	0.033995869232369	n108	/public4/group_crf/home/cuirf/deepsea/cellpaper/hyphy/Relax_Macrourus_sp/hyphytmp/94560114/	0.00138382979649281
N1.HOG0011583	Success	OG0002534	360	0.99185321739029	-26840.349100627	-26470.184001815	-26470.183949687	0.97264159576623	0.00010425748041598	1.2559795106832e-05	0.59327952334526	0.13239501792378	0.402671364765	29.060703472781	0.0040491118897399	1.710277455783e-05	0.59327952334526	0.13992516680665	0.402671364765	26.501618790533	0.0040491118897399	n127	/public4/group_crf/home/cuirf/deepsea/cellpaper/hyphy/Relax_Macrourus_sp/hyphytmp/28830451/	1
N1.HOG0008426	Success	OG0001432	111	0.1280426728515	-7582.5911671046	-7434.6093020997	-7433.4512641167	0.19232290017422	2.3160759660805	0.00014459989735415	0.44351870710881	0.077062466745573	0.55140215328536	289.27928317034	0.0050791396058327	0.18260487622886	0.44351870710881	0.61082161851908	0.55140215328536	2.9741830049816	0.0050791396058327	n4	/public4/group_crf/home/cuirf/deepsea/cellpaper/hyphy/Relax_Macrourus_sp/hyphytmp/97014636/	0.30216663730615
N1.HOG0021741	Success	OG0008848	83	5.9052110740199e-05	-7431.0538855024	-7318.9015956127	-7310.8351908628	11.574698853967	16.132809499897	0	0.3925178688932	0.08763937534084	0.52043741038941	1.9341194214746	0.087044720717389	0	0.3925178688932	5.7817923710462e-13	0.52043741038941	2069.9400201898	0.087044720717389	n0	/public4/group_crf/home/cuirf/deepsea/cellpaper/hyphy/Relax_Macrourus_sp/hyphytmp/12793793/	0.000283384151540955
N1.HOG0019807	Success	OG0007287	156	0.98074666570097	-9800.3201763225	-9468.9386966783	-9468.9384054818	1.059861896004	0.00058239292047801	9.1842472675665e-06	0.711743527226	0.0074284427712761	0.28647129391597	3.6216725296283	0.0017851788580266	4.5869267583465e-06	0.711743527226	0.0055391826557591	0.28647129391597	3.9117090259385	0.0017851788580266	n0	/public4/group_crf/home/cuirf/deepsea/cellpaper/hyphy/Relax_Macrourus_sp/hyphytmp/16005770/	1
N1.HOG0007705	Success	OG0001229	229	0.27241338748277	-14042.085297554	-13794.144693077	-13793.542416104	44.512944415274	1.2045539455103	0.00010107756914416	0.61768792098419	0.16124828855779	0.37942099897519	167.24830816322	0.0028910800406262	1.4302787825237e-178	0.61768792098419	5.2877882356985e-36	0.37942099897519	9.2977367932455e+98	0.0028910800406262	n6	/public4/group_crf/home/cuirf/deepsea/cellpaper/hyphy/Relax_Macrourus_sp/hyphytmp/66797741/	0.522328347874329
N1.HOG0006773	Success	OG0001018	269	0.14604085634274	-24025.484664937	-23556.023737942	-23554.967175622	0.34344063481788	2.1131246383156	5.0138245377654e-05	0.50687408016584	0.069323415473701	0.44203302969033	2.3905661455264	0.051092890143825	0.033362866441194	0.50687408016584	0.3998628663009	0.44203302969033	1.3489397204783	0.051092890143825	n201	/public4/group_crf/home/cuirf/deepsea/cellpaper/hyphy/Relax_Macrourus_sp/hyphytmp/30506714/	0.329262718106073
N1.HOG0010974	Success	OG0002285	197	6.5876707001311e-05	-16139.312281155	-15982.599007859	-15974.636137874	6.8562178444387	15.92573997048	0.00038292790724836	0.30023556027269	0.068706860185949	0.6435084251061	1.718414401962	0.056256014621208	3.7420184833528e-24	0.30023556027269	1.0622319212785e-08	0.6435084251061	40.934371814995	0.056256014621208	n111	/public4/group_crf/home/cuirf/deepsea/cellpaper/hyphy/Relax_Macrourus_sp/hyphytmp/79732919/	0.000313507431103192
N1.HOG0026718	Success	OG0013591	533	0	-40980.688600146	-39934.130526013	-39887.061819	5.2246136185116	94.137414026569	1.7868135386683e-05	0.56660390162377	0.11105622323304	0.36525509889321	2.6912501392853	0.068140999483021	1.5629623221096e-25	0.56660390162377	1.0311703981455e-05	0.36525509889321	176.33716932511	0.068140999483021	n0	/public4/group_crf/home/cuirf/deepsea/cellpaper/hyphy/Relax_Macrourus_sp/hyphytmp/94478416/	0
N1.HOG0016543	Success	OG0005147	34	1.8463655648837e-07	-1510.5676046004	-1468.8398491156	-1455.2460357944	50	27.187626642507	0.0084936368068506	0.62357633186029	0.0087433108204775	0.18806665890198	1.1341634527185	0.18835700923772	2.848946656333e-104	0.62357633186029	1.212818690316e-103	0.18806665890198	541.72942228907	0.18835700923772	n0	/public4/group_crf/home/cuirf/deepsea/cellpaper/hyphy/Relax_Macrourus_sp/hyphytmp/53777961/	1.23908439080867e-06
N1.HOG0013222	Success	OG0003336	30	0.99999923907799	-2443.2626172997	-2373.9434823297	-2373.9434823297	1.167723461153	9.0949470177293e-13	0	0.28331128812271	0.02819145534421	0.66447237236997	9999999171.5964	0.052216339507321	0	0.28331128812271	0.015494081583198	0.66447237236997	475592031581.29	0.052216339507321	n132	/public4/group_crf/home/cuirf/deepsea/cellpaper/hyphy/Relax_Macrourus_sp/hyphytmp/73530734/	1
N1.HOG0024474	Success	OG0011418	187	0.020598376857624	-16180.754054764	-15924.991451565	-15922.311223138	0.17221373605373	5.360456853392	0.00017453071224922	0.533367730452	0.10875779240067	0.44884691777234	3.5681237630461	0.017785351775655	0.22531946564564	0.533367730452	0.68244120763114	0.44884691777234	1.2449093845482	0.017785351775655	n0	/public4/group_crf/home/cuirf/deepsea/cellpaper/hyphy/Relax_Macrourus_sp/hyphytmp/66048585/	0.0661458157783141
N1.HOG0025965	Success	OG0012873	312	0.81775339396713	-14069.172801796	-13670.739162299	-13670.712612044	0.83632619376155	0.053100510362128	9.1175145133959e-05	0.63745443070694	0.023581964068609	0.34333816389923	3.3407164720839	0.019207405393831	0.00041796398403944	0.63745443070694	0.043545772911416	0.34333816389923	2.7422105304051	0.019207405393831	n0	/public4/group_crf/home/cuirf/deepsea/cellpaper/hyphy/Relax_Macrourus_sp/hyphytmp/94630019/	1
N1.HOG0022462	Success	OG0009499	252	0.2050472919533	-26473.649588479	-25968.214133922	-25967.411106622	0.25142666329381	1.606054598793	1.2703890963232e-05	0.29862570484252	0.041443126001499	0.55676977393999	1.5945373789869	0.14460452121749	0.058748821038384	0.29862570484252	0.44914926859233	0.55676977393999	1.1244697263487	0.14460452121749	n0	/public4/group_crf/home/cuirf/deepsea/cellpaper/hyphy/Relax_Macrourus_sp/hyphytmp/46789064/	0.432234659602171
N1.HOG0025974	Success	OG0012882	159	0.0031225829139551	-12801.81887685	-12678.248400266	-12673.881189288	0	8.7344219567458	0	0.63749702711863	0.36773691473198	0.35028057445874	5.3898110194243	0.012222398422632	1	0.63749702711863	1	0.35028057445874	1	0.012222398422632	n0	/public4/group_crf/home/cuirf/deepsea/cellpaper/hyphy/Relax_Macrourus_sp/hyphytmp/82617803/	0.0119562237733926
N1.HOG0016017	Success	OG0004839	601	0	-28229.725199984	-28029.349088813	-27903.889165068	6.0642565026793e-07	250.91984749107	0	0.46829913493675	0.19065889483234	0.52576020671194	14.307574752943	0.005940658351304	0	0.46829913493675	0.99999899498987	0.52576020671194	1.0000016135721	0.005940658351304	n0	/public4/group_crf/home/cuirf/deepsea/cellpaper/hyphy/Relax_Macrourus_sp/hyphytmp/58423059/	0
N1.HOG0025626	Success	OG0012546	108	0.92214929989139	-9351.7850988399	-9142.5544643913	-9142.5496891357	0.91561810578067	0.0095505112440151	0.0090035751971265	0.7880600279864	0.11461674117764	0.12956864689864	1.915266079707	0.082371325114959	0.01339754836535	0.7880600279864	0.13760381899722	0.12956864689864	1.8130679867622	0.082371325114959	n0	/public4/group_crf/home/cuirf/deepsea/cellpaper/hyphy/Relax_Macrourus_sp/hyphytmp/19527642/	1
N1.HOG0022362	Success	OG0009415	189	0.028006096770732	-19641.596446268	-19444.171288576	-19441.757442538	9.5578958076269e-07	4.8276920774297	0	0.27886254272767	0.2623957984267	0.67117781129269	4.7681241076242	0.049959645979639	0	0.27886254272767	0.99999872124876	0.67117781129269	1.0000014928995	0.049959645979639	n0	/public4/group_crf/home/cuirf/deepsea/cellpaper/hyphy/Relax_Macrourus_sp/hyphytmp/97769512/	0.0857655512515465
N1.HOG0008119	Success	OG0001332	71	0.92870534075926	-5636.9829143675	-5551.555894997	-5551.5518922128	1.0092891940706	0.0080055685139087	0.00064395796814375	0.40337177123745	0.02067076904651	0.4879696557037	1.0324644593655	0.10865857305885	0.00060147056650121	0.40337177123745	0.019939196598875	0.4879696557037	1.0327709165041	0.10865857305885	n200	/public4/group_crf/home/cuirf/deepsea/cellpaper/hyphy/Relax_Macrourus_sp/hyphytmp/49245583/	1
N1.HOG0023397	Success	OG0010385	196	0.77748634989262	-20110.419824855	-19684.739464101	-19684.699533779	0.80589587248027	0.079860644495056	1.9564740870749e-05	0.53995939232584	0.14104162444183	0.41400064615776	3.1248155084032	0.046039961516395	0.00016047907479606	0.53995939232584	0.20628255466275	0.41400064615776	2.5048223314541	0.046039961516395	n0	/public4/group_crf/home/cuirf/deepsea/cellpaper/hyphy/Relax_Macrourus_sp/hyphytmp/16368260/	1
N1.HOG0020436	Success	OG0007749	363	2.2204460492503e-16	-26224.963097038	-25833.523723669	-25799.730321028	6.6319618758234	67.586805280356	0.040733875446035	0.0011704766605734	0.042451483945596	0.9327215918748	2.3397384129333	0.066107931464623	6.0433730414335e-10	0.0011704766605734	7.9476341124239e-10	0.9327215918748	280.73948176961	0.066107931464623	n2	/public4/group_crf/home/cuirf/deepsea/cellpaper/hyphy/Relax_Macrourus_sp/hyphytmp/67104165/	3.17893859384335e-15
N1.HOG0025374	Success	OG0012297	96	0.37032041483202	-7019.5081481265	-6951.7155473314	-6951.3142528115	0.41937122039647	0.80258903983668	2.6485312135338e-07	0.42964973223209	0.11850483922415	0.55681450792593	5.156855810508	0.013535759841978	0.0017450087958028	0.42964973223209	0.40883829808066	0.55681450792593	1.9895449789321	0.013535759841978	n0	/public4/group_crf/home/cuirf/deepsea/cellpaper/hyphy/Relax_Macrourus_sp/hyphytmp/76299738/	0.645898957036965
N1.HOG0023555	Success	OG0010533	219	2.2204460492503e-16	-20369.641229464	-19930.926814614	-19897.156633872	49.370604894473	67.540361483218	0.00016466427600412	0.45036827163267	0.074132760956527	0.46453191417106	1.8961543069875	0.085099814196274	1.6263846853204e-187	0.45036827163267	1.6282414883348e-56	0.46453191417106	52334913490022	0.085099814196274	n0	/public4/group_crf/home/cuirf/deepsea/cellpaper/hyphy/Relax_Macrourus_sp/hyphytmp/30418720/	3.17893859384335e-15
N1.HOG0007971	Success	OG0001295	48	0.2007978095392	-4553.9110124228	-4495.8656445572	-4495.047363487	28.710179541471	1.6365621403966	0	0.43100310462641	0.3253828788035	0.54839892534204	10.483885600859	0.02059797003155	0	0.43100310462641	1.001761212359e-14	0.54839892534204	1.9924053219935e+29	0.02059797003155	n250	/public4/group_crf/home/cuirf/deepsea/cellpaper/hyphy/Relax_Macrourus_sp/hyphytmp/87208868/	0.426416114695112
N1.HOG0019318	Success	OG0006934	45	0.02019293286848	-2382.7164202185	-2354.531703394	-2351.8341345789	21.281843731402	5.3951376302175	0.031392596343094	0.62902012404252	0.036942558837395	0.26930737707511	1.183084793278	0.10167249888236	1.02261493282e-32	0.62902012404252	3.2683827107495e-31	0.26930737707511	35.802419947209	0.10167249888236	n0	/public4/group_crf/home/cuirf/deepsea/cellpaper/hyphy/Relax_Macrourus_sp/hyphytmp/55459086/	0.0649652784045855
N1.HOG0026575	Success	OG0013456	113	0.99904829878645	-10461.245564683	-10383.700379716	-10383.700379005	1.005247508326	1.4227261999622e-06	0.0005951148392053	0.28468693234174	0.193846018885	0.60668511917579	2.0439560158908	0.10862794848248	0.00057236816485709	0.28468693234174	0.19218425750391	0.60668511917579	2.0516380641443	0.10862794848248	n0	/public4/group_crf/home/cuirf/deepsea/cellpaper/hyphy/Relax_Macrourus_sp/hyphytmp/32744581/	1
N1.HOG0008253	Success	OG0001370	315	0.024513869255679	-26104.708682255	-25713.874935918	-25711.345983958	0.40861267635033	5.0579039205477	0.0020594432758451	0.52528246493093	0.10091599208094	0.43332943875316	2.5807719002572	0.041388096315912	0.079866403971369	0.52528246493093	0.39174677275622	0.43332943875316	1.4731470987703	0.041388096315912	n1	/public4/group_crf/home/cuirf/deepsea/cellpaper/hyphy/Relax_Macrourus_sp/hyphytmp/93483908/	0.0768518747833148
N1.HOG0019252	Success	OG0006876	55	0.72433570808418	-5371.4705159742	-5241.3995592359	-5241.3373711035	0.80853420558254	0.12437626482642	0.00065225624357893	0.40183391878701	0.22312587056039	0.4893774210174	6.651697948074	0.10878866019559	0.0026567346890418	0.40183391878701	0.29735848368297	0.4893774210174	4.6277414929839	0.10878866019559	n0	/public4/group_crf/home/cuirf/deepsea/cellpaper/hyphy/Relax_Macrourus_sp/hyphytmp/31225071/	0.976772956427489
N1.HOG0006175	Success	OG0000898	76	8.2388890072504e-06	-4699.7224568799	-4632.3308761927	-4622.3900691624	48.438226506039	19.88161406055	0.0015217031617935	0.48785850043965	0.067305085424724	0.47358217786521	2.2821960805715	0.038559321695141	3.2889673293056e-137	0.48785850043965	1.7089043200313e-57	0.47358217786521	228024552497928096	0.038559321695141	n2	/public4/group_crf/home/cuirf/deepsea/cellpaper/hyphy/Relax_Macrourus_sp/hyphytmp/73214654/	4.47924408685322e-05
N1.HOG0018743	Success	OG0006513	134	0.10192198632755	-11985.947813521	-11712.090613113	-11710.753008935	0.60845998505964	2.6752083551692	1.3523950168508e-05	0.35675569744197	0.16618947562733	0.57942853567927	4.8827313847736	0.063815766878757	0.0010901125662462	0.35675569744197	0.33555864181785	0.57942853567927	2.6243622198573	0.063815766878757	n0	/public4/group_crf/home/cuirf/deepsea/cellpaper/hyphy/Relax_Macrourus_sp/hyphytmp/45179632/	0.254139292468405
N1.HOG0010376	Success	OG0002055	139	0.57096937176962	-10933.32700712	-10807.588361406	-10807.427829782	1.2806067665698	0.32106324749839	0.00042496683707671	0.54192605327531	0.14186347423823	0.45119352260279	4.8223706261452	0.0068804241218946	4.8111472647921e-05	0.54192605327531	0.082012441423171	0.45119352260279	7.4987371174459	0.0068804241218946	n1	/public4/group_crf/home/cuirf/deepsea/cellpaper/hyphy/Relax_Macrourus_sp/hyphytmp/84024133/	0.8657770350399
N1.HOG0020979	Success	OG0008191	211	0.65614257872509	-19671.640199618	-19029.763691281	-19029.664569646	1.1901054473428	0.19824327165406	0.00021244903141912	0.53909926826349	0.027080489106721	0.44873790031917	5.6713647288338	0.012162831417342	4.2564337461223e-05	0.53909926826349	0.013636281799286	0.44873790031917	7.8880143512375	0.012162831417342	n4	/public4/group_crf/home/cuirf/deepsea/cellpaper/hyphy/Relax_Macrourus_sp/hyphytmp/71252853/	0.937814434483947
N1.HOG0016193	Success	OG0004953	70	0.31229618951804	-3873.8567399194	-3867.9699375495	-3867.4594676491	0.37743384839221	1.0209398007564	0.034436032327297	0.95456097978271	0.73124692726938	0.045439020217293	1582.3633325844	0	0.28042661311365	0.95456097978271	0.88857312298566	0.045439020217293	16.125992566596	0	n1	/public4/group_crf/home/cuirf/deepsea/cellpaper/hyphy/Relax_Macrourus_sp/hyphytmp/30176773/	0.571092404001728
N1.HOG0020712	Success	OG0007971	352	0.90506132495309	-31051.198324485	-30515.229277667	-30515.222164982	0.88788708443154	0.014225370658096	0.00067092463030116	0.65838307285304	0.49824133882026	0.33272737833369	18.291383508682	0.0088895488132683	0.0015221049387321	0.65838307285304	0.53871698536355	0.33272737833369	13.204817825264	0.0088895488132683	n0	/public4/group_crf/home/cuirf/deepsea/cellpaper/hyphy/Relax_Macrourus_sp/hyphytmp/97800321/	1
N1.HOG0023523	Success	OG0010505	257	0.88033002667898	-19860.891802276	-19534.547336145	-19534.536003364	0.86171756642779	0.022665561751637	0.00017612763846513	0.32501923955322	0.06683724884072	0.61485474098814	2.6281074861497	0.060126019458639	0.00058205445783915	0.32501923955322	0.097162315792509	0.61485474098814	2.2993964207481	0.060126019458639	n0	/public4/group_crf/home/cuirf/deepsea/cellpaper/hyphy/Relax_Macrourus_sp/hyphytmp/65882621/	1
N1.HOG0027477	Success	OG0014287	64	0.87231429346034	-3229.2900826409	-3211.9290897601	-3211.9161743737	0.0052079370876942	0.025830772725385	0.02027698075424	0.75786291530756	0.35873234970553	0.24093964335044	NA	NA	0.97990275714163	0.75786291530756	1.0391109247648	0.0011974413420098	NA	NA	n0	/public4/group_crf/home/cuirf/deepsea/cellpaper/hyphy/Relax_Macrourus_sp/hyphytmp/84016721/	1
N1.HOG0023680	Success	OG0010654	95	1	-7810.983725894	-7568.2085659772	-7568.2085659772	0.92505526333645	0	0.00028824792680606	0.41944534168665	0.014597150551348	0.55917898139127	231.24139000842	0.021375676922079	0.00053099212814752	0.41944534168665	0.020037638261158	0.55917898139127	153.7769700766	0.021375676922079	n0	/public4/group_crf/home/cuirf/deepsea/cellpaper/hyphy/Relax_Macrourus_sp/hyphytmp/97514928/	1
N1.HOG0026985	Success	OG0013834	124	0.50292888635518	-11042.721437944	-10827.756574924	-10827.532199639	0.93986657365362	0.44875057072568	4.598968878436e-05	0.4329256032777	0.17981426236696	0.52879687895431	6.6510875365472	0.038277517767991	8.3845461172662e-05	0.4329256032777	0.19935820457913	0.52879687895431	5.9348440071299	0.038277517767991	n0	/public4/group_crf/home/cuirf/deepsea/cellpaper/hyphy/Relax_Macrourus_sp/hyphytmp/23980032/	0.796342697472995
N1.HOG0024947	Success	OG0011877	53	1	-3568.4507902061	-3468.1054303936	-3468.1054303936	0.92505526333645	0	1.1327356338331e-05	0.83804589387332	0.93662502448432	0	2.0020993505529	0.16195410612668	2.6594730595664e-05	0.83804589387332	0.94123215153478	0	1.9006006086159	0.16195410612668	n0	/public4/group_crf/home/cuirf/deepsea/cellpaper/hyphy/Relax_Macrourus_sp/hyphytmp/11571610/	1
N1.HOG0006545	Success	OG0000971	97	0.24740237999951	-6262.8759008865	-6020.5968065069	-6019.9278500904	4.2112826124813	1.3379128329634	1.1380955859433e-05	0.59984689916976	0.056759968365545	0.35613541984776	4.7122410526318	0.044017680982478	1.5141590064097e-21	0.59984689916976	5.6613414390407e-06	0.35613541984776	684.14988554699	0.044017680982478	n16	/public4/group_crf/home/cuirf/deepsea/cellpaper/hyphy/Relax_Macrourus_sp/hyphytmp/60862518/	0.488548607861101
N1.HOG0018902	Success	OG0006639	178	0	-16694.960595539	-16207.720272916	-16135.633675341	50	144.17319514909	4.5191783791033e-19	0.68679575630056	4.5191783791033e-19	0.11268706686652	1.4623644560379	0.20051717683292	0	0.68679575630056	0	0.11268706686652	178970368.29187	0.20051717683292	n0	/public4/group_crf/home/cuirf/deepsea/cellpaper/hyphy/Relax_Macrourus_sp/hyphytmp/68797538/	0
N1.HOG0013988	Success	OG0003729	213	0.048358142151692	-20501.825345749	-20119.527004047	-20117.578256223	1.7665907059104	3.8974956489255	0.0010161941039787	0.50572155113163	0.16422089235119	0.47036038108188	6.5188288669803	0.023918067786498	5.1588488551393e-06	0.50572155113163	0.041113373806606	0.47036038108188	27.434965167713	0.023918067786498	n107	/public4/group_crf/home/cuirf/deepsea/cellpaper/hyphy/Relax_Macrourus_sp/hyphytmp/76981199/	0.137386849664854
N1.HOG0007534	Success	OG0001192	163	0.84121906613624	-12269.712735403	-11885.376539581	-11885.356472646	0.90953212552423	0.040133868951671	8.9091541424378e-07	0.3227659504721	0.015232215492238	0.61298627721386	2.9181174958478	0.064247772314044	3.1418243950235e-06	0.3227659504721	0.022241528871555	0.61298627721386	2.6486581835134	0.064247772314044	n123	/public4/group_crf/home/cuirf/deepsea/cellpaper/hyphy/Relax_Macrourus_sp/hyphytmp/43021814/	1
N1.HOG0002983	Success	OG0000343	300	0.28834234258303	-23800.715704806	-23180.275869383	-23179.712196832	0.67497022091273	1.1273451026791	0	0.18634829276797	0.046444953674872	0.80096484048532	38.129654311548	0.012686866746717	0	0.18634829276797	0.12595726091367	0.80096484048532	11.676302754799	0.012686866746717	n2	/public4/group_crf/home/cuirf/deepsea/cellpaper/hyphy/Relax_Macrourus_sp/hyphytmp/70123298/	0.542576281005088
N1.HOG0017054	Success	OG0005438	179	0.076522557521869	-14493.328219573	-14369.284886286	-14367.716259443	0.23097294300346	3.1372536860836	0.0038774067858261	0.37888376200885	0.33401705336284	0.59106993525779	6.3061595893239	0.030046302733357	0.27734369825514	0.37888376200885	0.77625326760429	0.59106993525779	1.5301149761635	0.030046302733357	n0	/public4/group_crf/home/cuirf/deepsea/cellpaper/hyphy/Relax_Macrourus_sp/hyphytmp/87747742/	0.200711074538276
N1.HOG0022649	Success	OG0009673	269	0.19346867020083	-23466.668146129	-23022.755753247	-23021.910251237	0.3591705744379	1.6910040198345	0.00020438858551689	0.34501228059646	0.059260599232547	0.58395467140051	2.1493146121462	0.071033048003037	0.047296019484659	0.34501228059646	0.36242126603556	0.58395467140051	1.3162924150574	0.071033048003037	n0	/public4/group_crf/home/cuirf/deepsea/cellpaper/hyphy/Relax_Macrourus_sp/hyphytmp/22721271/	0.412893385596306
N1.HOG0018607	Success	OG0006418	69	2.3274833726994e-08	-3992.3663502937	-3927.538424806	-3911.9383508309	3.2317896471023e-06	31.200147950268	0	0.62927259288781	0.017924503000083	0.31462235023114	1.9654514116806	0.056105056881051	0	0.62927259288781	0.99998700316246	0.31462235023114	1.0000021837936	0.056105056881051	n10	/public4/group_crf/home/cuirf/deepsea/cellpaper/hyphy/Relax_Macrourus_sp/hyphytmp/32680251/	1.70153890821173e-07
N1.HOG0001508	Success	OG0000151	51	0.0075559219288648	-952.06947009885	-935.83184820326	-932.26393982768	0.17688860632232	7.1358167511712	0	0.75043416351173	0.010040320693543	0.24717050834023	4.0777837882158	0.0023953281480422	0	0.75043416351173	0.44313077781636	0.24717050834023	1.282262924207	0.0023953281480422	n475	/public4/group_crf/home/cuirf/deepsea/cellpaper/hyphy/Relax_Macrourus_sp/hyphytmp/38529120/	0.0269876795712884
N1.HOG0015661	Success	OG0004644	227	0.052617633755948	-7709.6447859813	-7413.5133831783	-7411.635372396	0.29253855386599	3.7560215646299	0	0.54212148120651	0.026936868472816	0.43433239650067	202.9284745054	0.023546122292814	0	0.54212148120651	0.34738895980471	0.43433239650067	4.7313685827754	0.023546122292814	n0	/public4/group_crf/home/cuirf/deepsea/cellpaper/hyphy/Relax_Macrourus_sp/hyphytmp/79350687/	0.147949418646021
N1.HOG0025428	Success	OG0012351	76	0.76200785251856	-6332.9029352784	-6278.5329457649	-6278.4870881641	0.32521252902451	0.0917152014772	0	0.77539854744356	0.65891648423908	0.22378604965617	325.28036336861	0.0008154029002674	0	0.77539854744356	0.8731349393	0.22378604965617	6.5617205055168	0.0008154029002674	n0	/public4/group_crf/home/cuirf/deepsea/cellpaper/hyphy/Relax_Macrourus_sp/hyphytmp/30631929/	0.994023910878425
N1.HOG0021837	Success	OG0008926	272	5.8073907104217e-05	-24895.141367025	-24338.202354481	-24330.120130622	0.30426340062342	16.164447719544	4.3219176211459e-05	0.50281669355629	0.18739487768876	0.49084454392369	15.926259500701	0.0063387625200198	0.046999808217454	0.50281669355629	0.60079566372312	0.49084454392369	2.3214494379711	0.0063387625200198	n0	/public4/group_crf/home/cuirf/deepsea/cellpaper/hyphy/Relax_Macrourus_sp/hyphytmp/53949835/	0.000279470510938501
N1.HOG0011624	Success	OG0002554	202	0	-19052.063739422	-18480.820692266	-18439.672706255	50	82.29597202233	9.2742853872305e-12	0.78608423333002	0.95966071480804	0.052549970559162	1.2064063914965	0.16136579611082	0	0.78608423333002	0.12761033026283	0.052549970559162	11876.308501513	0.16136579611082	n121	/public4/group_crf/home/cuirf/deepsea/cellpaper/hyphy/Relax_Macrourus_sp/hyphytmp/92510049/	0
N1.HOG0027172	Success	OG0014002	254	1	-20951.187623434	-20599.937837269	-20599.937837269	1	0	0.00015377050655622	0.4787804442882	0.15803425837387	0.45992570610432	3.2916677192028	0.06129384960748	0.00015377050655622	0.4787804442882	0.15803425837387	0.45992570610432	3.2916677192028	0.06129384960748	n0	/public4/group_crf/home/cuirf/deepsea/cellpaper/hyphy/Relax_Macrourus_sp/hyphytmp/93228117/	1
N1.HOG0007437	Success	OG0001167	90	0.0034610321013262	-6655.1504342538	-6438.309565893	-6434.036095024	0.076549140945832	8.5469417379754	9.4419886159106e-17	0.84741467107571	0.83535463122615	0.14725816226841	9999999171.5964	0.0053271666558778	0.059334170480914	0.84741467107571	0.9863232789234	0.14725816226841	5.8276224368548	0.0053271666558778	n202	/public4/group_crf/home/cuirf/deepsea/cellpaper/hyphy/Relax_Macrourus_sp/hyphytmp/85339166/	0.0131549848453062
N1.HOG0024738	Success	OG0011677	115	0.21951803227726	-9196.7222418446	-8929.3220869778	-8928.5683274013	1.1518718965806	1.5075191530232	0.00024171985686204	0.50372640074012	0.017997992175175	0.38189045843804	1	0.11438314082184	6.8240014804311e-05	0.50372640074012	0.0097778107528913	0.38189045843804	1	0.11438314082184	n10	/public4/group_crf/home/cuirf/deepsea/cellpaper/hyphy/Relax_Macrourus_sp/hyphytmp/70346198/	0.451114807957336
N1.HOG0014237	Success	OG0003858	436	0.090580945536374	-37591.379437135	-37083.168305754	-37081.736296464	0.40060018034055	2.8640185797121	2.1329420568373e-09	0.11359084472699	0.042966780714169	0.80147835555053	1.711140419151	0.084930799722474	0.00033603726918938	0.11359084472699	0.2834214785604	0.80147835555053	1.2400930497376	0.084930799722474	n105	/public4/group_crf/home/cuirf/deepsea/cellpaper/hyphy/Relax_Macrourus_sp/hyphytmp/34040894/	0.230545280639245
N1.HOG0023117	Success	OG0010118	99	0.013893999658459	-8074.0409500861	-7942.9100410433	-7939.8842599848	45.150377963062	6.051562116967	0.00071762587574377	0.57407284778785	0.17333507300051	0.41666053263532	10.913744595752	0.0092666195768239	1.1030886164559e-142	0.57407284778785	4.3195195226645e-35	0.41666053263532	7.3267059437549e+46	0.0092666195768239	n0	/public4/group_crf/home/cuirf/deepsea/cellpaper/hyphy/Relax_Macrourus_sp/hyphytmp/52086401/	0.0466208816664698
N1.HOG0020885	Success	OG0008108	144	0.54923488388345	-8502.92570427	-8147.9860741073	-8147.8067292926	8.5087827478815	0.35868962948371	6.1201217326464e-05	0.6619080230167	0.024218004223989	0.33224300041057	642.3416193348	0.0058489765727344	1.414023707439e-36	0.6619080230167	1.7823142306462e-14	0.33224300041057	7.7744814274557e+23	0.0058489765727344	n0	/public4/group_crf/home/cuirf/deepsea/cellpaper/hyphy/Relax_Macrourus_sp/hyphytmp/82809601/	0.843391195725252
N1.HOG0016471	Success	OG0005106	67	0.045691971490432	-3283.8612489734	-3290.992775151	-3288.9963180282	0	3.9929142456394	2.4598980734055e-06	0.98417835093671	0.68577242910372	0.014999875482337	509.6674158244	0.00082177358095305	1	0.98417835093671	1	0.014999875482337	1	0.00082177358095305	n2	/public4/group_crf/home/cuirf/deepsea/cellpaper/hyphy/Relax_Macrourus_sp/hyphytmp/84191035/	0.130613655608257
N1.HOG0018623	Success	OG0006429	59	5.9654800199649e-07	-5115.169034018	-4967.5618387498	-4955.10015264	3.9826063231953e-06	24.923372219646	0	0.53480024358709	0.064839955809089	0.38294999110205	2.6435247190491	0.082249765310861	0	0.53480024358709	0.9999891043125	0.38294999110205	1.0000038715515	0.082249765310861	n2	/public4/group_crf/home/cuirf/deepsea/cellpaper/hyphy/Relax_Macrourus_sp/hyphytmp/72394767/	3.78180615287812e-06
N1.HOG0007992	Success	OG0001301	109	0.053894369011553	-8250.7102938642	-8059.4235257208	-8057.5655417663	0.53245373639388	3.7159679089946	0.0018753384431814	0.63951548238779	0.68107518848784	0.35316280515535	9999999171.5964	0.007321712456855	0.035321657434711	0.63951548238779	0.81504968902273	0.35316280515535	211123.87324506	0.007321712456855	n115	/public4/group_crf/home/cuirf/deepsea/cellpaper/hyphy/Relax_Macrourus_sp/hyphytmp/77779357/	0.150798902217994
N1.HOG0023700	Success	OG0010673	155	0.77017928905752	-13370.331560488	-13098.914791905	-13098.872118903	1.0126803197809	0.085346005314932	0.00035929740574769	0.4116015981626	0.067833372801657	0.55470325502081	3.0919222196813	0.033695146816585	0.00032491977042791	0.4116015981626	0.065558006698727	0.55470325502081	3.1364965573856	0.033695146816585	n0	/public4/group_crf/home/cuirf/deepsea/cellpaper/hyphy/Relax_Macrourus_sp/hyphytmp/71048756/	0.998590637065979
N1.HOG0003241	Success	OG0000381	88	9.8332008147128e-06	-3499.1644824499	-3430.2162338273	-3420.4444571954	1.5532004139504e-06	19.54355326373	0	0.67001775732273	0.050360880620349	0.32288362611103	7.2898961121054	0.0070986165662394	0	0.67001775732273	0.9999953582083	0.32288362611103	1.0000030854208	0.0070986165662394	n117	/public4/group_crf/home/cuirf/deepsea/cellpaper/hyphy/Relax_Macrourus_sp/hyphytmp/40118452/	5.29574890271993e-05
N1.HOG0013700	Success	OG0003579	115	0.9838118194292	-8883.5991102251	-8779.4192867329	-8779.4190808854	0.98853443826381	0.00041169496398652	1.7075502786217e-05	0.15068372703764	0.081161105667994	0.83560700254264	8.1001152188362	0.013709270419723	1.9365870182071e-05	0.15068372703764	0.083532002576993	0.83560700254264	7.9081488393108	0.013709270419723	n115	/public4/group_crf/home/cuirf/deepsea/cellpaper/hyphy/Relax_Macrourus_sp/hyphytmp/53120370/	1
N1.HOG0021959	Success	OG0009041	161	3.9968028886506e-15	-10119.44774359	-9976.9218590911	-9946.0625045157	1.2858132446792e-06	61.71870915094	0	0.59759282686456	0.03838109261304	0.33607424756889	1	0.06633292556655	0	0.59759282686456	0.99999580801289	0.33607424756889	1	0.06633292556655	n12	/public4/group_crf/home/cuirf/deepsea/cellpaper/hyphy/Relax_Macrourus_sp/hyphytmp/44847842/	5.0489024725748e-14
N1.HOG0007509	Success	OG0001186	117	0	-11315.747398045	-11063.714775911	-11028.638305022	20.169658754846	70.152941776825	0.00081929348144659	0.49347182541951	0.068012574423308	0.39870204276119	1.6489531038407	0.1078261318193	5.5606809611466e-63	0.49347182541951	2.8426462815173e-24	0.39870204276119	24044.590249399	0.1078261318193	n1	/public4/group_crf/home/cuirf/deepsea/cellpaper/hyphy/Relax_Macrourus_sp/hyphytmp/22280013/	0
N1.HOG0023615	Success	OG0010590	92	1.3087329486794e-07	-9571.9821733849	-9461.6632490954	-9447.7366185295	33.447949461639	27.853261131786	0.00014042122290183	0.34396218649541	0.037053651799623	0.47372329943881	1.0892612017625	0.18231451406578	1.3788764511492e-129	0.34396218649541	1.3499949803951e-48	0.47372329943881	17.457836611074	0.18231451406578	n0	/public4/group_crf/home/cuirf/deepsea/cellpaper/hyphy/Relax_Macrourus_sp/hyphytmp/28816065/	8.81726747384788e-07
N1.HOG0014507	Success	OG0003997	222	0.76853972999239	-21895.620487748	-21367.355438222	-21367.312136236	0.75730476292225	0.086603972224111	6.7126048147032e-05	0.38112011401537	0.074330657704803	0.55469021466378	2.5308748114385	0.064189671320852	0.0006913289421111	0.38112011401537	0.13967868296223	0.55469021466378	2.0202205952097	0.064189671320852	n101	/public4/group_crf/home/cuirf/deepsea/cellpaper/hyphy/Relax_Macrourus_sp/hyphytmp/50591055/	0.997776379746346
N1.HOG0027689	Success	OG0014492	120	0.42229343544752	-9052.9669977965	-8887.8548736299	-8887.5329116489	0.68984897303266	0.64392396189214	0.0092015053078247	0.62655764008376	0.7379748605378	0.35771162225052	30.92591589217	0.015730737665715	0.039388563291747	0.62655764008376	0.81090244697555	0.35771162225052	10.668355880833	0.015730737665715	n0	/public4/group_crf/home/cuirf/deepsea/cellpaper/hyphy/Relax_Macrourus_sp/hyphytmp/52615722/	0.708402807850467
N1.HOG0022235	Success	OG0009303	150	0.68727309853362	-13511.832905938	-12997.763870996	-12997.682844353	1.7357373136616	0.16205328678552	0	0.53558948958509	0.075818986745236	0.45078376178988	10.185048289589	0.013626748625026	0	0.53558948958509	0.011365507519511	0.45078376178988	56.177078556706	0.013626748625026	n0	/public4/group_crf/home/cuirf/deepsea/cellpaper/hyphy/Relax_Macrourus_sp/hyphytmp/69935755/	0.962339815131735
N1.HOG0020099	Success	OG0007498	363	0	-25101.81212498	-24303.698250003	-24230.580938473	11.047249447397	146.23462305924	0	0.23589799714238	0.0063959027453392	0.58656071069632	1.543196392868	0.17754129216129	0	0.23589799714238	5.7709915669361e-25	0.58656071069632	120.65240744219	0.17754129216129	n2	/public4/group_crf/home/cuirf/deepsea/cellpaper/hyphy/Relax_Macrourus_sp/hyphytmp/22731300/	0
N1.HOG0022903	Success	OG0009915	270	1.3100631690577e-14	-20762.536688776	-20369.478685907	-20339.79734711	2.7114397464242e-06	59.362677594443	0	0.51030563351646	0.040476782742949	0.3740060819219	1	0.11568828456164	0	0.51030563351646	0.99999130437805	0.3740060819219	1	0.11568828456164	n0	/public4/group_crf/home/cuirf/deepsea/cellpaper/hyphy/Relax_Macrourus_sp/hyphytmp/50156191/	1.58499191862051e-13
N1.HOG0016078	Success	OG0004878	214	0.10508760423184	-8161.1393887637	-7935.1241940577	-7933.8109021893	11.242741340254	2.6265837367173	0.00024204581335953	0.50828296374838	0.038931390551552	0.40131138742408	NA	NA	2.2135828273172e-41	0.50828296374838	222.37990844946	0.40131138742408	NA	NA	n0	/public4/group_crf/home/cuirf/deepsea/cellpaper/hyphy/Relax_Macrourus_sp/hyphytmp/82429058/	0.260078951958662
N1.HOG0006055	Success	OG0000877	72	0.020975028297408	-3841.5883510949	-3769.348935337	-3766.684502341	0.33165988730283	5.3288659919499	0	0.53007858515713	0.19276804787782	0.45767520782137	5968.7733843429	0.012246207021494	0	0.53007858515713	0.57926168741785	0.45767520782137	17.877616777304	0.012246207021494	n205	/public4/group_crf/home/cuirf/deepsea/cellpaper/hyphy/Relax_Macrourus_sp/hyphytmp/11591141/	0.0671044666945008
N1.HOG0022089	Success	OG0009166	139	0.85257022867873	-10058.741810381	-9930.1248292796	-9930.1075610252	1.1099396999745	0.034536508803285	0.018026130347611	0.024694539950561	0.026045417362987	0.90552603386552	1.7519183499347	0.069779426183915	0.011591962087012	0.024694539950561	0.017440434397345	0.90552603386552	1.8633125213687	0.069779426183915	n0	/public4/group_crf/home/cuirf/deepsea/cellpaper/hyphy/Relax_Macrourus_sp/hyphytmp/88307318/	1
N1.HOG0020160	Success	OG0007544	583	2.5592084007542e-11	-33233.204691832	-32238.426589034	-32216.182588243	3.9703714122398	44.488001582627	0.00054197504987188	0.65168828859981	0.082535375279834	0.33148601044199	11.301708578153	0.016825700958202	1.07816382756e-13	0.65168828859981	4.9964200706239e-05	0.33148601044199	15183.547262668	0.016825700958202	n0	/public4/group_crf/home/cuirf/deepsea/cellpaper/hyphy/Relax_Macrourus_sp/hyphytmp/67920981/	2.31504697283623e-10
N1.HOG0023469	Success	OG0010451	86	0.24439933067561	-4922.5614074251	-4858.7311810864	-4858.0536621911	50	1.3550377904994	0	0.9136394884673	0.69573519768711	0.086360511532703	74.9028040344	0	0	0.9136394884673	1.3249477665405e-08	0.086360511532703	5.3076686758209e+93	0	n0	/public4/group_crf/home/cuirf/deepsea/cellpaper/hyphy/Relax_Macrourus_sp/hyphytmp/85675320/	0.486533082387831
N1.HOG0025230	Success	OG0012153	246	0.067442130681451	-20525.220030099	-20149.92657085	-20148.254469336	2.8028934854956	3.3442030288206	4.7892994949089e-06	0.60387937379082	0.11865663996916	0.37409411933281	3.3387836726281	0.02202650687637	1.2284826672674e-15	0.60387937379082	0.0025429581131875	0.37409411933281	29.346896608977	0.02202650687637	n0	/public4/group_crf/home/cuirf/deepsea/cellpaper/hyphy/Relax_Macrourus_sp/hyphytmp/67104657/	0.182469817740625
N1.HOG0016982	Success	OG0005397	124	0.47696121621493	-10139.038752028	-10040.885531502	-10040.632629824	0.59808568783135	0.50580335646373	0.00088883571353741	0.46035600817064	0.1696126627343	0.47165581324769	2.3540786459673	0.067988178581665	0.014966967165806	0.46035600817064	0.34605889818491	0.47165581324769	1.6687097339722	0.067988178581665	n0	/public4/group_crf/home/cuirf/deepsea/cellpaper/hyphy/Relax_Macrourus_sp/hyphytmp/75790279/	0.764455663604797
N1.HOG0021821	Success	OG0008911	436	0.066870736766904	-30115.85247168	-29496.441079729	-29494.761974964	0.066890271015256	3.3582095302118	1.5855092741667e-05	0.62529722122145	0.20328961175066	0.36815492514976	23.805354154886	0.0065478536287933	0.47746109456581	0.62529722122145	0.89891709020477	0.36815492514976	1.2361926020142	0.0065478536287933	n0	/public4/group_crf/home/cuirf/deepsea/cellpaper/hyphy/Relax_Macrourus_sp/hyphytmp/72988295/	0.181491193942403
N1.HOG0017404	Success	OG0005658	390	0.75145685115806	-24539.578737152	-23745.52989181	-23745.479736357	1.128131168061	0.10031090776465	1.0928913288903e-05	0.35564393436033	0.049244549509287	0.63167184641054	30.868772798924	0.012684219229133	2.5285063781254e-06	0.35564393436033	0.033481776545885	0.63167184641054	47.904159012561	0.012684219229133	n0	/public4/group_crf/home/cuirf/deepsea/cellpaper/hyphy/Relax_Macrourus_sp/hyphytmp/48152189/	0.989274230106933
N1.HOG0026497	Success	OG0013382	152	0.99999847815597	-16715.814854089	-16246.121676781	-16246.121676781	0.91960717416615	3.6379788070917e-12	0.00016306077171803	0.49929362727935	0.1428662487436	0.43819375434864	5.9808498646922	0.062512618372014	0.00032873763079408	0.49929362727935	0.16705798381546	0.43819375434864	5.1798446632143	0.062512618372014	n0	/public4/group_crf/home/cuirf/deepsea/cellpaper/hyphy/Relax_Macrourus_sp/hyphytmp/41024831/	1
N1.HOG0013084	Success	OG0003261	269	0.23482546177148	-20131.017692328	-19555.6110252	-19554.905329233	0.46777334083312	1.4113919338051	6.2868361306252e-05	0.67716114689835	0.082200715883597	0.31564780772293	562.16942545637	0.0071910453787145	0.010829753349855	0.67716114689835	0.31074756491778	0.31564780772293	19.333682278894	0.0071910453787145	n3	/public4/group_crf/home/cuirf/deepsea/cellpaper/hyphy/Relax_Macrourus_sp/hyphytmp/51856414/	0.472954447037987
N1.HOG0022507	Success	OG0009539	807	4.3322435638871e-09	-65648.297598228	-64163.306413925	-64146.072205956	2.7072873801947	34.46841593775	1.076581533652e-05	0.35691263736462	0.11372854741735	0.61948201495233	8.3661400587283	0.023605347683051	3.5507765077171e-14	0.35691263736462	0.0027795045609109	0.61948201495233	314.44206866799	0.023605347683051	n0	/public4/group_crf/home/cuirf/deepsea/cellpaper/hyphy/Relax_Macrourus_sp/hyphytmp/79136721/	3.36778029084074e-08
N1.HOG0012212	Success	OG0002815	201	0.99195678584125	-19120.988915124	-18593.024722358	-18593.024671546	1.0020020104603	0.00010162343096454	0.000137963236453	0.48547218539688	0.16406745713535	0.47828326925935	7.3568138035827	0.036244545343773	0.00013552990682029	0.48547218539688	0.16347483729619	0.47828326925935	7.3862650251413	0.036244545343773	n140	/public4/group_crf/home/cuirf/deepsea/cellpaper/hyphy/Relax_Macrourus_sp/hyphytmp/31613586/	1
N1.HOG0026143	Success	OG0013050	98	8.3854422738838e-08	-7091.8305201381	-7000.8102712144	-6986.4528023327	2.6717317344341e-06	28.714937763325	0	0.43611512467148	0.038465890173296	0.45477144645684	1	0.10911342887168	0	0.43611512467148	0.99999129558024	0.45477144645684	1	0.10911342887168	n0	/public4/group_crf/home/cuirf/deepsea/cellpaper/hyphy/Relax_Macrourus_sp/hyphytmp/23434881/	5.80894751069854e-07
N1.HOG0002048	Success	OG0000222	432	0	-22729.755994343	-22553.071226275	-22512.7820318	1.5025059816701e-09	80.578388949725	0	0.64058933709943	0.22726631741497	0.32480445356625	2.1081705487213	0.034606209334316	0	0.64058933709943	0.99999999777384	0.32480445356625	1.0000000011206	0.034606209334316	n214	/public4/group_crf/home/cuirf/deepsea/cellpaper/hyphy/Relax_Macrourus_sp/hyphytmp/21554252/	0
N1.HOG0020747	Success	OG0008002	260	0.44320376255794	-18368.083751771	-17989.068296358	-17988.774309527	0.59139185105297	0.58797366197541	0.0002729191669964	0.44537909558018	0.074215150277638	0.53518881189004	6.0581270129199	0.019432092529789	0.007803682152733	0.44537909558018	0.21479220228733	0.53518881189004	2.9018071026458	0.019432092529789	n0	/public4/group_crf/home/cuirf/deepsea/cellpaper/hyphy/Relax_Macrourus_sp/hyphytmp/45056149/	0.724487859400222
N1.HOG0018795	Success	OG0006553	121	0.4841891961891	-7730.3131030961	-7592.8273318122	-7592.582625231	1.1806118811371	0.48941316224591	0.0015227604206787	0.61917593276976	0.14165856227328	0.35470326874067	4.0339045952846	0.026120798489568	0.00047182545786751	0.61917593276976	0.099528440812363	0.35470326874067	5.1895161374152	0.026120798489568	n0	/public4/group_crf/home/cuirf/deepsea/cellpaper/hyphy/Relax_Macrourus_sp/hyphytmp/80595326/	0.772364938767757
N1.HOG0015436	Success	OG0004507	149	0.075197461669789	-12525.812477621	-12399.674921468	-12398.092041826	0.19294361132571	3.1657592836855	0.0020174860597488	0.53062292085582	0.15755297134705	0.44560571108222	2.5013221868173	0.023771368061958	0.30198155205529	0.53062292085582	0.70008148085983	0.44560571108222	1.1935051225853	0.023771368061958	n2	/public4/group_crf/home/cuirf/deepsea/cellpaper/hyphy/Relax_Macrourus_sp/hyphytmp/70963734/	0.198143004829291
N1.HOG0008948	Success	OG0001598	370	0.23957263412064	-26392.394578072	-26063.916128208	-26063.224574748	0.53931802346005	1.3831069196967	0.047060509121741	0.85383862795886	1	0.13958745758292	14.646637373553	0.0065739144582197	0.19237108413551	0.85383862795886	1	0.13958745758292	4.2530792563807	0.0065739144582197	n140	/public4/group_crf/home/cuirf/deepsea/cellpaper/hyphy/Relax_Macrourus_sp/hyphytmp/98820849/	0.47955271841008
N1.HOG0019998	Success	OG0007418	304	0.25470231850275	-22783.808959271	-22225.143686638	-22224.495023856	1.4941228035306	1.2973255646066	0.00011474737943975	0.43752881385538	0.066108453135965	0.53670943541696	5.3744472212075	0.025761750727652	1.2964979366417e-06	0.43752881385538	0.017271063237428	0.53670943541696	12.336966579761	0.025761750727652	n0	/public4/group_crf/home/cuirf/deepsea/cellpaper/hyphy/Relax_Macrourus_sp/hyphytmp/58944729/	0.497814087813111
N1.HOG0014198	Success	OG0003834	139	5.5511151231258e-16	-10735.435945668	-10453.475371583	-10420.713904665	44.638233524096	65.522933834822	0.0032808935385793	0.12218751794018	0.029768122064872	0.68866820809313	1.4641280629363	0.18914427396669	1.3130370800697e-111	0.12218751794018	7.4295116322874e-69	0.68866820809313	24612569.909837	0.18914427396669	n110	/public4/group_crf/home/cuirf/deepsea/cellpaper/hyphy/Relax_Macrourus_sp/hyphytmp/97572273/	7.6294526252241e-15
N1.HOG0025258	Success	OG0012181	364	0.8817166638992	-29903.532304397	-29176.063201127	-29176.05213139	0.99571873573615	0.022139473927382	0.00058088190519275	0.54866754722716	0.12975024674085	0.43102470979352	6.5200873146966	0.02030774297932	0.0005997104868715	0.54866754722716	0.13088962112811	0.43102470979352	6.4679607779094	0.02030774297932	n0	/public4/group_crf/home/cuirf/deepsea/cellpaper/hyphy/Relax_Macrourus_sp/hyphytmp/58658161/	1
N1.HOG0014488	Success	OG0003992	75	0.17708835240012	-5306.7814587221	-5283.2611830702	-5282.3502375774	0	1.8218909857442	0	0.61739302738411	0.2658492645483	0.37805455821959	9.3450752595824	0.0045524143963049	1	0.61739302738411	1	0.37805455821959	1	0.0045524143963049	n1	/public4/group_crf/home/cuirf/deepsea/cellpaper/hyphy/Relax_Macrourus_sp/hyphytmp/69952864/	0.387070978910186
N1.HOG0014782	Success	OG0004153	41	0.00032789718464643	-3335.9330973412	-3312.448356095	-3305.996403245	50	12.903905699946	0	0.48735061840481	0.25009513130183	0.30763039982958	1.1575030008144	0.20501898176561	0	0.48735061840481	8.0401076155399e-31	0.30763039982958	1500.0518805961	0.20501898176561	n2	/public4/group_crf/home/cuirf/deepsea/cellpaper/hyphy/Relax_Macrourus_sp/hyphytmp/41009266/	0.00142614522334827
N1.HOG0009632	Success	OG0001809	233	0.29083661833238	-14512.961803721	-14048.821744116	-14048.263871857	0.61996712989196	1.1157445166791	0.00023037463924118	0.89740999783682	1.2920585019994	0	NA	NA	0.0055568549604974	0.89740999783682	0.86703212927177	0	NA	NA	n200	/public4/group_crf/home/cuirf/deepsea/cellpaper/hyphy/Relax_Macrourus_sp/hyphytmp/88324380/	0.546073563163966
N1.HOG0010469	Success	OG0002084	288	0	-21481.991425206	-20957.950675332	-20917.698090651	9.6116345113389	80.505169362652	0.00041445255321125	0.6358240581725	0.056609424748053	0.30314978421781	1.9470384672884	0.061026157609695	3.078961361784e-33	0.6358240581725	1.0309138880617e-12	0.30314978421781	604.45258238595	0.061026157609695	n1	/public4/group_crf/home/cuirf/deepsea/cellpaper/hyphy/Relax_Macrourus_sp/hyphytmp/42241531/	0
N1.HOG0024191	Success	OG0011141	90	6.6613381477509e-16	-5625.8017458598	-5488.2585855505	-5455.5659459422	4.0742623921742e-07	65.385279216523	0	0.63525681124861	0.08045049551043	0.357472018392	62.695600408822	0.0072711703593964	0	0.63525681124861	0.99999897324026	0.357472018392	1.0000016860499	0.0072711703593964	n0	/public4/group_crf/home/cuirf/deepsea/cellpaper/hyphy/Relax_Macrourus_sp/hyphytmp/72428989/	9.01116451798114e-15
N1.HOG0022540	Success	OG0009572	146	3.6375613632345e-09	-6651.9382573183	-6529.7699412779	-6512.3656227544	1.4211700946235e-06	34.808637047072	0	0.67849222065362	0.044279690504827	0.31910574638527	6530.3429894958	0.0024020329611075	0	0.67849222065362	0.99999556989695	0.31910574638527	1.0000124839412	0.0024020329611075	n0	/public4/group_crf/home/cuirf/deepsea/cellpaper/hyphy/Relax_Macrourus_sp/hyphytmp/28403500/	2.85357553517665e-08
N1.HOG0020756	Success	OG0008007	201	0.72819459366952	-16535.158775687	-16094.842289195	-16094.781901297	0.98704878789697	0.12077579700053	1.479986718599e-05	0.548113248442	0.013157843578602	0.38483485793624	1.04374744073	0.067051893621758	1.7092627709128e-05	0.548113248442	0.01391693365268	0.38483485793624	1.0431688024074	0.067051893621758	n0	/public4/group_crf/home/cuirf/deepsea/cellpaper/hyphy/Relax_Macrourus_sp/hyphytmp/38741156/	0.978442283998021
N1.HOG0009256	Success	OG0001682	447	0.079104680135557	-20923.160690741	-20082.032207203	-20080.490606522	1.1620213728492	3.0832013603504	0.00011931267582306	0.51535171886071	0.029060613750808	0.47787739036266	49.510160066411	0.0067708907766296	2.760742876462e-05	0.51535171886071	0.016380506008714	0.47787739036266	93.168913808383	0.0067708907766296	n36	/public4/group_crf/home/cuirf/deepsea/cellpaper/hyphy/Relax_Macrourus_sp/hyphytmp/82699119/	0.206224340626536
N1.HOG0014683	Success	OG0004099	174	0.30883203482477	-17079.073573021	-16865.239108173	-16864.721276121	0.30720570736784	1.035664105686	7.1881985020749e-08	0.42287835277336	0.07186616290878	0.45316876602444	1.3333239014082	0.1239528812022	0.0063901773721855	0.42287835277336	0.44536674649859	0.45316876602444	1.0923981328536	0.1239528812022	n97	/public4/group_crf/home/cuirf/deepsea/cellpaper/hyphy/Relax_Macrourus_sp/hyphytmp/56128599/	0.567878517281352
N1.HOG0009546	Success	OG0001776	398	0.40751221289247	-28477.429970585	-27852.292700314	-27851.949676824	2.1922255060634	0.68604697964474	1.9089534206606e-05	0.26214256304598	0.10299144344256	0.68947439488202	4.3286741798875	0.048383042072003	4.5127279979749e-11	0.26214256304598	0.0068523176992994	0.68947439488202	24.833242955438	0.048383042072003	n2	/public4/group_crf/home/cuirf/deepsea/cellpaper/hyphy/Relax_Macrourus_sp/hyphytmp/83643869/	0.691853103334287
N1.HOG0027872	Success	OG0014667	50	0.011177123599207	-1843.6257319299	-1830.1264054682	-1826.9079371892	7.4902213601676	6.4369365579905	0.012395256698841	0.26388209485402	0.1314280460608	0.68706912016404	2.536942687565	0.049048784981939	5.2247053886287e-15	0.26388209485402	2.5048309269303e-07	0.68706912016404	1067.5207186285	0.049048784981939	n0	/public4/group_crf/home/cuirf/deepsea/cellpaper/hyphy/Relax_Macrourus_sp/hyphytmp/44492697/	0.038558832014935
N1.HOG0022052	Success	OG0009130	195	0.31062028823928	-12087.925878718	-11780.362044767	-11779.848026526	0.56946155765259	1.0280364817554	1.2270655825514e-05	0.49630929657797	0.074145843570643	0.49174690074605	20.373270442506	0.01194380267598	0.0015969782204325	0.49630929657797	0.2272782491656	0.49174690074605	5.5649308721799	0.01194380267598	n0	/public4/group_crf/home/cuirf/deepsea/cellpaper/hyphy/Relax_Macrourus_sp/hyphytmp/79869255/	0.569525779290377
N1.HOG0011006	Success	OG0002301	186	0	-17890.836645797	-17505.089782963	-17463.978591464	20.267704588266	82.222382997388	0.00026191396234907	0.55772804462652	0.031129592107582	0.29927286045412	1.3523968326887	0.14299909491936	2.5368667281395e-73	0.55772804462652	2.8845908150788e-31	0.29927286045412	454.12988309677	0.14299909491936	n87	/public4/group_crf/home/cuirf/deepsea/cellpaper/hyphy/Relax_Macrourus_sp/hyphytmp/50616304/	0
N1.HOG0003599	Success	OG0000441	126	0.041101177037583	-15402.764965934	-15153.569284782	-15151.483365531	2.270749157766	4.1718385031782	0.0025523758644087	0.54949681481611	0.47278150952119	0.41466220106356	8.1259730506282	0.035840984120332	1.2936646195144e-06	0.54949681481611	0.18248852699775	0.41466220106356	116.43907521925	0.035840984120332	n5	/public4/group_crf/home/cuirf/deepsea/cellpaper/hyphy/Relax_Macrourus_sp/hyphytmp/11465239/	0.119075585414111
N1.HOG0015037	Success	OG0004283	281	0.092349369212696	-17309.417121615	-17148.985973787	-17147.569505628	0	2.8329363181037	5.6958225512854e-05	0.69174415948474	0.13991999509229	0.30710998162025	17.795692171272	0.0011458588950093	1	0.30710998162025	1	0.69174415948474	1	0.0011458588950093	n2	/public4/group_crf/home/cuirf/deepsea/cellpaper/hyphy/Relax_Macrourus_sp/hyphytmp/22584897/	0.234006218742495
N1.HOG0011936	Success	OG0002683	206	0.37690069800893	-12394.495698552	-12170.636843712	-12170.246450446	0.22332311481378	0.78078653297416	7.7815722565021e-05	0.43992581056552	0.016099886006558	0.5147500928502	1.400468446769	0.045324096584281	0.12088721239037	0.43992581056552	0.39768762997711	0.5147500928502	1.0781177972738	0.045324096584281	n1	/public4/group_crf/home/cuirf/deepsea/cellpaper/hyphy/Relax_Macrourus_sp/hyphytmp/86457808/	0.654717289362327
N1.HOG0004361	Success	OG0000542	187	0.71536752372831	-11358.932765944	-10985.432594265	-10985.366106932	0.77941674127916	0.13297466585936	0.00018468980655665	0.72310384306083	0.058801071007514	0.27119228077626	17.006227164091	0.0057038761629041	0.0012302775874454	0.72310384306083	0.10985966015057	0.27119228077626	9.1024113595452	0.0057038761629041	n179	/public4/group_crf/home/cuirf/deepsea/cellpaper/hyphy/Relax_Macrourus_sp/hyphytmp/99385225/	0.97493203711678
N1.HOG0027059	Success	OG0013898	53	0.90412140924043	-4775.7571505563	-4687.6796427051	-4687.6723878016	1.41560756297	0.014509807142531	0.0015948663937369	0.28867571460373	0.047697532116159	0.47681144950447	1.4036780246556	0.2345128358918	0.00010968705421995	0.28867571460373	0.013466936565443	0.47681144950447	1.6161177045427	0.2345128358918	n0	/public4/group_crf/home/cuirf/deepsea/cellpaper/hyphy/Relax_Macrourus_sp/hyphytmp/60953099/	1
N1.HOG0014264	Success	OG0003872	133	0.85973556274168	-7794.6478804952	-7705.5442125813	-7705.5285992291	0.83145771615734	0.031226704353685	0.0018684573949263	0.87768887476859	0.44035973994546	0.12231112523141	1582.3633325844	0	0.0053870828214279	0.87768887476859	0.50563960810065	0.12231112523141	457.18064414369	0	n4	/public4/group_crf/home/cuirf/deepsea/cellpaper/hyphy/Relax_Macrourus_sp/hyphytmp/37692973/	1
N1.HOG0024642	Success	OG0011585	98	0.0029054488685032	-9940.0304969272	-9790.7878266683	-9786.3548701332	0.26689877070367	8.8659130700507	0.0067594477397844	0.73670575381523	1	0.2595929547295	9999999171.5964	0.0037012914552727	0.26351538189135	0.73670575381523	1	0.2595929547295	466.64616111268	0.0037012914552727	n0	/public4/group_crf/home/cuirf/deepsea/cellpaper/hyphy/Relax_Macrourus_sp/hyphytmp/60560625/	0.0111918411571491
N1.HOG0016225	Success	OG0004973	57	0.23941975054292	-3355.7146703043	-3340.580164974	-3339.8881613666	0.27374958905222	1.384007214815	0.024341579486058	0.9634146530833	0.54210153836955	0.033334446295919	9.4571452723183	0.0032509006207837	0.36162932016573	0.9634146530833	0.84567732172352	0.033334446295919	1.849753746133	0.0032509006207837	n72	/public4/group_crf/home/cuirf/deepsea/cellpaper/hyphy/Relax_Macrourus_sp/hyphytmp/14166341/	0.47955271841008
N1.HOG0022352	Success	OG0009405	98	0.056933522293121	-9603.8309672936	-9443.5176944173	-9441.7054275347	4.0863421150378	3.6245337653127	9.3255916323042e-06	0.56544183401514	0.1069055779079	0.32310859881198	1.6672640013614	0.11144956717288	2.7821260045772e-21	0.56544183401514	0.00010768700539721	0.32310859881198	8.0758049294163	0.11144956717288	n0	/public4/group_crf/home/cuirf/deepsea/cellpaper/hyphy/Relax_Macrourus_sp/hyphytmp/37852009/	0.158271506957252
N1.HOG0027507	Success	OG0014316	78	0.011231613682919	-5454.4640588135	-5410.5593573241	-5407.3452081717	0.43762545303903	6.4282983047597	0.0051697144020934	0.57662189910582	0.90099728448483	0.42337810089418	1582.3633325844	0	0.099851539156959	0.57662189910582	0.95540133396494	0.42337810089418	25.124523266723	0	n0	/public4/group_crf/home/cuirf/deepsea/cellpaper/hyphy/Relax_Macrourus_sp/hyphytmp/91712324/	0.0386691629403905
N1.HOG0023719	Success	OG0010692	272	0.93249672950733	-26787.866502205	-26362.561217491	-26362.557630109	1.002002002002	0.0071747647089069	0.001418799660427	0.57465372322869	0.26094508728213	0.41072754101291	5.2342197121401	0.014618735758406	0.0014002939619664	0.57465372322869	0.26024419752597	0.41072754101291	5.2515933741895	0.014618735758406	n0	/public4/group_crf/home/cuirf/deepsea/cellpaper/hyphy/Relax_Macrourus_sp/hyphytmp/62371006/	1
N1.HOG0021795	Success	OG0008896	235	0.00082290202885849	-21835.184037985	-21108.422280682	-21102.827854236	1.9256181394061	11.188852892999	0.00019590011190141	0.56130151627801	0.048919546920731	0.42362173804377	68.697975369799	0.015076745678217	7.242270259933e-08	0.56130151627801	0.002995322491864	0.42362173804377	3445.5024890905	0.015076745678217	n0	/public4/group_crf/home/cuirf/deepsea/cellpaper/hyphy/Relax_Macrourus_sp/hyphytmp/50156874/	0.00343142156693904
N1.HOG0026899	Success	OG0013755	96	1.820921054374e-05	-9948.0184567375	-9779.9743561286	-9770.7903642763	0.26554391939692	18.367983704655	8.116987594792e-06	0.40840047256411	0.1159336826015	0.52042511140309	2.603632623198	0.071174416032797	0.044485734435011	0.40840047256411	0.56429546204137	0.52042511140309	1.2893020214254	0.071174416032797	n0	/public4/group_crf/home/cuirf/deepsea/cellpaper/hyphy/Relax_Macrourus_sp/hyphytmp/81784312/	9.47982536792282e-05
N1.HOG0025236	Success	OG0012159	127	0.066499261043886	-10791.255105881	-10603.170691731	-10601.486999614	8.5759693539907	3.3673842338685	6.1367278829936e-07	0.53706150597983	0.010817131799079	0.34060970973521	1.3030838907578	0.12232878428497	5.3154120711931e-54	0.53706150597983	1.3823111112731e-17	0.34060970973521	9.682769025729	0.12232878428497	n0	/public4/group_crf/home/cuirf/deepsea/cellpaper/hyphy/Relax_Macrourus_sp/hyphytmp/81381974/	0.181055040369883
N1.HOG0004648	Success	OG0000601	235	0	-23226.063927946	-22727.81083412	-22687.916844372	50	79.787979496068	1.1517252565684e-16	0.033858704145039	1.3380430166015e-16	0.766920514579	1.5571387099078	0.19922078127596	0	0.766920514579	0	0.033858704145039	4133948501.0462	0.19922078127596	n235	/public4/group_crf/home/cuirf/deepsea/cellpaper/hyphy/Relax_Macrourus_sp/hyphytmp/33667546/	0
N1.HOG0025364	Success	OG0012287	64	0.91100634209108	-5842.9533455627	-5720.277907552	-5720.2716613655	1.2233309933374	0.012492373019995	5.4234458137304e-05	0.41678508893478	0.11245363368867	0.40963300487231	2.8048999046727	0.1735819061929	6.0479302252982e-06	0.41678508893478	0.069028186022472	0.40963300487231	3.5314348484239	0.1735819061929	n0	/public4/group_crf/home/cuirf/deepsea/cellpaper/hyphy/Relax_Macrourus_sp/hyphytmp/68477813/	1
N1.HOG0026010	Success	OG0012918	286	3.3306690738755e-16	-33191.728203653	-32682.337260821	-32649.012964353	45.091199260141	66.64859293693	0.00021532394447262	0.51427071682422	0.23529369819948	0.45533095064913	5.9631349350353	0.03039833252665	4.5158077705313e-166	0.51427071682422	4.6254568384461e-29	0.45533095064913	9.2700348614897e+34	0.03039833252665	n0	/public4/group_crf/home/cuirf/deepsea/cellpaper/hyphy/Relax_Macrourus_sp/hyphytmp/15083048/	4.65210525928302e-15
N1.HOG0024283	Success	OG0011233	38	0.80754632441496	-2776.0884544941	-2765.6255804711	-2765.5959117825	0.71823821388779	0.059337377188967	0.0083093995816181	0.72484610636593	0.46427638959452	0.27515389363407	1582.3633325844	0	0.032044641467729	0.72484610636593	0.57632335494591	0.27515389363407	198.54729673228	0	n0	/public4/group_crf/home/cuirf/deepsea/cellpaper/hyphy/Relax_Macrourus_sp/hyphytmp/43515883/	1
N1.HOG0020579	Success	OG0007859	169	0.0064685897669986	-12281.792726014	-11961.30605133	-11957.598601164	0.12519066351569	7.4149003330822	0.00014408691557462	0.60757631183164	0.038604522371295	0.37968972912944	4.4843035697574	0.012733959038915	0.33044231642048	0.60757631183164	0.66536552755922	0.37968972912944	1.2066633721657	0.012733959038915	n0	/public4/group_crf/home/cuirf/deepsea/cellpaper/hyphy/Relax_Macrourus_sp/hyphytmp/20135024/	0.0232977719490641
N1.HOG0018031	Success	OG0006046	304	0.90963904419007	-18634.764660777	-18160.219323817	-18160.21288339	0.92752033713984	0.012880852380476	0.00096212045445178	0.69668942415959	0.027293462770429	0.24368331694804	NA	NA	0.0015917833595786	0.69668942415959	1.6456647382901	0.059627258892369	NA	NA	n16	/public4/group_crf/home/cuirf/deepsea/cellpaper/hyphy/Relax_Macrourus_sp/hyphytmp/57139120/	1
N1.HOG0002730	Success	OG0000309	208	0.96183726004598	-14721.279918056	-14352.541036439	-14352.539891716	1.0028039254957	0.0022894457324583	0.00012752945064114	0.65729868331333	0.049058642669359	0.33896516524873	9999999171.5964	0.0037361514379412	0.00012436292007399	0.65729868331333	0.048645692709127	0.33896516524873	10666924443.352	0.0037361514379412	n19	/public4/group_crf/home/cuirf/deepsea/cellpaper/hyphy/Relax_Macrourus_sp/hyphytmp/85467561/	1
N1.HOG0026640	Success	OG0013518	76	0.62531542833395	-5805.8731529869	-5645.9174865912	-5645.7982530231	0.95220906099443	0.23846713623425	9.2973507101812e-06	0.47635702288973	0.25695839771255	0.49365353646757	11.248441431119	0.029989440642697	1.6174320756157e-05	0.47635702288973	0.27419910046442	0.49365353646757	10.019814027742	0.029989440642697	n1	/public4/group_crf/home/cuirf/deepsea/cellpaper/hyphy/Relax_Macrourus_sp/hyphytmp/97614292/	0.911962568656813
N1.HOG0012071	Success	OG0002752	179	0.83056575946323	-14439.051407153	-14033.661488135	-14033.638595267	0.99372505684146	0.045785735990648	0.00045600340580954	0.70575257237418	0.12257699529206	0.28771577719107	13.174195841446	0.0065316504347535	0.00047855611684014	0.70575257237418	0.12420216129547	0.28771577719107	12.962772824713	0.0065316504347535	n140	/public4/group_crf/home/cuirf/deepsea/cellpaper/hyphy/Relax_Macrourus_sp/hyphytmp/18425965/	1
N1.HOG0027839	Success	OG0014634	109	0.10293906699667	-4250.2417829862	-4227.9902762167	-4226.6605724201	0.29708210208902	2.6594075931989	0.0012936072115088	0.29912801321166	0.080683963371891	0.64867038428556	1	0.052201602502779	0.13866542722884	0.29912801321166	0.47339759836719	0.64867038428556	1	0.052201602502779	n0	/public4/group_crf/home/cuirf/deepsea/cellpaper/hyphy/Relax_Macrourus_sp/hyphytmp/54879616/	0.256047800200871
N1.HOG0012760	Success	OG0003090	154	0.99152786817251	-13081.167386743	-12947.765537381	-12947.765481006	0.98901326522718	0.00011275131328148	0	0.73714559643777	0.3704332854944	0.24836503604733	5.024432672874	0.014489367514905	0	0.73714559643777	0.37449711151078	0.24836503604733	4.9361048232785	0.014489367514905	n108	/public4/group_crf/home/cuirf/deepsea/cellpaper/hyphy/Relax_Macrourus_sp/hyphytmp/39530160/	1
N1.HOG0015244	Success	OG0004390	187	0.41144987819827	-11711.934237909	-11438.522841595	-11438.185537929	1.5572232401428e-07	0.67460733242478	0	0.56174463913985	0.10417949947306	0.40911193159063	3.342266774355	0.029143429269526	0	0.56174463913985	0.99999964781224	0.40911193159063	1.0000001879022	0.029143429269526	n111	/public4/group_crf/home/cuirf/deepsea/cellpaper/hyphy/Relax_Macrourus_sp/hyphytmp/90761763/	0.6959235321954
N1.HOG0012365	Success	OG0002894	62	0.89041984856663	-5451.9865432018	-5383.2190849836	-5383.2095942882	0.94701248043736	0.018981390867339	0.0076471835697737	0.72293686274893	0.86181561357224	0.27563441111156	9999999171.5964	0.0014287261395043	0.009900326569522	0.72293686274893	0.86863353289508	0.27563441111156	2952057213.8815	0.0014287261395043	n102	/public4/group_crf/home/cuirf/deepsea/cellpaper/hyphy/Relax_Macrourus_sp/hyphytmp/11677851/	1
N1.HOG0027384	Success	OG0014195	67	1	-5438.151674718	-5322.2498343187	-5322.2498343187	1	-1.8189894035459e-12	0.0030240333098047	0.72079496846518	1	0.27782591854754	3999.9985252659	0.0013791129872817	0.0030240333098047	0.72079496846518	1	0.27782591854754	3999.9985252659	0.0013791129872817	n0	/public4/group_crf/home/cuirf/deepsea/cellpaper/hyphy/Relax_Macrourus_sp/hyphytmp/18318723/	1
N1.HOG0025484	Success	OG0012407	206	0.044350340582426	-22765.129311085	-22413.625170055	-22411.603583177	0	4.0431737571489	0.023645727849318	0.48581326832125	0.17392883541162	0.39445302439464	2.7228555369726	0.11973370728411	1	0.48581326832125	1	0.39445302439464	1	0.11973370728411	n0	/public4/group_crf/home/cuirf/deepsea/cellpaper/hyphy/Relax_Macrourus_sp/hyphytmp/97812410/	0.127201811553602
N1.HOG0013325	Success	OG0003384	437	0.78964359009549	-29353.852916504	-28002.992696575	-28002.957112536	1.1011326115461	0.07116807874263	0	0.49908375850913	0.048298626013237	0.48732888752187	19.885362770432	0.013587353968995	0	0.49908375850913	0.035549841044081	0.48732888752187	26.906524520237	0.013587353968995	n1	/public4/group_crf/home/cuirf/deepsea/cellpaper/hyphy/Relax_Macrourus_sp/hyphytmp/17054786/	1
N1.HOG0007267	Success	OG0001123	213	0.66051549014519	-17985.327661025	-17601.61459918	-17601.518150172	0.75567122952307	0.19289801598643	0.00022218017485009	0.45920274522456	0.075296277245628	0.51640997311391	4.5952167490353	0.024387281661533	0.0017350432514336	0.45920274522456	0.14164787159596	0.51640997311391	3.1658154208446	0.024387281661533	n1	/public4/group_crf/home/cuirf/deepsea/cellpaper/hyphy/Relax_Macrourus_sp/hyphytmp/30761284/	0.941714200887499
N1.HOG0003078	Success	OG0000357	200	0.00015949446195063	-12863.161422059	-12648.551533247	-12641.423197658	0.10906222280763	14.256671179901	0.043284330181779	0.92431399534326	0.7997412159046	0.058536491200318	8.6653720899439	0.017149513456421	0.71002754160346	0.92431399534326	0.97592277772793	0.058536491200318	1.2655437352288	0.017149513456421	n2	/public4/group_crf/home/cuirf/deepsea/cellpaper/hyphy/Relax_Macrourus_sp/hyphytmp/20228493/	0.000730697295016486
N1.HOG0013604	Success	OG0003524	210	0.050964067023112	-17245.774021209	-17022.886624595	-17020.981897694	0	3.8094538035657	0.0003924075448604	0.76984903922039	0.41562820885463	0.22750073002091	37.905746767834	0.0026502307587012	1	0.76984903922039	1	0.22750073002091	1	0.0026502307587012	n2	/public4/group_crf/home/cuirf/deepsea/cellpaper/hyphy/Relax_Macrourus_sp/hyphytmp/54462900/	0.14424426218403
N1.HOG0006381	Success	OG0000944	219	0.91530205731248	-17569.240143501	-17045.31728744	-17045.311631929	1.0161432590754	0.011311020869471	0	0.45455903356503	0.0019749658439472	0.50785296127373	2.3183520070049	0.037588005161248	0	0.45455903356503	0.0017860808205307	0.50785296127373	2.3500362586713	0.037588005161248	n1	/public4/group_crf/home/cuirf/deepsea/cellpaper/hyphy/Relax_Macrourus_sp/hyphytmp/92443718/	1
N1.HOG0026169	Success	OG0013076	73	0.35241127492784	-5878.6649389759	-5788.0357962073	-5787.6034183915	44.139276214489	0.86475563168278	0.00031690853941019	0.47388880287692	0.10678355603029	0.52384684794258	3999.9983996005	0.0022643491805018	3.5789593526783e-155	0.47388880287692	1.3148810248095e-43	0.52384684794258	9.8245627010071e+158	0.0022643491805018	n0	/public4/group_crf/home/cuirf/deepsea/cellpaper/hyphy/Relax_Macrourus_sp/hyphytmp/25191338/	0.622243134970225
N1.HOG0020621	Success	OG0007896	137	1	-6280.7041116132	-6122.6532851546	-6122.7161293313	1	-0.12568835334059	0.0027558167940382	0.9729888697176	0.015268625601698	0.0014243053083583	NA	NA	0	0.0014243053083583	0.0027558167940382	0.9729888697176	NA	NA	n0	/public4/group_crf/home/cuirf/deepsea/cellpaper/hyphy/Relax_Macrourus_sp/hyphytmp/67912833/	1
N1.HOG0005437	Success	OG0000770	187	0.24517195726881	-13031.941262675	-12759.565281423	-12758.88997772	9.5428809449197e-07	1.3506074068027	0	0.25981039607053	0.011182254354106	0.71518492822332	2.6000170742349	0.025004675706152	0	0.25981039607053	0.99999571198512	0.71518492822332	1.0000009118399	0.025004675706152	n174	/public4/group_crf/home/cuirf/deepsea/cellpaper/hyphy/Relax_Macrourus_sp/hyphytmp/62542343/	0.486942685072619
N1.HOG0027341	Success	OG0014161	58	0.12931085527603	-5143.600983739	-5088.4036695976	-5087.2532904484	6.9903296513181	2.3007582984665	0.0013188966664613	0.40846474401225	0.20019602421294	0.51182871082422	2.2983847453522	0.079706545163529	7.401571860312e-21	0.40846474401225	1.309011035893e-05	0.51182871082422	336.09653095195	0.079706545163529	n0	/public4/group_crf/home/cuirf/deepsea/cellpaper/hyphy/Relax_Macrourus_sp/hyphytmp/77766070/	0.303907044273898
N1.HOG0027193	Success	OG0014022	73	1	-5279.0586580387	-5212.2686819315	-5212.2901503573	0.99751993801141	-0.042936851654304	0.0013645071611433	0.64124263797385	0.28678980272164	0.35831735998234	9999999171.5964	0.00044000204381157	0.0013870153162015	0.64124263797385	0.28767954347275	0.35831735998234	9444943063.4396	0.00044000204381157	n0	/public4/group_crf/home/cuirf/deepsea/cellpaper/hyphy/Relax_Macrourus_sp/hyphytmp/12329686/	1
N1.HOG0022062	Success	OG0009140	110	0.53651210653429	-11379.691886108	-11278.665699717	-11278.474678429	1.6969805296487	0.38204257591133	0.0027629012187793	0.3136186439451	0.097967638258647	0.56682033604268	1.2768780732686	0.11956102001222	4.5503712420538e-05	0.3136186439451	0.019403804105361	0.56682033604268	1.5140266325089	0.11956102001222	n0	/public4/group_crf/home/cuirf/deepsea/cellpaper/hyphy/Relax_Macrourus_sp/hyphytmp/27348168/	0.831884295149739
N1.HOG0004631	Success	OG0000596	302	3.5753419114215e-09	-24734.473318708	-23887.262222729	-23869.841109399	0.29996422747603	34.84222666065	7.195440383713e-05	0.5315267784878	0.094623069638246	0.43737128671388	4.8620750762073	0.031101934798324	0.057182800025179	0.5315267784878	0.49298731086587	0.43737128671388	1.6070223943414	0.031101934798324	n2	/public4/group_crf/home/cuirf/deepsea/cellpaper/hyphy/Relax_Macrourus_sp/hyphytmp/61388493/	2.81763183661566e-08
N1.HOG0027214	Success	OG0014041	47	0.053326962538156	-3627.8441327991	-3600.905128901	-3599.0383073373	50	3.7336431272415	0.065333632694981	0.70586102365769	0.86724305835077	0.28180012480051	7.3538765000491	0.012338851541804	5.7126856890463e-60	0.70586102365769	0.0008073123864642	0.28180012480051	2.1174667806296e+43	0.012338851541804	n0	/public4/group_crf/home/cuirf/deepsea/cellpaper/hyphy/Relax_Macrourus_sp/hyphytmp/79573064/	0.1494546845686
N1.HOG0022080	Success	OG0009157	179	0.72135680036577	-13165.984866344	-13023.224244456	-13023.160646254	1.5708785578999	0.12719640333671	0.00034503561879295	0.51663295307811	0.12868850528645	0.46162345170287	4.5846294167668	0.021743595219023	3.642542972405e-06	0.51663295307811	0.039920419553382	0.46162345170287	10.935248221977	0.021743595219023	n0	/public4/group_crf/home/cuirf/deepsea/cellpaper/hyphy/Relax_Macrourus_sp/hyphytmp/96824908/	0.9758196716759
N1.HOG0020062	Success	OG0007471	313	0.91438737552654	-20266.184439619	-19397.459975437	-19397.454196642	1.0040080158316	0.011557591555174	0	0.4299408775585	0.026409288986298	0.54287408349775	7.9898999797551	0.027185038943749	0	0.4299408775585	0.026027417875337	0.54287408349775	8.0567287577589	0.027185038943749	n0	/public4/group_crf/home/cuirf/deepsea/cellpaper/hyphy/Relax_Macrourus_sp/hyphytmp/60271009/	1
N1.HOG0021849	Success	OG0008937	236	0.45681713980312	-17599.191840958	-17226.687029497	-17226.410188519	0.26345220093652	0.55368195522169	2.1432933108647e-05	0.39520062786947	0.11289380965662	0.57547636553547	4.9314715680407	0.029323006595051	0.058879372617548	0.39520062786947	0.56289042398511	0.57547636553547	1.5225311717004	0.029323006595051	n0	/public4/group_crf/home/cuirf/deepsea/cellpaper/hyphy/Relax_Macrourus_sp/hyphytmp/51537327/	0.74108767344831
N1.HOG0022894	Success	OG0009906	165	0.44747334720222	-11621.886293959	-11530.151016671	-11529.86249471	0.44623143032487	0.5770439225671	1.648037799908e-06	0.62495567014902	0.16226512103556	0.36438550286329	3.7435669391019	0.010658826987697	0.0026268119783882	0.62495567014902	0.44419907676906	0.36438550286329	1.802262534633	0.010658826987697	n0	/public4/group_crf/home/cuirf/deepsea/cellpaper/hyphy/Relax_Macrourus_sp/hyphytmp/90498908/	0.730065726964306
N1.HOG0014603	Success	OG0004047	282	1	-12408.784525994	-12301.287653249	-12301.626636441	1	-0.67796638523578	0.0048432037697739	0.98162662352193	1	0.018373376478073	15.076522974478	0	0.0048432037697739	0.98162662352193	1	0.018373376478073	15.076522974478	0	n109	/public4/group_crf/home/cuirf/deepsea/cellpaper/hyphy/Relax_Macrourus_sp/hyphytmp/53425386/	1
N1.HOG0026668	Success	OG0013545	89	0.26687813588752	-9150.5377606882	-9047.7678519128	-9047.151490422	0.028083724210571	1.232722981702	0.00022437377632465	0.34286927096877	0.19298712477336	0.59723472208148	2.4723469594178	0.059896006949747	0.78980832432196	0.34286927096877	0.95484960951054	0.59723472208148	1.0257463410747	0.059896006949747	n0	/public4/group_crf/home/cuirf/deepsea/cellpaper/hyphy/Relax_Macrourus_sp/hyphytmp/74920820/	0.514586574023299
N1.HOG0023535	Success	OG0010515	140	0.021748534231171	-13838.698649067	-13360.436942291	-13357.804046676	1.9456733955325	5.265791230544	0.00023295850575805	0.48966842869729	0.14449870759974	0.47877670707007	14.645634917739	0.031554864232633	8.5489064398581e-08	0.48966842869729	0.023193680147628	0.47877670707007	185.39048448889	0.031554864232633	n0	/public4/group_crf/home/cuirf/deepsea/cellpaper/hyphy/Relax_Macrourus_sp/hyphytmp/16321790/	0.0691925589058366
N1.HOG0014616	Success	OG0004055	185	0.99999695631195	-15950.843592432	-15474.278777136	-15474.278777136	0.951076424773	1.4551915228367e-11	1.4889422524893e-05	0.52424156655	0.022774622814228	0.37684451471629	1.6840236274679	0.09891391873371	2.5647080072986e-05	0.52424156655	0.027403785103292	0.37684451471629	1.6416267426041	0.09891391873371	n2	/public4/group_crf/home/cuirf/deepsea/cellpaper/hyphy/Relax_Macrourus_sp/hyphytmp/23554495/	1
N1.HOG0013875	Success	OG0003675	159	0.9314910795782	-11382.283459823	-11212.028464178	-11212.024768845	0.99496003155159	0.007390664810373	0.00069110812128232	0.50696133726441	0.065424151214949	0.4780142781335	4.2621529671454	0.015024384602086	0.00071692641950768	0.50696133726441	0.066329502455541	0.4780142781335	4.2311236945462	0.015024384602086	n1	/public4/group_crf/home/cuirf/deepsea/cellpaper/hyphy/Relax_Macrourus_sp/hyphytmp/57549207/	1
N1.HOG0019159	Success	OG0006802	230	0.42622963957229	-17209.254505942	-16846.829779959	-16846.513242483	1.6268862109501	0.6330749523986	0.00016642741009609	0.51969475757161	0.064337059192266	0.47056545482329	4.821594375116	0.0097397876051016	7.1180793008624e-07	0.51969475757161	0.011521312746201	0.47056545482329	12.926277748323	0.0097397876051016	n0	/public4/group_crf/home/cuirf/deepsea/cellpaper/hyphy/Relax_Macrourus_sp/hyphytmp/14097390/	0.708891745821369
N1.HOG0022752	Success	OG0009768	374	0.28267803554893	-23268.937039823	-22686.725705922	-22686.148621197	1.5649980841372e-07	1.1541694505504	0	0.8577791462461	1	0.13650946705192	24.232362345894	0.0057113867019775	0	0.8577791462461	1	0.13650946705192	1.0000004988728	0.0057113867019775	n0	/public4/group_crf/home/cuirf/deepsea/cellpaper/hyphy/Relax_Macrourus_sp/hyphytmp/63476930/	0.537213346319759
N1.HOG0020765	Success	OG0008016	39	0.18555684698381	-3469.9747025496	-3410.342895203	-3409.4666216543	1.5649681522657	1.7525470973287	0.00084074591296058	0.43416098562615	0.12474292113541	0.51226610437525	4.3141094226321	0.053572909998596	1.5388571238684e-05	0.43416098562615	0.038485194759268	0.51226610437525	9.8533620287169	0.053572909998596	n0	/public4/group_crf/home/cuirf/deepsea/cellpaper/hyphy/Relax_Macrourus_sp/hyphytmp/47575535/	0.399482033982689
N1.HOG0025936	Success	OG0012844	120	5.8175686490358e-14	-10795.851662357	-10636.502155122	-10608.286093507	27.016061972725	56.432123231127	0	0.4824925254244	0.022531194454533	0.29735287352236	1.1851915075726	0.22015460105324	0	0.4824925254244	3.1529442392899e-45	0.29735287352236	98.508912306854	0.22015460105324	n0	/public4/group_crf/home/cuirf/deepsea/cellpaper/hyphy/Relax_Macrourus_sp/hyphytmp/24711104/	6.57538351252862e-13
N1.HOG0018829	Success	OG0006581	110	0.71496450350093	-5837.8535149022	-5787.3284948526	-5787.2618104996	0.57656365005772	0.13336870599596	0.00077045732766642	0.61781738427071	0.097538846396537	0.37476673823948	2.8821116055743	0.0074158774898158	0.016032911802439	0.61781738427071	0.26133438523127	0.37476673823948	1.8409946799258	0.0074158774898158	n0	/public4/group_crf/home/cuirf/deepsea/cellpaper/hyphy/Relax_Macrourus_sp/hyphytmp/90266313/	0.97493203711678
N1.HOG0024586	Success	OG0011529	134	0.48855776604905	-10355.903902593	-10170.993778879	-10170.753928361	0.61922175807942	0.47970103650368	0	0.61096646470619	0.17572843323774	0.36553847537077	4.5448375415039	0.023495059923039	0	0.61096646470619	0.34071382687575	0.36553847537077	2.5535812282427	0.023495059923039	n0	/public4/group_crf/home/cuirf/deepsea/cellpaper/hyphy/Relax_Macrourus_sp/hyphytmp/17556703/	0.777889010261601
N1.HOG0022754	Success	OG0009770	117	0	-8252.9172261475	-8166.1381227002	-8120.6994368835	0.14075191635723	90.87737163342	8.2197300758513e-06	0.43320685484279	0.011717457705767	0.56014135007178	3.2046664075366	0.0066517950854337	0.19242276729162	0.43320685484279	0.53479162749566	0.56014135007178	1.1781210133999	0.0066517950854337	n0	/public4/group_crf/home/cuirf/deepsea/cellpaper/hyphy/Relax_Macrourus_sp/hyphytmp/86209539/	0
N1.HOG0018481	Success	OG0006344	420	0.0054878812635704	-28459.18401676	-27491.141202028	-27487.285594695	1.003241487044	7.7112146672225	5.7053708944807e-05	0.45167474822184	0.040939258324187	0.54281899624496	53.272732949209	0.0055062555331999	5.5274895660007e-05	0.45167474822184	0.040517369331957	0.54281899624496	53.963662897022	0.0055062555331999	n6	/public4/group_crf/home/cuirf/deepsea/cellpaper/hyphy/Relax_Macrourus_sp/hyphytmp/13755266/	0.0200599574698169
N1.HOG0022747	Success	OG0009763	145	0.00055998334455343	-10381.852884632	-10136.541749285	-10130.589496569	2.9992585709149	11.904505431856	0.040198727313502	0.2838361796539	0.043442108370194	0.68219347389634	5.6382209473093	0.033970346449756	6.5113612159411e-05	0.2838361796539	8.2175541851878e-05	0.68219347389634	179.00672772254	0.033970346449756	n0	/public4/group_crf/home/cuirf/deepsea/cellpaper/hyphy/Relax_Macrourus_sp/hyphytmp/99004899/	0.0023754355208464
N1.HOG0018516	Success	OG0006364	86	2.1867030408629e-09	-6926.7518724024	-6863.0386419537	-6845.1387417883	44.540057533431	35.799800330817	0.0028622352979166	0.54737438582939	0.091324842265055	0.35153290508234	1.1053263253374	0.10109270908827	5.2663439397253e-114	0.54737438582939	5.0649035074962e-47	0.35153290508234	86.510730688417	0.10109270908827	n12	/public4/group_crf/home/cuirf/deepsea/cellpaper/hyphy/Relax_Macrourus_sp/hyphytmp/69760821/	1.76373512873355e-08
N1.HOG0028106	Success	OG0014889	32	0.97015212385979	-1355.8041190142	-1340.2921839306	-1340.2914838961	1.0000000001644	0.0014000688934175	0.00035484936554323	0.25000759503345	0.21130097161605	0.72473781155226	31.270783206456	0.025254593414287	0.00035484936507968	0.25000759503345	0.21130097156204	0.72473781155226	31.270783224159	0.025254593414287	n0	/public4/group_crf/home/cuirf/deepsea/cellpaper/hyphy/Relax_Macrourus_sp/hyphytmp/33066249/	1
N1.HOG0025727	Success	OG0012647	250	0.092017267833036	-18345.57771843	-17753.353885811	-17751.934523888	0.59794415228811	2.8387238457653	2.1629883332974e-05	0.34942399203139	0.02771268484603	0.63902743840496	15.494278503312	0.01154856956365	0.0016241379876465	0.34942399203139	0.11716793540888	0.63902743840496	5.1482070349166	0.01154856956365	n0	/public4/group_crf/home/cuirf/deepsea/cellpaper/hyphy/Relax_Macrourus_sp/hyphytmp/27439639/	0.233509108031249
N1.HOG0024015	Success	OG0010966	66	0.88053600580103	-7864.2498464969	-7700.9542539436	-7700.9429604365	1.0624701474368	0.022587014162127	0.0016082615856722	0.39732659454594	0.30626588394695	0.49648249910505	4.8096297929481	0.10619090634902	0.0010760622084216	0.39732659454594	0.28444291915238	0.49648249910505	5.305462685777	0.10619090634902	n0	/public4/group_crf/home/cuirf/deepsea/cellpaper/hyphy/Relax_Macrourus_sp/hyphytmp/55453026/	1
N1.HOG0026931	Success	OG0013786	106	0.23143629753673	-7565.2453904787	-7406.3300440696	-7405.6140378792	1.0116211400326	1.4320123808466	6.7489759842654e-05	0.57417109723526	0.09816000322936	0.41722251902271	6.4471165872889	0.0086063837420287	6.0362729851103e-05	0.57417109723526	0.095547580563452	0.41722251902271	6.5882682540447	0.0086063837420287	n0	/public4/group_crf/home/cuirf/deepsea/cellpaper/hyphy/Relax_Macrourus_sp/hyphytmp/33694892/	0.467223923816806
N1.HOG0014858	Success	OG0004195	148	0.86511864322203	-11765.303964993	-11523.284448757	-11523.270022202	0.58762925272381	0.028853109048214	8.3220175256175e-05	0.55589337111717	0.058184395703809	0.37260510203085	1.8496033108107	0.071501526851978	0.0040050412755998	0.55589337111717	0.18800274187786	0.37260510203085	1.4353016849607	0.071501526851978	n99	/public4/group_crf/home/cuirf/deepsea/cellpaper/hyphy/Relax_Macrourus_sp/hyphytmp/36088544/	1
N1.HOG0027071	Success	OG0013910	63	0.98081898728902	-6131.9915208991	-6066.0812497916	-6066.0809607791	0.96853299999508	0.00057802499395621	2.5366897571465e-05	0.56242225020739	0.30144948174918	0.41082015375269	3.483527536597	0.026757596039929	3.5390058003202e-05	0.56242225020739	0.31304163095767	0.41082015375269	3.3493731015012	0.026757596039929	n0	/public4/group_crf/home/cuirf/deepsea/cellpaper/hyphy/Relax_Macrourus_sp/hyphytmp/54258210/	1
N1.HOG0017290	Success	OG0005584	149	1	-15033.134122728	-14562.620655102	-14562.621284774	1.0015651559187	-0.0012593439569173	0.0036833266656336	0.33778149297861	0.14586691870133	0.63900553585677	28.632087191009	0.023212971164614	0.0036511613345718	0.33778149297861	0.14542808020825	0.63900553585677	28.782811270197	0.023212971164614	n2	/public4/group_crf/home/cuirf/deepsea/cellpaper/hyphy/Relax_Macrourus_sp/hyphytmp/99985680/	1
N1.HOG0011148	Success	OG0002358	131	8.959499808725e-13	-10446.775481244	-10307.409054346	-10281.879216728	8.1347528071954e-07	51.059675235658	0	0.31202901050467	0.011820778622871	0.55890909222905	1.0421624296321	0.12906189726628	0	0.31202901050467	0.9999963898875	0.55890909222905	1.0000000335948	0.12906189726628	n131	/public4/group_crf/home/cuirf/deepsea/cellpaper/hyphy/Relax_Macrourus_sp/hyphytmp/61202238/	9.1621551615414e-12
N1.HOG0026642	Success	OG0013519	84	0.013219789499196	-6608.1663658317	-6501.3717750684	-6498.3020465178	0	6.139457101177	0.00017620306067026	0.57827938489582	0.25618031527621	0.41884105115064	78.748477942394	0.002879563953534	1	0.57827938489582	1	0.41884105115064	1	0.002879563953534	n0	/public4/group_crf/home/cuirf/deepsea/cellpaper/hyphy/Relax_Macrourus_sp/hyphytmp/85298719/	0.0447960519913584
N1.HOG0005250	Success	OG0000728	32	2.6865954162791e-05	-2266.7767151747	-2233.5849829494	-2224.7711780804	50	17.627609738099	0	0.21829509285991	0.03508105405221	0.62144335445569	1.3767190194467	0.1602615526844	0	0.21829509285991	1.7932122183799e-73	0.62144335445569	8755190.7566605	0.1602615526844	n2	/public4/group_crf/home/cuirf/deepsea/cellpaper/hyphy/Relax_Macrourus_sp/hyphytmp/15426324/	0.000134564750004883
N1.HOG0022856	Success	OG0009871	81	0.10550943408945	-8184.531214452	-7989.1283361483	-7987.8182233097	1.5585259063167	2.6202256771958	0	0.54724839648536	0.23916721269756	0.41568844730031	8.3655044454637	0.037063156214329	0	0.54724839648536	0.10756981304384	0.41568844730031	27.398569573317	0.037063156214329	n0	/public4/group_crf/home/cuirf/deepsea/cellpaper/hyphy/Relax_Macrourus_sp/hyphytmp/13501290/	0.260078951958662
N1.HOG0018903	Success	OG0006640	415	0.031961477243564	-23113.4060509	-22809.223884057	-22806.923603056	0.55571220170871	4.6005620014548	0.013005899958331	0.81660031260332	0.31419551432451	0.17433918094748	9.7632105992917	0.0090605064492015	0.089537469167787	0.81660031260332	0.52551836069344	0.17433918094748	3.5475515458517	0.0090605064492015	n0	/public4/group_crf/home/cuirf/deepsea/cellpaper/hyphy/Relax_Macrourus_sp/hyphytmp/87524879/	0.0962136022693245
N1.HOG0016180	Success	OG0004941	52	0.75655894935101	-2976.9937242898	-2944.0195209619	-2943.9714701437	0.82741347601828	0.09610163634261	0.00036831846390535	0.54650716436417	0.1047876449125	0.45259320668086	9999999171.5964	0.00089962895497525	0.0014416075315432	0.54650716436417	0.15466475489829	0.45259320668086	187989992.44045	0.00089962895497525	n93	/public4/group_crf/home/cuirf/deepsea/cellpaper/hyphy/Relax_Macrourus_sp/hyphytmp/95621124/	0.991082352177402
N1.HOG0015575	Success	OG0004591	305	0	-21346.912321346	-20917.777179778	-20837.446277142	50	160.6618052722	1.8816629042886e-05	0.44004315875549	0.052912740861053	0.45818661828733	1.1559049112762	0.10177022295718	5.3344685446132e-237	0.44004315875549	1.5066518898628e-64	0.45818661828733	1399.9271930317	0.10177022295718	n116	/public4/group_crf/home/cuirf/deepsea/cellpaper/hyphy/Relax_Macrourus_sp/hyphytmp/56465545/	0
N1.HOG0026526	Success	OG0013409	85	0.46105920156519	-7781.0910847648	-7629.5166553395	-7629.2449943009	0.614515660102	0.5433220773084	0.00095575516847125	0.43834940409243	0.43844176240108	0.52191518114771	10.157402465178	0.039735414759858	0.013943626195367	0.43834940409243	0.60248919672919	0.52191518114771	4.1560782076461	0.039735414759858	n0	/public4/group_crf/home/cuirf/deepsea/cellpaper/hyphy/Relax_Macrourus_sp/hyphytmp/12066446/	0.745856599142181
N1.HOG0025281	Success	OG0012204	143	0.42137994435858	-14553.228645707	-14392.471740827	-14392.148509117	0.41947248651307	0.64646341972184	0.012574736443187	0.27807744931938	0.20659510326603	0.59566717339843	2.3812077688026	0.12625537728219	0.15951152765642	0.27807744931938	0.51607365971997	0.59566717339843	1.4389844354322	0.12625537728219	n0	/public4/group_crf/home/cuirf/deepsea/cellpaper/hyphy/Relax_Macrourus_sp/hyphytmp/96702017/	0.708347108031351
N1.HOG0021994	Success	OG0009074	201	0.097260732756106	-14543.593867181	-14385.13793553	-14383.76298735	43.84603142858	2.749896359659	0	0.45292614784548	0.18278012451306	0.54366082151132	4001.0883445104	0.0034130306431991	0	0.45292614784548	4.350251557987e-33	0.54366082151132	8.7340559781426e+157	0.0034130306431991	n0	/public4/group_crf/home/cuirf/deepsea/cellpaper/hyphy/Relax_Macrourus_sp/hyphytmp/22617376/	0.244647055453865
N1.HOG0023802	Success	OG0010764	490	0.96442955085476	-47206.387102456	-46436.171587919	-46436.170593529	1.0048151658673	0.0019887786183972	1.1764021970366e-05	0.15661638780085	0.12312854279388	0.81519852052936	7.5469361445522	0.028185091669792	1.1138321147254e-05	0.15661638780085	0.12189297199635	0.81519852052936	7.6207424902947	0.028185091669792	n0	/public4/group_crf/home/cuirf/deepsea/cellpaper/hyphy/Relax_Macrourus_sp/hyphytmp/28387356/	1
N1.HOG0008217	Success	OG0001359	59	0.98680219827373	-4362.1770721303	-4311.7073592216	-4311.707222407	0.99800219155877	0.00027362935543351	0.0017709248948432	0.54850260468653	0.031884381445125	0.26506833588259	1.156994999426	0.18642905943088	0.0017934848485151	0.54850260468653	0.032104621980414	0.26506833588259	1.1566579780835	0.18642905943088	n1	/public4/group_crf/home/cuirf/deepsea/cellpaper/hyphy/Relax_Macrourus_sp/hyphytmp/51745516/	1
N1.HOG0026566	Success	OG0013447	66	0.99083786891046	-5127.1390658912	-5000.521889043	-5000.5218231101	0.99763682502365	0.00013186573778512	0.00027880094749744	0.64908096743273	0.10675694083406	0.31005946323776	6.6807332894083	0.04085956932951	0.00028424618010634	0.64908096743273	0.10732284835973	0.31005946323776	6.6508159599263	0.04085956932951	n0	/public4/group_crf/home/cuirf/deepsea/cellpaper/hyphy/Relax_Macrourus_sp/hyphytmp/52769212/	1
N1.HOG0024818	Success	OG0011749	224	3.103151069439e-11	-24192.25756296	-23522.735908061	-23500.680544136	39.068789630115	44.11072784962	1.8436117596755e-05	0.43927330151625	0.051459956478435	0.46102950844288	1.8311527000491	0.099697190040864	1.0850168195808e-185	0.43927330151625	4.5569013418549e-51	0.46102950844288	18379370434.786	0.099697190040864	n0	/public4/group_crf/home/cuirf/deepsea/cellpaper/hyphy/Relax_Macrourus_sp/hyphytmp/73723693/	2.77667371734177e-10
N1.HOG0010976	Success	OG0002286	202	0.81709329760018	-17613.339965435	-17141.785482076	-17141.758735671	1.1154970754216	0.053492811653996	0	0.40531452009802	0.04201035553119	0.53636068564779	2.2625423122002	0.058324794254191	0	0.40531452009802	0.029131177692038	0.53636068564779	2.4862889093262	0.058324794254191	n163	/public4/group_crf/home/cuirf/deepsea/cellpaper/hyphy/Relax_Macrourus_sp/hyphytmp/48534977/	1
N1.HOG0000792	Success	OG0000065	206	0.09422874415362	-15308.334601041	-15008.160038181	-15006.759735674	7.6884557143567e-06	2.800605014585	0	0.50087858866297	0.011527438123593	0.42535780504085	1	0.073763606296176	0	0.50087858866297	0.9999656868174	0.42535780504085	1	0.073763606296176	n1261	/public4/group_crf/home/cuirf/deepsea/cellpaper/hyphy/Relax_Macrourus_sp/hyphytmp/85711914/	0.238066150670469
N1.HOG0012330	Success	OG0002873	281	0.684303343444	-23996.211793929	-23845.328646223	-23845.245985299	0.8165321283384	0.16532184835523	0.035357115113202	0.87976273562904	0.89586325565804	0.11976744079656	9999999171.5964	0.00046982357440187	0.065280683141462	0.87976273562904	0.91412131003173	0.11976744079656	146325916.85246	0.00046982357440187	n106	/public4/group_crf/home/cuirf/deepsea/cellpaper/hyphy/Relax_Macrourus_sp/hyphytmp/36157995/	0.962247276224953
N1.HOG0024119	Success	OG0011069	162	0.095467356974326	-14457.101883131	-14206.629683782	-14205.239844751	0.26353061770204	2.77967806179	0.00034693918818757	0.3873276591111	0.08312265288368	0.59111791649469	8.2891132224149	0.021554424394207	0.12253236906389	0.3873276591111	0.51917405967014	0.59111791649469	1.746043259716	0.021554424394207	n0	/public4/group_crf/home/cuirf/deepsea/cellpaper/hyphy/Relax_Macrourus_sp/hyphytmp/83832621/	0.240841291162837
N1.HOG0012815	Success	OG0003118	214	0	-15489.613820637	-14989.72839119	-14930.759429997	37.890292368164	117.93792238768	9.3480708158736e-05	0.58419942153893	0.014240480565558	0.32900974363627	1.2800331221616	0.086790834824797	2.1353954305945e-153	0.58419942153893	1.0876995908902e-70	0.32900974363627	11551.620272798	0.086790834824797	n102	/public4/group_crf/home/cuirf/deepsea/cellpaper/hyphy/Relax_Macrourus_sp/hyphytmp/97729718/	0
N1.HOG0025853	Success	OG0012763	144	0.7194564362038	-14956.630412025	-14745.041584918	-14744.977077861	0.43922160934709	0.12901411489293	6.4596825200863e-06	0.46171890751999	0.23983974408557	0.49485393461799	3.9892342157109	0.043427157862024	0.0052545145578739	0.46171890751999	0.53413122892439	0.49485393461799	1.8362155832017	0.043427157862024	n0	/public4/group_crf/home/cuirf/deepsea/cellpaper/hyphy/Relax_Macrourus_sp/hyphytmp/55364579/	0.97493203711678
N1.HOG0013276	Success	OG0003364	278	0.24193221765605	-11466.676556373	-10903.706696855	-10903.022046936	0.57727229231874	1.3692998382685	3.8104858220606e-06	0.36683655938336	0.050575427724153	0.62074122281746	39.851785319719	0.012422217799187	0.00074430357427866	0.36683655938336	0.17857482012106	0.62074122281746	8.3925543019047	0.012422217799187	n105	/public4/group_crf/home/cuirf/deepsea/cellpaper/hyphy/Relax_Macrourus_sp/hyphytmp/77492217/	0.482180452358578
N1.HOG0024256	Success	OG0011206	65	3.5878829909297e-06	-5549.0380514221	-5380.5052781588	-5369.7686243758	48.016230527436	21.473307565993	0.00010484508159893	0.48836624980083	0.0098887807648003	0.36064286725656	1.7706824349913	0.15099088294261	8.3506133186671e-192	0.48836624980083	5.4239046288083e-97	0.36064286725656	821826333646.55	0.15099088294261	n0	/public4/group_crf/home/cuirf/deepsea/cellpaper/hyphy/Relax_Macrourus_sp/hyphytmp/28887777/	2.04783487655057e-05
N1.HOG0025384	Success	OG0012307	57	0.65175727379347	-4003.1921441896	-3954.8107577589	-3954.708911849	0.48837313680878	0.20369181984915	0.016579681454597	0.84482347104944	0.64200891360823	0.15440836912569	9999999171.5964	0.00076815982486908	0.13504821095009	0.84482347104944	0.80539368995563	0.15440836912569	76512.316426072	0.00076815982486908	n0	/public4/group_crf/home/cuirf/deepsea/cellpaper/hyphy/Relax_Macrourus_sp/hyphytmp/97437075/	0.933199263833173
N1.HOG0022227	Success	OG0009296	224	0	-15866.579519327	-15653.882734787	-15618.427282334	3.5288034789676e-06	70.910904906068	0	0.50424788291072	0.084500925236514	0.49212857808052	8764.0613882935	0.0036235390087666	0	0.50424788291072	0.99999128039004	0.49212857808052	1.0000320364546	0.0036235390087666	n0	/public4/group_crf/home/cuirf/deepsea/cellpaper/hyphy/Relax_Macrourus_sp/hyphytmp/82901209/	0
N1.HOG0027106	Success	OG0013945	85	0.15650505984997	-7168.3087621947	-6990.4082755932	-6989.404438351	0.029160379068946	2.0076744842627	3.8151810601924e-06	0.7409324142585	0.9631204499322	0.24307133055494	15.383839007115	0.015996255186558	0.69501620048008	0.7409324142585	0.99890484646843	0.24307133055494	1.0829670855947	0.015996255186558	n0	/public4/group_crf/home/cuirf/deepsea/cellpaper/hyphy/Relax_Macrourus_sp/hyphytmp/48206042/	0.347834014000321
N1.HOG0023927	Success	OG0010883	220	2.2895078856555e-05	-21759.878031594	-21167.479331879	-21158.513379655	3.2815919408316	17.931904448684	5.1706371476251e-05	0.50216347627553	0.14566634303305	0.44830995700723	5.3775017389295	0.049526566717246	8.5822416555152e-15	0.50216347627553	0.0017967446083991	0.44830995700723	249.72802135284	0.049526566717246	n0	/public4/group_crf/home/cuirf/deepsea/cellpaper/hyphy/Relax_Macrourus_sp/hyphytmp/23073156/	0.000116372028034206
N1.HOG0017677	Success	OG0005830	89	0.24516543141492	-6586.4343856889	-6424.6514478605	-6423.9761254826	9.4124174243204e-06	1.3506447558539	0	0.44685398370644	0.083564464525158	0.52348886238684	4.3096554024574	0.029657153906722	0	0.44685398370644	0.99997663736416	0.52348886238684	1.0000137502993	0.029657153906722	n0	/public4/group_crf/home/cuirf/deepsea/cellpaper/hyphy/Relax_Macrourus_sp/hyphytmp/35736756/	0.486942685072619
N1.HOG0008427	Success	OG0001432	180	0.60332794424723	-15254.929560059	-14726.078543088	-14725.943540235	3.2574546748232e-06	0.27000570670134	0	0.40165921010667	0.11912702665454	0.58851489200671	44.363176242372	0.0098258978866164	0	0.40165921010667	0.99999306957777	0.58851489200671	1.0000123536792	0.0098258978866164	n83	/public4/group_crf/home/cuirf/deepsea/cellpaper/hyphy/Relax_Macrourus_sp/hyphytmp/69920991/	0.895092753209621
N1.HOG0007706	Success	OG0001229	240	0.14977326783884	-14385.627417753	-14152.338515482	-14151.301236204	12.520643516179	2.0745585554578	5.348493894953e-05	0.37600456870082	0.073446740415268	0.61264828948535	8.5606648292242	0.011347141813824	3.2712179687635e-54	0.37600456870082	6.3277056150761e-15	0.61264828948535	473798743668.36	0.011347141813824	n108	/public4/group_crf/home/cuirf/deepsea/cellpaper/hyphy/Relax_Macrourus_sp/hyphytmp/65358795/	0.334603997590542
N1.HOG0026699	Success	OG0013573	200	0.22818127118433	-15064.841029972	-14805.049403868	-14804.323322597	0.63564413823001	1.4521625419547	0.00025803739558384	0.54765944365331	0.068649992573585	0.42324526596057	3.1739018645041	0.029095290386121	0.0052372958834066	0.54765944365331	0.18218698539481	0.42324526596057	2.0836989098978	0.029095290386121	n0	/public4/group_crf/home/cuirf/deepsea/cellpaper/hyphy/Relax_Macrourus_sp/hyphytmp/31974151/	0.462282339498442
N1.HOG0002424	Success	OG0000277	308	0.00099539979672625	-18021.698206427	-17639.759245178	-17634.341193442	0.83174275860577	10.836103471993	0.00016828999351068	0.7289220562536	0.12280743190595	0.26645022087094	21.612914942162	0.0046277228754625	0.00072619175606154	0.7289220562536	0.17477093017317	0.26645022087094	12.886594383148	0.0046277228754625	n289	/public4/group_crf/home/cuirf/deepsea/cellpaper/hyphy/Relax_Macrourus_sp/hyphytmp/46746407/	0.00411080973744158
N1.HOG0024828	Success	OG0011759	273	0	-19934.491163637	-19638.628307237	-19596.486884327	0.30802054485182	84.282845821086	3.4957655934547e-05	0.46591862087495	0.083464497734912	0.53017007433957	548.07393028224	0.0039113047854875	0.042395471755392	0.46591862087495	0.46537215258256	0.53017007433957	6.9761968326396	0.0039113047854875	n0	/public4/group_crf/home/cuirf/deepsea/cellpaper/hyphy/Relax_Macrourus_sp/hyphytmp/50469885/	0
N1.HOG0011211	Success	OG0002381	436	1	-16261.519042513	-15790.758829221	-15790.758829221	0.92505526333645	0	0.00013113342522169	0.58169393252762	0.020146695401462	0.41404882457524	10.663607209632	0.0042572428971347	0.00025625382206762	0.58169393252762	0.026995714001925	0.41404882457524	8.9303428929798	0.0042572428971347	n261	/public4/group_crf/home/cuirf/deepsea/cellpaper/hyphy/Relax_Macrourus_sp/hyphytmp/29211492/	1
N1.HOG0024959	Success	OG0011888	76	6.8160699306929e-11	-4419.2588063526	-4356.8491075513	-4335.5635821635	3.0374041427612e-06	42.571050775638	0	0.59545551312327	0.046403529973394	0.40095532443169	9.0003093145175	0.0035891624450326	0	0.59545551312327	0.99999067405933	0.40095532443169	1.0000066739857	0.0035891624450326	n0	/public4/group_crf/home/cuirf/deepsea/cellpaper/hyphy/Relax_Macrourus_sp/hyphytmp/28633484/	6.00513237996431e-10
N1.HOG0016344	Success	OG0005035	91	0.1697724369712	-5733.2079177491	-5612.0037496871	-5611.06127391	41.110202798291	1.8849515541333	1.461308873069e-05	0.476316731281	0.13758457273462	0.51378742256943	719.02614815354	0.0098958461495746	1.6655739320708e-199	0.476316731281	3.8585780863067e-36	0.51378742256943	2.7628245890752e+117	0.0098958461495746	n1	/public4/group_crf/home/cuirf/deepsea/cellpaper/hyphy/Relax_Macrourus_sp/hyphytmp/50956303/	0.373455885680565
N1.HOG0010074	Success	OG0001958	263	0.8180749445263	-17049.206506118	-16663.167203923	-16663.140748942	1.8950963665102	0.052909960628313	9.8442000822028e-05	0.2681529510394	0.049347343456462	0.69901190998423	5.35077869309	0.032835138976367	2.5508845042799e-08	0.2681529510394	0.0033389424508123	0.69901190998423	24.011560701771	0.032835138976367	n1	/public4/group_crf/home/cuirf/deepsea/cellpaper/hyphy/Relax_Macrourus_sp/hyphytmp/76288120/	1
N1.HOG0013044	Success	OG0003240	241	0	-22811.148033073	-22347.800888363	-22265.645456441	50	164.31086384427	3.1038791743759e-05	0.40946198525755	0.015192576546016	0.45345859355234	1.1288317131221	0.13707942119012	3.9376793694613e-226	0.40946198525755	1.2066231638889e-91	0.45345859355234	428.01608871288	0.13707942119012	n2	/public4/group_crf/home/cuirf/deepsea/cellpaper/hyphy/Relax_Macrourus_sp/hyphytmp/39961540/	0
N1.HOG0000883	Success	OG0000070	36	0.9111477853501	-2580.6059193709	-2614.4849026519	-2614.478676387	0.94213149312301	0.012452529626898	0.0037752789090204	0.57362831934674	0.54844618642779	0.37865262442595	3999.398440084	0.047719056227304	0.0052139562520001	0.57362831934674	0.56784518255732	0.37865262442595	2474.87130006	0.047719056227304	n1088	/public4/group_crf/home/cuirf/deepsea/cellpaper/hyphy/Relax_Macrourus_sp/hyphytmp/71169542/	1
N1.HOG0024741	Success	OG0011678	131	0.96424776458391	-9486.182636437	-9262.0202004022	-9262.0191958163	0.99800027525562	0.0020091719125048	0.0013071958226769	0.85769059994302	0.44591871077494	0.14037069747981	1187.6903125627	0.0019387025771755	0.0013246683998981	0.85769059994302	0.44663945799414	0.14037069747981	1170.9939574843	0.0019387025771755	n0	/public4/group_crf/home/cuirf/deepsea/cellpaper/hyphy/Relax_Macrourus_sp/hyphytmp/10234407/	1
N1.HOG0019258	Success	OG0006882	321	0.022123387037297	-23498.071594778	-23116.101316098	-23113.483288603	0.15323873820465	5.236054991663	0.0022945165080806	0.81551631878659	0.79992378821823	0.18320054932461	223.69399046008	0.0012831318888036	0.39405391594599	0.81551631878659	0.96636967157526	0.18320054932461	2.2911739494363	0.0012831318888036	n0	/public4/group_crf/home/cuirf/deepsea/cellpaper/hyphy/Relax_Macrourus_sp/hyphytmp/55106551/	0.0701254223802145
N1.HOG0025504	Success	OG0012427	122	0.89039436410721	-7407.6910255346	-7338.0548126015	-7338.0453174632	1.2386245285879	0.018990276797922	0	0.65705207315082	0.059509055015247	0.33746223539618	3.5031810014427	0.0054856914529935	0	0.65705207315082	0.030350686078476	0.33746223539618	4.7248138497425	0.0054856914529935	n0	/public4/group_crf/home/cuirf/deepsea/cellpaper/hyphy/Relax_Macrourus_sp/hyphytmp/44453630/	1
N1.HOG0014585	Success	OG0004038	320	0.072813404845133	-27951.675122514	-27399.745668062	-27398.136452715	3.810840341804	3.2184306944255	0	0.33451715667439	0.018727129676128	0.50189206182981	1.5044120089984	0.16359078149581	0	0.33451715667439	2.6101389353749e-07	0.50189206182981	4.7415084018126	0.16359078149581	n105	/public4/group_crf/home/cuirf/deepsea/cellpaper/hyphy/Relax_Macrourus_sp/hyphytmp/41224816/	0.192747965368164
N1.HOG0025025	Success	OG0011952	68	0.72881654457122	-5959.3008389895	-5901.9926153502	-5901.9325148287	45.548625103996	0.12020104289331	5.9116286945311e-06	0.42784111728997	0.065807905064122	0.44295916709699	1	0.12919971561303	7.2185334438514e-239	0.42784111728997	1.4934498198075e-54	0.44295916709699	1	0.12919971561303	n0	/public4/group_crf/home/cuirf/deepsea/cellpaper/hyphy/Relax_Macrourus_sp/hyphytmp/42188799/	0.978442283998021
N1.HOG0023398	Success	OG0010386	197	0.075188411361479	-17055.870870153	-16787.200964086	-16785.617986173	0.65596640418485	3.1659558260726	2.0704092246414e-05	0.4358191071421	0.08908688750222	0.54301390593064	5.347164365076	0.021166986927262	0.0008462335201269	0.4358191071421	0.20469777659247	0.54301390593064	3.0034788383516	0.021166986927262	n0	/public4/group_crf/home/cuirf/deepsea/cellpaper/hyphy/Relax_Macrourus_sp/hyphytmp/65869725/	0.198143004829291
N1.HOG0020296	Success	OG0007639	92	0	-6099.0083112133	-5957.4238294658	-5916.6678046482	0	81.512049635186	1.3174729917054e-05	0.57064989184252	0.077238324479636	0.41698155807646	16.742813563007	0.012368550081019	1	0.57064989184252	1	0.41698155807646	1	0.012368550081019	n0	/public4/group_crf/home/cuirf/deepsea/cellpaper/hyphy/Relax_Macrourus_sp/hyphytmp/17942017/	0
N1.HOG0004389	Success	OG0000547	326	0.0061197530879438	-29917.394844177	-29227.044972272	-29223.287623066	1.9212880429979	7.5146984123421	1.0198866173642e-05	0.53505336506083	0.16929573399438	0.41251482924941	5.0137397197784	0.052431805689765	2.570339172729e-10	0.53505336506083	0.032961488149132	0.41251482924941	22.141776605734	0.052431805689765	n249	/public4/group_crf/home/cuirf/deepsea/cellpaper/hyphy/Relax_Macrourus_sp/hyphytmp/74354116/	0.0221341806422894
N1.HOG0027073	Success	OG0013912	111	1	-7592.0949993344	-7457.7450313197	-7457.7450313197	1	0	0.0002349619780866	0.47827198117301	0.075736045132112	0.50793115927564	7.9571060729895	0.013796859551348	0.0002349619780866	0.47827198117301	0.075736045132112	0.50793115927564	7.9571060729895	0.013796859551348	n0	/public4/group_crf/home/cuirf/deepsea/cellpaper/hyphy/Relax_Macrourus_sp/hyphytmp/30701216/	1
N1.HOG0019808	Success	OG0007288	140	0.026558982282297	-11374.572920183	-11267.325228772	-11264.865601756	0.43897130800463	4.9192540324912	5.4504934711554e-05	0.28786860923621	0.099436363503828	0.65816185674886	1.8418005983605	0.053969534014934	0.013440569063168	0.28786860923621	0.36303719237616	0.65816185674886	1.3074765106462	0.053969534014934	n0	/public4/group_crf/home/cuirf/deepsea/cellpaper/hyphy/Relax_Macrourus_sp/hyphytmp/61956358/	0.082213210019795
N1.HOG0021348	Success	OG0008498	45	0.99492492129016	-4099.1258501478	-4058.4124847731	-4058.4124645438	1.002002002002	4.0458641706209e-05	0.00013972833222221	0.15070459417316	0.060170998371449	0.69779767647743	1	0.15149772934942	0.00013726737454974	0.15070459417316	0.059833381558739	0.69779767647743	1	0.15149772934942	n4	/public4/group_crf/home/cuirf/deepsea/cellpaper/hyphy/Relax_Macrourus_sp/hyphytmp/77528634/	1
N1.HOG0008019	Success	OG0001306	51	0.15766960151462	-3127.5548800745	-3099.9588181451	-3098.9606003313	0.67824529888157	1.9964356275259	0.0016886090347133	0.17379713617331	0.029315831650818	0.58079822026109	1.0315187308991	0.2454046435656	0.013169965934452	0.17379713617331	0.091268158176416	0.58079822026109	1.0212705118958	0.2454046435656	n292	/public4/group_crf/home/cuirf/deepsea/cellpaper/hyphy/Relax_Macrourus_sp/hyphytmp/99052696/	0.349517903744667
N1.HOG0019190	Success	OG0006830	168	0.14713167591649	-11280.775876185	-11035.957304926	-11034.906435214	2.205395860324	2.1017394253904	0.00029928807980003	0.53890629647133	0.10108768043935	0.44281077325704	6.4570100475909	0.018282930271634	1.6919292340289e-08	0.53890629647133	0.006382129314281	0.44281077325704	61.156135393327	0.018282930271634	n2	/public4/group_crf/home/cuirf/deepsea/cellpaper/hyphy/Relax_Macrourus_sp/hyphytmp/79744686/	0.330853690084463
N1.HOG0016152	Success	OG0004923	136	0.0036196098037973	-5246.7819008739	-5149.383945423	-5145.1512337035	0	8.4654234388763	1.519940716687e-05	0.49771670684524	0.10276158955818	0.47225230462156	4.2259919380856	0.030030988533191	1	0.49771670684524	1	0.47225230462156	1	0.030030988533191	n0	/public4/group_crf/home/cuirf/deepsea/cellpaper/hyphy/Relax_Macrourus_sp/hyphytmp/63065433/	0.0136370386906223
N1.HOG0012801	Success	OG0003110	180	0.98796741065067	-18795.341829249	-18441.230232406	-18441.230118685	0.99052779437084	0.00022744217130821	0	0.6252002760271	0.40197909683554	0.3580174379092	26.598287786861	0.016782286063704	0	0.6252002760271	0.40546422007516	0.3580174379092	25.784408533596	0.016782286063704	n113	/public4/group_crf/home/cuirf/deepsea/cellpaper/hyphy/Relax_Macrourus_sp/hyphytmp/75971649/	1
N1.HOG0009836	Success	OG0001876	141	9.3866048667124e-07	-9582.5685087118	-9326.1411929517	-9314.1161907602	49.370963219633	24.05000438308	0.0015866275150834	0.59662328397729	0.014826798945469	0.2943987540114	1.265691222733	0.10897796201131	6.0919071980714e-139	0.59662328397729	5.0448514155321e-91	0.2943987540114	112725.06364849	0.10897796201131	n115	/public4/group_crf/home/cuirf/deepsea/cellpaper/hyphy/Relax_Macrourus_sp/hyphytmp/62810759/	5.75935255750425e-06
N1.HOG0025966	Success	OG0012874	144	0.033116466098146	-10010.966641254	-9751.0317395658	-9748.7618655456	2.129726879226	4.5397480404608	0	0.83853100329067	0.71176704821502	0.15026244855042	18.546565881266	0.011206548158909	0	0.83853100329067	0.48475244699859	0.15026244855042	502.40607236144	0.011206548158909	n0	/public4/group_crf/home/cuirf/deepsea/cellpaper/hyphy/Relax_Macrourus_sp/hyphytmp/84740934/	0.0991186215272035
N1.HOG0013260	Success	OG0003356	739	0.002769967823114	-45002.882726665	-42671.849238668	-42667.372680926	1.456007423265	8.9531154841825	2.4506973096419e-05	0.44311247137657	0.0273221567137	0.54070183023526	30.826292841272	0.016185698388166	1.9354035746157e-07	0.44311247137657	0.0052912002956449	0.54070183023526	147.19073200452	0.016185698388166	n128	/public4/group_crf/home/cuirf/deepsea/cellpaper/hyphy/Relax_Macrourus_sp/hyphytmp/76026725/	0.0107422228444918
N1.HOG0023230	Success	OG0010231	183	0.68896132288732	-15660.594276404	-15472.117574399	-15472.037468353	0.4484184964613	0.16021209314931	0.002078646175269	0.85728233494553	0.91194210488202	0.14134815808495	9999999171.5964	0.0013695069695157	0.062696485421199	0.85728233494553	0.95950796100818	0.14134815808495	30491.932414271	0.0013695069695157	n0	/public4/group_crf/home/cuirf/deepsea/cellpaper/hyphy/Relax_Macrourus_sp/hyphytmp/82688980/	0.962339815131735
N1.HOG0002217	Success	OG0000247	505	0.42360921793188	-55547.125054956	-54067.161882899	-54066.841742615	1.2938606169621	0.64028056748793	0	0.31288663130447	0.14528430532634	0.60558090034207	5.1541537329451	0.081532468353462	0	0.31288663130447	0.082419081782024	0.60558090034207	8.3451158803989	0.081532468353462	n72	/public4/group_crf/home/cuirf/deepsea/cellpaper/hyphy/Relax_Macrourus_sp/hyphytmp/89914805/	0.708627688809124
N1.HOG0026939	Success	OG0013794	264	0.12372258638561	-17678.727846123	-17297.128566582	-17295.943790794	0.25405129397508	2.3695515766885	8.6776406660809e-07	0.25735115988159	0.031819667810167	0.66938941453503	1.7123902829171	0.073259425583379	0.028843177245553	0.25735115988159	0.41649317608315	0.66938941453503	1.1464287853898	0.073259425583379	n0	/public4/group_crf/home/cuirf/deepsea/cellpaper/hyphy/Relax_Macrourus_sp/hyphytmp/16602049/	0.293990876086415
N1.HOG0004678	Success	OG0000607	279	0.0034735238801283	-20527.455112839	-20205.141813781	-20200.871621893	0.18843416603601	8.5403837771883	0.00024778775161559	0.51240470903491	0.090222861977214	0.45535338014638	3.8132681606869	0.032241910818715	0.20918061760307	0.51240470903491	0.63554448526581	0.45535338014638	1.2868747537295	0.032241910818715	n286	/public4/group_crf/home/cuirf/deepsea/cellpaper/hyphy/Relax_Macrourus_sp/hyphytmp/82543668/	0.0131733201458287
N1.HOG0026986	Success	OG0013835	47	0.37484202727993	-2769.4568228181	-2755.9829714219	-2755.5891964977	0.27337734872571	0.7875498485073	0.0014184067193957	0.91180456995484	0.99549184472995	0.083533653949555	1454.5452426886	0.0046617760956099	0.16648183287855	0.91180456995484	0.99876554866257	0.083533653949555	7.3218020970064	0.0046617760956099	n0	/public4/group_crf/home/cuirf/deepsea/cellpaper/hyphy/Relax_Macrourus_sp/hyphytmp/40367714/	0.65180020533089
N1.HOG0021630	Success	OG0008747	224	0.42651206996613	-19590.753774991	-19313.80734529	-19313.491194139	0.066608903539236	0.63230230216868	1.1160678548612e-10	0.74424624491297	0.77519151601209	0.25528730407882	633.41921877751	0.00046645100820861	0.21731393866673	0.74424624491297	0.98318140358676	0.25528730407882	1.5368008119425	0.00046645100820861	n0	/public4/group_crf/home/cuirf/deepsea/cellpaper/hyphy/Relax_Macrourus_sp/hyphytmp/27241382/	0.708891745821369
N1.HOG0019663	Success	OG0007183	55	0.00039162064167841	-4325.8076707936	-4270.7707251771	-4264.4848476753	3.7329545731795e-08	12.571755003612	0	0.51573951668171	0.12446297236393	0.483702663364	9999999171.5964	0.00055781995429087	0	0.51573951668171	0.99999992221467	0.483702663364	1.0000008595449	0.00055781995429087	n0	/public4/group_crf/home/cuirf/deepsea/cellpaper/hyphy/Relax_Macrourus_sp/hyphytmp/50542283/	0.00168201065600877
N1.HOG0011638	Success	OG0002563	296	0.72632048856354	-23714.981631227	-23310.104901389	-23310.043642897	0.71622575674434	0.12251698494219	0	0.52698229177943	0.15549372916025	0.432542371317	4.2261830428801	0.040475336903566	0	0.52698229177943	0.26368410145268	0.432542371317	2.8075034401269	0.040475336903566	n125	/public4/group_crf/home/cuirf/deepsea/cellpaper/hyphy/Relax_Macrourus_sp/hyphytmp/95609511/	0.977369341544527
N1.HOG0003838	Success	OG0000480	945	0.00033498509290719	-40226.231774984	-39089.326128571	-39082.894187929	0.25960268608313	12.863881283702	0	0.47333871256519	0.003107213483436	0.39751936126285	3.6749565008983	0.12914192617196	0	0.47333871256519	0.22336380540401	0.39751936126285	1.4019773269054	0.12914192617196	n451	/public4/group_crf/home/cuirf/deepsea/cellpaper/hyphy/Relax_Macrourus_sp/hyphytmp/91756196/	0.00145329391316806
N1.HOG0023211	Success	OG0010212	125	0.99822069439659	-13191.881703295	-13097.832102042	-13097.832099556	0.99923635966465	4.9730369937606e-06	0.00030633618524022	0.27780186036717	0.092124956743898	0.47558782715718	1	0.24661031247565	0.00030823473694006	0.27780186036717	0.092292867643919	0.47558782715718	1	0.24661031247565	n0	/public4/group_crf/home/cuirf/deepsea/cellpaper/hyphy/Relax_Macrourus_sp/hyphytmp/61413359/	1
N1.HOG0016358	Success	OG0005043	354	5.6097352318929e-09	-15296.638666782	-14914.755382478	-14897.772621245	1.0928249390103e-06	33.965522465933	0	0.61938924576453	0.096584882561976	0.37464282216657	16.065350236053	0.005967932068902	0	0.61938924576453	0.99999744570742	0.37464282216657	1.0000030344131	0.005967932068902	n3	/public4/group_crf/home/cuirf/deepsea/cellpaper/hyphy/Relax_Macrourus_sp/hyphytmp/27790987/	4.28334450150756e-08
N1.HOG0006547	Success	OG0000971	91	0.48986750213375	-2187.0865556491	-2128.368751881	-2128.1303432368	0.55728995935638	0.47681728824136	0	0.652135387324	0.13353117701462	0.3391025571913	14.405001844046	0.0087620554846999	0	0.652135387324	0.32560870397679	0.3391025571913	4.4220926755562	0.0087620554846999	n150	/public4/group_crf/home/cuirf/deepsea/cellpaper/hyphy/Relax_Macrourus_sp/hyphytmp/96824997/	0.778531330865664
